battery_level,battery_health,battery_drop_rate,battery_trend,temperature,motor_current,cpu_load,velocity
47.79,39.33,0.0,1.76,101.37,12.69,37.44,1.27
64.42,37.2,0.0,2.06,47.84,6.18,29.3,3.92
30.29,35.55,0.0,2.07,71.75,7.0,26.01,0.54
62.58,37.83,0.0,1.82,101.15,12.23,29.97,1.24
32.23,38.76,1.12,-2.63,48.43,5.96,27.47,3.38
81.95,39.09,0.0,2.2,48.21,4.27,28.75,0.95
80.63,38.07,0.0,2.22,58.32,6.65,37.29,1.28
93.88,37.57,0.0,1.18,50.4,6.35,42.48,1.69
52.96,38.21,1.26,-2.88,48.95,4.42,39.71,0.59
80.86,38.07,1.46,-2.62,47.98,4.68,26.16,0.94
77.53,39.19,0.0,2.25,47.75,6.14,27.09,1.45
59.83,38.03,0.0,1.7,77.79,9.39,44.15,1.22
75.71,37.2,0.0,1.96,50.14,5.27,27.96,1.33
75.88,37.83,0.0,1.91,50.2,4.32,23.88,0.46
23.04,36.9,0.0,2.16,51.88,6.39,29.46,1.18
51.66,37.91,0.0,1.85,47.48,5.46,36.32,1.54
37.72,37.91,0.0,1.77,50.07,5.88,29.97,1.56
91.6,38.7,1.04,-2.09,48.99,4.01,38.13,0.75
63.42,38.68,0.0,2.12,51.32,5.34,26.9,0.94
32.62,38.04,1.38,-2.69,48.53,5.46,43.45,3.31
44.14,38.69,0.0,2.01,50.51,6.13,38.45,1.51
50.08,38.98,1.57,-3.22,50.19,6.67,43.33,1.81
97.93,38.07,0.0,1.04,49.89,6.68,36.2,3.2
30.5,37.57,1.79,-3.24,47.99,6.75,41.25,4.24
96.96,37.51,0.0,1.0,81.57,10.1,33.61,1.43
21.16,37.91,0.0,2.1,48.85,5.74,36.33,1.2
85.17,37.34,0.0,2.16,73.29,7.68,34.33,0.77
48.45,38.11,0.0,2.11,48.22,5.13,35.0,2.33
33.63,37.57,0.0,1.85,49.06,6.1,40.04,1.65
68.52,37.95,0.0,1.9,48.98,5.3,35.77,3.06
42.09,39.33,0.0,2.03,92.07,9.41,30.76,0.73
37.03,37.86,0.0,2.02,48.04,5.63,35.07,1.39
51.59,38.76,0.0,1.94,90.46,10.82,33.9,1.48
23.46,37.34,0.0,1.72,52.24,5.83,35.0,1.62
82.67,36.35,0.0,2.25,47.98,5.18,35.35,1.42
44.64,36.27,0.0,2.0,50.97,7.1,35.82,3.46
79.25,37.59,0.0,1.79,50.97,5.91,43.71,1.55
26.92,38.75,0.0,2.06,82.51,10.87,30.13,1.51
89.03,37.51,0.0,1.81,59.36,5.13,41.56,0.6
95.6,38.03,0.0,0.92,51.36,5.91,32.8,3.7
27.11,38.03,0.0,1.97,48.6,5.41,41.16,1.28
40.98,38.68,0.0,2.16,51.42,6.46,30.18,0.0
79.92,39.09,1.42,-2.93,50.31,5.03,42.83,2.51
36.08,38.76,1.27,-2.79,49.86,3.89,26.59,0.57
89.93,37.81,0.0,0.95,49.2,6.42,42.86,1.81
28.5,45.6,0.0,1.85,53.02,5.87,31.3,1.56
85.35,38.07,1.41,-3.0,50.18,5.33,28.13,2.98
45.79,37.5,1.35,-2.99,92.4,10.52,37.88,0.79
34.28,38.24,0.0,2.13,50.5,5.75,41.01,1.59
63.12,38.35,0.0,1.68,51.72,5.88,36.95,1.54
88.23,38.08,0.0,2.35,48.91,4.85,26.34,1.22
88.75,38.97,0.0,1.93,47.75,5.53,43.46,1.26
77.86,37.83,0.0,1.98,49.01,3.45,25.98,0.58
48.69,45.06,0.0,1.99,51.49,5.25,34.63,0.89
85.79,38.56,0.0,2.1,50.37,5.75,33.71,1.67
97.21,39.19,0.0,0.91,50.85,5.82,38.4,1.22
25.43,37.25,1.47,-3.2,48.77,6.06,39.83,1.59
89.49,38.38,0.0,2.17,50.04,6.42,35.56,0.0
63.39,37.2,0.0,1.98,50.57,6.37,42.04,3.6
83.74,38.65,0.0,1.93,79.41,9.15,35.65,1.17
93.88,38.03,0.0,0.93,50.12,5.76,27.35,1.52
51.93,37.2,0.0,1.8,50.78,6.76,29.0,3.22
62.17,100.0,0.0,2.19,51.21,6.05,28.49,1.57
32.01,100.0,0.61,-1.1,50.22,6.1,31.1,0.0
69.15,38.07,0.0,2.01,49.63,6.48,38.85,1.64
76.69,38.24,1.69,-3.32,82.16,9.65,33.61,1.54
38.51,37.15,1.61,-3.36,50.39,5.16,40.37,0.0
27.28,37.91,0.0,2.13,49.58,5.0,25.65,0.0
61.75,44.43,0.0,2.07,49.32,4.05,38.65,0.63
83.14,100.0,0.46,-1.04,75.38,7.55,35.79,0.95
95.06,39.89,0.0,1.02,50.73,5.65,37.27,1.21
37.24,38.03,1.39,-2.68,48.31,5.5,31.11,0.0
38.17,37.2,0.0,2.19,49.45,5.14,32.6,0.0
60.08,38.4,1.63,-2.77,47.83,5.87,31.68,3.86
90.32,37.96,1.45,-3.18,50.27,4.72,31.49,0.85
34.28,38.58,0.0,2.31,50.65,4.93,30.3,0.61
43.49,36.35,0.0,2.13,49.05,4.93,32.52,2.54
54.75,36.35,1.81,-3.45,48.66,5.62,45.17,1.55
92.21,38.98,0.0,1.01,49.85,5.76,35.35,1.37
94.94,38.03,0.0,0.91,50.27,6.47,45.01,4.18
95.37,36.9,0.0,0.82,50.67,4.02,37.91,0.49
63.09,38.03,0.0,2.15,100.38,11.7,27.84,0.94
47.55,38.98,0.0,2.3,51.0,4.9,34.31,0.78
54.9,38.07,0.0,2.06,67.05,6.78,27.17,0.53
65.02,37.57,1.51,-2.95,47.72,5.51,29.66,0.0
29.54,38.57,1.71,-3.16,47.95,5.92,42.53,1.67
80.08,38.4,1.44,-2.96,50.96,6.74,43.31,4.05
77.54,38.08,0.0,2.04,51.06,6.34,43.02,1.69
62.9,38.56,0.0,1.87,49.83,6.72,35.21,0.0
90.78,37.51,0.0,1.72,47.77,6.67,31.31,3.43
38.09,38.4,1.45,-3.1,51.08,5.22,29.06,0.96
96.08,37.95,0.0,0.92,51.0,5.9,37.84,1.58
35.79,38.18,0.0,2.2,49.92,5.6,43.66,1.61
90.74,38.76,1.68,-2.97,46.89,5.65,30.36,1.5
66.73,37.5,0.0,1.88,104.67,12.79,45.0,1.54
45.15,39.43,1.42,-2.82,47.35,5.67,35.76,1.29
68.74,37.24,1.64,-2.96,63.86,6.2,38.78,0.64
40.2,36.35,0.0,2.08,51.21,5.79,29.26,0.0
34.52,35.55,0.0,2.02,74.26,7.69,32.98,0.93
18.8,36.35,1.6,-2.83,48.51,5.12,39.6,1.14
89.77,38.59,1.4,-2.85,49.13,5.46,36.85,1.52
66.36,38.03,1.68,-3.09,47.18,6.13,35.14,4.34
94.99,37.51,0.0,0.91,74.94,8.29,30.84,1.23
20.02,100.0,0.72,-1.43,49.6,7.28,27.49,0.0
58.14,39.11,1.82,-3.24,51.02,6.03,37.11,1.68
24.8,39.05,1.46,-2.74,48.44,5.64,38.4,1.46
70.12,39.09,0.0,1.86,57.21,6.74,27.4,1.54
60.55,36.35,0.0,2.0,47.52,5.88,40.95,4.0
20.98,39.09,1.5,-3.16,52.46,5.53,30.26,2.29
96.19,38.96,0.0,1.01,49.94,5.75,34.59,1.48
36.06,36.35,0.0,2.16,50.51,6.81,42.84,0.0
19.59,37.2,0.0,-0.59,52.48,5.85,30.36,0.0
59.88,37.2,1.68,-3.45,49.41,5.9,33.4,1.48
81.19,39.18,0.0,1.75,50.4,5.89,44.64,1.31
95.34,38.76,0.0,0.99,49.7,5.64,39.81,1.32
60.08,39.25,0.0,1.92,50.16,6.36,32.55,0.0
36.66,38.76,1.17,-2.5,49.16,3.86,26.55,0.92
83.94,36.9,0.0,1.71,49.43,4.81,28.29,0.76
84.75,39.48,1.25,-2.62,48.09,5.69,43.71,1.22
52.84,37.68,0.0,1.81,47.9,5.08,44.51,1.21
68.41,36.62,1.65,-3.19,47.96,4.9,40.2,1.09
32.78,38.27,0.0,1.97,51.21,5.99,41.12,0.0
56.08,37.2,1.9,-3.8,49.47,6.7,41.15,0.0
62.17,38.07,0.0,2.11,75.58,9.18,46.14,1.43
44.66,37.95,1.74,-3.42,69.27,8.49,36.91,1.8
32.73,39.42,1.39,-2.85,50.72,6.07,29.53,1.69
44.46,37.51,0.0,2.17,51.47,7.5,34.33,0.0
31.05,37.95,0.0,1.69,47.96,5.17,44.5,1.1
55.55,38.13,0.0,2.04,50.22,6.34,31.98,1.92
89.79,36.9,1.67,-3.49,48.94,6.42,41.09,1.65
84.25,38.04,0.0,2.0,51.14,6.49,29.01,1.87
27.59,38.03,0.0,2.07,49.49,4.53,25.96,1.18
40.2,38.97,1.48,-2.84,50.91,4.51,29.97,0.66
49.56,38.65,0.0,1.98,49.84,5.72,41.67,1.6
71.83,37.99,1.75,-3.16,50.74,6.08,33.91,1.43
58.69,39.33,0.0,1.96,50.43,4.78,27.9,0.73
17.66,35.89,1.16,-2.62,50.46,4.3,36.54,0.42
52.52,38.76,1.54,-2.93,60.06,7.89,27.95,1.81
27.88,38.27,0.0,2.02,51.61,7.06,35.3,3.48
37.77,38.27,0.0,2.0,48.43,5.7,27.63,0.0
37.53,36.9,1.51,-2.93,49.85,6.07,43.35,1.18
85.99,38.04,1.69,-3.09,48.88,5.53,45.43,1.56
74.25,35.55,0.0,1.89,47.77,4.64,38.89,0.0
53.5,38.33,1.39,-3.04,48.5,5.8,45.83,1.69
62.93,35.55,0.0,1.96,49.42,6.07,29.62,1.63
59.34,38.24,1.36,-2.61,98.04,12.04,39.29,1.65
32.93,37.51,1.21,-2.43,49.14,4.33,34.63,0.0
81.74,38.76,0.0,2.25,50.59,6.05,35.14,1.39
69.55,37.2,0.0,2.08,48.52,5.2,31.02,1.46
35.64,100.0,0.51,-1.1,49.0,5.74,40.96,1.59
32.43,39.43,0.0,1.85,51.45,6.42,38.8,1.68
61.42,37.5,0.0,2.06,70.6,8.82,35.4,1.5
61.48,38.04,0.0,1.96,64.84,7.98,38.81,1.38
21.07,38.11,1.7,-3.24,51.09,7.34,37.04,3.99
36.96,39.25,0.0,2.19,48.58,6.83,39.23,0.0
74.69,37.34,0.0,1.76,57.25,7.1,44.38,1.83
40.66,37.2,1.76,-3.12,76.83,8.61,40.92,1.03
76.83,38.56,0.0,2.37,48.12,5.77,40.53,3.29
67.62,38.24,1.36,-2.42,89.41,9.25,33.84,0.74
95.61,38.98,0.0,1.11,50.55,6.28,41.31,1.62
23.78,37.83,0.0,2.1,49.65,6.07,38.56,1.44
28.06,39.81,0.0,1.82,50.01,5.41,35.16,1.43
40.67,38.98,0.0,2.01,50.09,6.17,28.88,3.82
94.81,38.09,0.0,1.08,49.48,4.07,31.52,0.4
51.07,37.68,0.0,2.07,48.01,5.49,34.27,1.33
21.8,38.76,0.0,2.0,50.87,6.76,33.12,0.0
74.3,38.98,0.0,2.05,47.67,5.08,45.1,1.18
62.1,38.76,0.0,2.05,51.25,6.69,38.04,0.0
21.68,37.83,0.0,2.21,49.23,5.85,31.11,1.58
87.79,37.9,0.0,1.86,47.89,4.51,33.44,0.93
17.99,39.5,1.6,-3.47,51.84,6.69,46.2,1.61
50.85,38.76,1.72,-3.35,50.89,6.33,33.21,1.65
56.43,38.2,0.0,2.24,50.83,5.6,33.98,3.6
82.75,38.38,1.4,-2.75,50.01,4.01,26.92,0.51
32.8,39.33,0.0,2.22,80.66,10.24,42.57,1.45
36.83,39.9,1.22,-2.66,51.05,4.48,33.53,0.87
28.0,38.57,1.54,-3.24,48.29,6.43,41.9,1.74
36.93,37.15,0.0,1.98,49.93,5.59,39.06,1.54
97.25,38.68,0.0,1.0,51.63,4.75,24.84,0.61
93.95,39.25,0.0,0.97,72.54,8.87,43.24,1.54
77.12,37.34,1.78,-3.28,50.25,5.59,41.19,1.62
95.45,37.5,0.0,0.99,88.6,9.76,43.53,0.64
82.95,38.97,0.0,1.93,50.23,4.55,30.4,0.78
34.95,38.98,1.13,-2.39,49.37,4.17,34.37,0.46
41.1,44.43,0.0,2.07,96.59,10.33,37.87,0.52
54.34,38.03,0.0,1.87,67.01,8.25,33.5,1.83
47.48,38.76,1.54,-3.32,65.67,7.89,45.69,1.8
65.27,37.51,0.0,2.21,50.99,6.54,37.34,0.0
79.1,100.0,0.0,1.89,75.79,9.13,42.64,1.56
20.7,37.5,0.0,2.1,52.9,5.33,27.97,0.97
69.77,37.88,1.41,-2.82,48.54,5.26,27.11,1.34
51.03,37.68,0.0,1.91,47.6,4.94,34.53,1.15
27.96,38.68,1.7,-3.07,48.26,6.5,32.32,0.0
26.06,38.03,0.0,1.9,49.46,4.59,30.8,2.46
36.42,37.68,1.59,-3.15,50.72,4.11,26.09,0.58
97.26,37.34,1.26,-0.69,48.59,3.78,39.6,0.46
81.23,37.99,1.53,-3.28,49.07,5.96,39.97,1.57
36.44,100.0,0.4,-0.89,48.57,4.39,36.56,1.23
44.93,35.55,0.0,2.23,92.77,11.42,39.19,1.86
27.02,37.83,0.0,2.31,50.66,6.14,27.16,1.36
46.18,38.15,1.72,-3.49,49.95,6.1,35.21,0.0
43.43,36.9,0.0,1.76,49.64,5.98,40.25,3.2
54.85,38.66,0.0,1.8,50.65,6.14,41.65,1.87
47.14,37.5,1.64,-3.01,90.94,10.72,26.44,1.01
54.45,39.09,0.0,2.18,90.71,11.13,27.69,1.58
82.22,36.9,0.0,2.28,48.95,5.96,40.05,1.16
48.78,38.18,0.0,2.11,59.37,6.05,42.31,0.95
82.72,37.57,0.0,2.04,50.57,4.92,34.65,0.66
97.88,37.5,0.0,0.88,52.08,4.73,28.11,0.71
49.7,39.11,1.05,-2.29,49.44,3.88,32.49,0.44
91.98,37.5,1.55,-3.2,49.5,5.9,44.07,1.57
86.97,35.55,1.62,-2.98,50.24,4.38,39.12,0.71
60.35,38.04,0.0,1.96,62.77,7.24,44.75,1.45
58.07,38.76,0.0,2.15,50.15,7.23,27.18,4.5
85.7,37.24,1.45,-2.79,47.64,5.24,33.81,1.47
89.71,38.08,0.0,1.76,71.87,8.8,37.5,1.24
64.33,38.07,0.0,2.17,79.05,9.79,43.11,1.55
66.26,38.07,0.0,2.14,48.73,5.7,29.52,1.52
83.21,39.19,0.0,1.9,49.65,6.71,39.88,3.47
73.38,37.93,1.7,-3.33,51.56,6.58,29.61,3.0
37.08,44.43,0.0,1.71,92.22,11.09,30.81,1.13
43.8,100.0,0.0,2.21,50.42,5.29,35.17,0.9
97.82,38.04,0.0,0.95,92.53,10.61,37.0,0.74
74.16,38.12,1.74,-3.31,92.81,11.34,42.11,1.63
33.89,37.74,1.78,-3.32,50.16,5.75,35.34,1.44
91.52,37.51,1.22,-2.64,89.45,10.19,26.32,1.17
51.54,36.3,0.0,1.76,47.16,5.93,40.94,1.68
57.79,39.19,0.0,2.34,49.93,7.33,37.68,4.5
46.85,36.27,0.0,2.21,50.98,6.69,41.55,0.0
84.18,37.68,0.0,2.13,83.97,9.57,36.01,1.01
53.07,45.06,0.0,1.77,50.36,7.38,37.14,0.0
57.03,38.52,0.0,2.12,49.44,5.63,37.53,1.09
68.36,38.68,0.0,2.05,48.83,4.37,44.44,1.14
54.19,36.35,1.76,-3.48,49.24,5.6,42.89,0.94
39.65,36.9,0.0,1.94,49.51,6.49,27.21,3.56
30.26,45.06,0.0,2.05,49.03,7.11,29.37,4.43
96.95,37.2,0.0,0.99,58.76,6.67,45.42,1.43
76.57,37.51,1.91,-3.45,48.79,6.25,31.35,1.66
28.95,37.5,0.0,1.8,50.97,4.86,32.71,0.72
22.76,37.15,1.54,-2.93,49.74,6.79,38.66,0.0
49.3,44.43,1.57,-3.0,50.93,5.4,45.18,1.66
92.98,39.25,0.0,1.03,69.03,8.52,45.69,1.43
78.17,37.68,0.0,1.98,73.76,9.07,35.01,1.34
20.43,37.25,1.94,-3.57,50.23,6.4,28.19,1.83
87.41,36.27,0.0,2.15,50.91,4.66,39.27,0.67
33.58,38.15,1.39,-2.98,48.76,6.31,43.82,4.17
53.7,38.65,0.0,2.22,50.18,5.79,42.66,1.2
96.36,38.65,0.0,0.93,46.9,5.38,37.42,1.24
95.47,38.98,0.0,0.96,71.95,8.79,33.5,1.6
71.79,37.2,1.84,-3.25,91.43,11.25,43.36,1.59
94.49,36.9,1.2,-2.39,65.23,6.09,25.7,0.96
84.75,39.25,1.33,-3.06,98.28,12.33,38.36,1.46
51.77,100.0,0.0,2.04,47.89,5.39,32.5,1.53
95.53,40.2,0.0,0.91,48.47,5.02,37.91,1.37
43.44,38.08,1.7,-3.41,50.01,6.69,40.18,2.68
32.08,38.08,0.0,2.14,49.03,6.38,45.9,4.14
36.7,37.5,0.0,1.77,57.58,6.87,42.79,1.64
76.35,39.02,0.0,2.2,50.19,6.41,43.0,1.58
93.77,44.59,0.0,1.02,50.3,4.13,26.37,0.53
92.36,38.76,0.0,0.92,49.37,5.16,41.73,1.37
90.65,45.06,0.0,1.85,49.91,5.59,32.14,1.62
39.91,37.91,1.23,-2.8,51.24,5.83,26.29,0.0
39.86,39.73,1.25,-2.66,50.61,4.26,36.59,0.61
53.3,38.98,1.69,-3.14,48.56,5.78,40.45,1.72
24.29,38.03,1.57,-3.05,50.39,6.51,45.92,1.55
27.53,36.9,1.52,-2.53,46.54,4.48,29.01,1.2
85.73,35.55,1.23,-2.85,49.49,4.51,35.25,0.54
33.1,39.81,0.0,2.31,51.44,5.78,30.76,1.64
90.49,36.27,0.0,2.08,48.75,4.76,41.79,1.22
47.49,39.33,1.02,-2.07,48.27,4.11,29.85,0.87
78.7,37.89,1.41,-3.26,50.71,4.53,35.63,0.83
88.97,39.19,1.29,-2.41,48.67,5.75,40.39,3.22
22.17,39.36,1.18,-2.62,50.79,4.89,31.69,0.48
64.56,38.35,0.0,2.11,47.7,5.05,27.49,1.26
74.11,36.35,0.0,2.25,49.7,4.96,38.81,0.76
55.55,100.0,0.72,-1.31,49.11,6.62,26.99,4.13
73.22,37.5,1.34,-2.79,64.96,5.87,37.0,0.39
72.32,38.04,1.52,-3.04,50.8,5.62,41.04,1.01
87.57,39.72,0.0,1.47,48.82,5.43,43.52,1.39
86.54,38.4,0.0,2.14,52.24,5.59,40.35,1.09
97.17,38.03,1.27,-0.78,47.88,5.79,28.91,0.0
89.27,39.43,0.0,1.8,47.94,4.17,30.85,1.04
81.99,38.18,0.0,2.13,50.78,5.94,44.91,1.3
67.46,37.26,0.0,1.87,48.1,5.24,35.47,1.26
65.81,36.9,0.0,1.81,49.64,4.64,25.73,3.15
35.98,39.25,1.32,-2.3,48.08,5.15,26.64,1.34
93.34,38.97,0.0,1.09,59.05,6.9,39.07,1.73
48.87,37.5,0.0,2.02,47.9,6.71,41.94,4.42
38.07,37.51,1.44,-3.26,50.89,5.95,40.03,3.31
88.09,38.18,0.0,1.94,47.9,4.52,38.71,1.07
97.01,37.95,0.0,0.93,51.15,5.85,30.08,1.07
85.84,39.19,1.36,-3.01,62.4,7.22,27.66,1.56
97.94,37.5,0.0,0.97,48.58,4.57,41.2,1.28
54.37,37.2,1.79,-3.24,51.81,5.91,43.6,1.51
40.11,37.51,0.0,1.85,50.48,7.04,40.84,3.8
59.52,39.81,0.0,1.8,48.13,4.57,37.42,2.28
39.16,39.81,1.43,-2.85,48.13,5.88,42.75,1.5
48.73,38.98,0.0,1.81,48.53,4.13,26.1,0.91
29.96,39.04,0.0,1.78,51.0,5.13,25.85,0.89
49.28,37.97,0.0,1.7,47.81,5.66,27.54,1.43
47.59,38.68,0.0,1.86,51.15,4.07,33.66,0.89
71.89,38.03,0.0,2.16,63.74,7.64,42.57,1.43
83.01,37.34,0.0,2.18,70.43,8.35,29.45,1.18
69.19,38.14,0.0,2.17,50.33,5.68,36.44,1.55
89.42,38.76,0.0,1.93,49.08,3.87,42.86,0.42
97.76,38.15,0.0,1.07,48.55,4.79,45.53,1.2
53.4,38.12,1.78,-3.3,50.88,4.99,30.5,0.96
77.17,37.89,1.53,-2.94,49.9,4.39,32.24,0.72
25.17,39.09,0.0,1.88,49.01,5.51,43.36,1.08
92.33,39.36,1.46,-3.02,48.28,5.24,41.14,1.33
80.22,38.41,0.0,2.0,49.61,6.03,34.78,1.65
23.62,38.98,0.0,2.09,51.18,6.14,34.67,1.12
92.72,38.07,0.0,0.93,81.56,8.34,24.33,0.42
50.43,39.19,1.47,-3.13,50.45,5.53,26.2,1.37
47.08,37.2,0.0,1.86,49.0,7.23,34.67,3.32
91.51,38.07,1.67,-3.34,51.18,5.98,28.16,1.46
43.97,39.9,0.0,1.77,104.67,13.38,38.75,1.25
73.96,37.95,0.0,1.87,50.25,5.9,27.28,1.71
78.31,38.98,0.0,1.87,48.24,6.31,30.85,3.58
89.25,38.4,0.0,1.73,50.95,4.16,39.09,0.46
18.97,37.34,1.59,-3.58,51.02,7.68,41.33,3.84
65.84,38.08,0.0,2.11,89.96,9.38,34.5,0.51
44.68,100.0,0.0,2.08,50.15,4.66,24.05,0.66
27.65,38.24,0.0,2.07,49.21,5.03,34.57,1.35
92.94,37.24,1.72,-2.98,46.91,4.79,43.9,1.09
56.79,38.03,0.0,1.97,90.26,11.11,28.0,1.46
58.92,37.24,1.32,-2.85,73.85,8.39,46.05,1.43
77.81,39.55,1.65,-3.28,50.61,5.78,46.8,1.71
27.27,37.5,1.36,-2.71,47.85,6.78,44.95,0.0
66.39,36.62,0.0,2.01,48.01,5.76,28.11,1.49
21.86,45.6,1.25,-2.24,50.84,4.54,34.84,0.49
88.88,37.5,0.0,1.81,47.22,3.77,29.64,0.88
59.72,38.08,1.69,-3.0,48.95,6.17,36.59,3.29
24.79,38.12,0.0,2.13,98.34,12.06,41.73,1.33
83.17,38.18,0.0,2.18,50.84,5.45,29.77,0.92
38.6,46.11,0.0,2.12,49.61,5.46,39.61,1.44
26.53,90.22,0.55,-1.14,50.49,4.71,40.17,0.58
40.09,39.19,0.0,1.99,50.98,5.94,43.05,1.62
42.04,39.9,1.55,-3.21,51.93,5.09,25.02,0.99
36.62,38.98,0.0,2.09,49.46,6.59,45.64,4.45
39.57,37.68,1.63,-3.28,51.5,5.23,25.55,0.92
85.99,36.9,0.0,2.06,48.7,4.59,23.61,0.48
40.55,38.03,0.0,1.64,75.41,8.56,29.45,1.11
63.78,38.65,0.0,1.81,49.83,5.47,43.55,1.46
51.49,38.56,0.0,1.9,49.49,5.28,28.63,0.0
57.56,36.9,1.95,-3.79,71.56,8.94,47.18,1.74
73.58,37.99,1.41,-3.33,50.47,5.64,30.21,1.52
40.66,38.03,0.0,2.17,67.46,8.42,42.13,1.62
81.5,35.55,0.0,2.2,48.07,6.6,30.75,0.0
20.17,38.15,0.0,1.68,51.7,5.86,26.65,0.0
80.4,38.98,0.0,2.09,48.39,6.54,31.78,0.0
77.8,37.24,1.87,-3.28,55.97,6.9,26.98,1.52
65.51,37.48,1.15,-2.52,47.82,4.52,41.99,0.85
41.02,36.35,1.74,-3.4,47.74,4.97,28.31,1.32
59.95,37.83,0.0,1.85,96.23,11.19,39.9,1.2
92.42,38.06,0.0,0.94,50.14,6.15,34.31,1.6
39.55,38.18,0.0,1.7,41.66,5.96,30.19,1.46
39.49,39.9,1.18,-2.55,50.4,4.33,27.5,0.58
74.24,37.23,0.0,1.71,48.8,5.27,42.58,1.57
40.48,37.7,0.0,1.93,51.71,6.02,43.53,1.73
85.13,38.09,1.42,-3.25,50.75,7.06,39.03,4.01
32.75,38.03,0.0,2.04,49.81,7.32,47.17,3.54
80.87,38.65,0.0,1.91,74.25,7.96,43.66,1.09
44.68,45.06,0.0,1.89,48.89,5.58,39.12,0.0
42.71,36.9,1.33,-3.03,86.24,9.13,35.01,0.53
55.42,39.25,0.0,1.93,48.79,6.8,40.11,4.18
91.24,44.43,0.0,1.03,50.39,6.64,29.87,3.7
21.3,38.08,0.0,2.03,51.93,6.32,43.85,0.0
81.27,37.51,1.52,-3.18,63.48,7.31,41.86,1.44
90.91,39.25,0.0,1.28,62.39,7.54,30.77,1.37
95.26,38.07,0.0,1.11,87.76,10.35,28.31,1.17
69.15,37.57,1.3,-2.63,49.68,4.83,32.95,3.24
59.13,100.0,0.0,2.01,49.75,5.78,34.02,1.49
46.66,39.25,1.73,-3.31,50.88,5.8,42.28,1.44
31.09,45.06,0.0,1.74,49.47,7.06,37.44,3.89
69.55,38.76,1.51,-3.12,100.45,11.6,27.44,0.86
54.77,39.25,1.58,-3.39,50.42,5.95,31.75,1.67
38.1,39.19,0.0,1.78,50.35,6.36,36.15,1.62
56.04,37.24,1.55,-2.88,77.52,9.63,43.33,1.69
79.4,38.2,0.0,1.76,48.92,4.43,44.27,1.02
94.18,100.0,0.58,-1.17,48.37,6.23,38.5,1.45
89.78,37.5,0.0,1.8,46.78,4.78,30.05,1.14
57.41,38.03,0.0,1.95,51.12,6.21,45.31,1.66
74.26,100.0,0.58,-1.25,50.92,6.67,26.19,3.44
85.86,38.27,0.0,1.75,74.75,9.56,33.32,1.51
85.81,38.97,0.0,1.99,48.65,4.13,25.94,0.92
61.81,38.57,0.0,1.67,50.38,6.05,46.63,1.55
65.19,37.51,0.0,1.95,51.69,5.9,41.79,0.0
68.31,38.09,1.44,-2.79,48.09,6.75,30.73,3.69
78.16,38.3,0.0,2.08,49.79,4.72,26.14,0.78
90.58,37.2,1.27,-2.54,46.68,5.68,34.67,1.33
45.07,38.68,0.0,2.22,51.3,5.69,28.71,2.91
24.44,37.5,1.47,-3.02,48.58,6.25,37.59,1.72
63.12,40.13,1.39,-2.81,49.83,6.18,34.86,1.8
72.51,38.68,1.36,-2.87,51.49,5.02,27.09,0.92
24.44,39.93,0.0,2.07,51.24,5.97,32.45,1.18
41.99,45.6,0.0,2.15,68.91,8.48,36.36,1.33
27.41,37.15,1.35,-2.88,48.85,6.18,38.67,0.0
61.65,39.19,1.2,-2.76,49.09,3.9,30.56,0.43
48.02,37.34,1.67,-3.31,50.01,6.57,43.64,3.6
19.48,37.97,0.0,-0.67,49.99,6.15,41.32,2.05
29.8,38.27,0.0,1.91,52.25,6.36,38.57,3.99
76.25,38.07,0.0,1.61,96.42,10.41,25.25,0.45
66.89,36.53,0.0,2.11,49.65,4.1,43.86,1.01
90.5,39.82,0.0,0.94,48.96,5.99,30.59,1.52
84.84,38.68,0.0,1.89,66.82,7.04,32.28,0.8
52.69,38.03,0.0,1.91,90.23,11.38,27.65,1.53
89.0,39.9,0.0,2.02,48.25,5.82,43.77,1.45
40.51,36.27,0.0,1.96,49.8,6.69,36.04,0.0
77.51,37.38,0.0,1.93,50.13,6.29,28.38,1.3
46.94,100.0,0.0,2.26,48.3,3.92,43.12,0.42
85.48,38.15,1.65,-3.36,52.31,6.55,33.94,1.75
69.37,37.97,1.1,-2.34,49.87,4.05,37.16,0.56
96.88,36.9,1.62,-1.08,63.83,5.95,40.64,0.69
91.54,38.12,0.0,0.93,50.68,5.81,28.09,1.58
51.45,38.08,1.69,-3.53,50.48,6.56,31.62,3.08
24.02,39.9,0.0,2.04,76.22,9.37,41.38,1.24
79.21,100.0,0.58,-1.18,49.73,6.17,44.54,3.47
97.14,38.97,0.0,1.05,71.27,7.17,40.88,0.62
62.42,36.68,0.0,2.03,48.74,3.99,33.65,0.79
70.39,38.27,0.0,2.34,49.98,5.42,27.54,1.45
72.82,38.2,0.0,1.9,51.04,7.21,31.32,4.1
29.52,39.33,0.0,1.71,75.09,9.1,34.69,1.6
81.28,39.09,0.0,1.91,72.3,6.97,37.67,0.84
34.96,38.15,1.59,-2.97,48.18,6.49,42.74,0.0
44.49,39.19,1.48,-2.97,57.28,7.06,45.62,1.63
39.56,39.07,0.0,1.96,48.66,4.57,36.63,1.16
58.83,37.5,1.83,-3.45,48.89,5.71,38.43,1.35
22.56,38.94,0.0,2.15,51.65,5.57,40.21,0.83
39.54,38.4,1.65,-3.16,51.35,6.32,25.96,1.3
40.69,38.55,1.45,-2.69,47.3,5.34,43.28,1.52
80.62,39.25,1.39,-2.79,103.98,13.17,41.76,1.61
45.05,37.15,1.7,-3.36,50.69,6.85,31.16,0.0
18.99,37.2,1.7,-3.57,97.91,12.63,43.22,1.38
56.27,100.0,0.59,-1.21,49.92,6.9,31.12,3.71
66.19,39.09,0.0,1.72,50.83,5.54,34.65,1.36
71.16,37.45,1.41,-2.76,48.07,4.99,45.64,1.42
95.92,38.03,0.0,1.05,49.98,4.44,24.1,0.64
49.42,38.97,1.4,-3.15,50.13,6.63,41.56,1.64
70.15,38.76,0.0,2.02,47.78,5.28,40.51,0.0
41.24,39.02,0.0,1.91,48.02,5.1,33.18,1.35
91.93,37.91,0.0,0.99,49.81,4.19,27.82,0.67
30.14,38.56,0.0,1.83,52.18,5.0,30.77,0.9
52.1,38.24,0.0,2.06,49.43,6.9,27.13,3.16
59.46,39.19,1.15,-2.19,47.71,4.22,38.94,1.04
91.69,38.68,0.0,0.99,49.83,6.24,33.62,1.83
57.45,38.24,0.0,2.26,50.8,6.83,42.23,4.08
38.49,37.97,0.0,2.12,51.56,4.95,38.31,0.86
73.29,37.51,1.57,-3.29,49.64,5.63,29.54,1.49
91.33,38.65,0.0,0.97,94.64,11.71,41.47,1.3
63.24,37.51,0.0,2.02,51.9,6.45,35.44,3.2
87.38,39.25,0.0,1.76,56.77,5.82,31.43,1.18
49.63,38.03,0.0,1.93,48.46,5.74,38.55,1.39
39.84,45.6,0.0,1.96,65.6,6.61,31.44,1.22
60.7,38.24,1.25,-2.74,96.62,11.75,41.48,1.48
29.99,37.34,0.0,2.36,49.37,3.68,30.1,0.97
77.38,100.0,0.65,-1.22,50.1,6.59,43.21,3.5
43.8,38.03,1.45,-3.36,52.38,5.16,36.91,0.86
84.04,39.19,0.0,1.9,50.25,5.71,38.63,3.21
93.5,38.76,0.0,1.14,53.27,5.93,27.47,1.56
28.6,39.21,0.0,1.94,50.29,6.64,33.48,0.0
59.18,38.99,1.88,-3.37,50.73,6.35,35.98,1.74
89.78,38.97,0.0,2.15,48.46,5.57,40.98,1.39
77.24,38.68,1.7,-3.6,75.05,8.99,37.09,1.41
96.81,37.5,0.0,0.9,91.71,10.36,36.86,1.0
84.23,38.03,0.0,1.83,84.35,8.74,30.87,0.5
87.92,39.1,0.0,1.83,50.21,3.91,31.97,0.5
57.94,100.0,0.0,1.83,49.76,5.85,37.2,1.4
64.47,38.76,0.0,2.09,50.71,5.77,33.16,1.2
79.75,39.09,0.0,2.05,49.58,4.06,24.97,0.57
26.41,36.35,1.91,-3.5,50.52,7.0,44.97,0.0
21.55,38.98,0.0,1.93,50.43,7.43,43.98,0.0
46.62,37.34,1.41,-3.07,50.5,6.79,28.7,0.0
74.93,36.35,0.0,1.99,49.37,4.37,29.12,0.66
50.3,37.5,0.0,1.8,80.09,8.26,40.4,0.51
19.98,37.68,0.0,-0.62,51.22,7.12,33.07,3.33
82.51,38.03,1.97,-3.51,49.5,6.36,41.56,4.11
38.03,38.26,1.87,-3.32,48.68,6.51,35.37,1.79
59.86,38.56,1.17,-2.48,63.35,5.93,39.05,0.53
90.9,37.95,0.0,0.89,48.85,6.76,37.03,0.0
92.57,100.0,0.0,0.95,99.9,12.99,32.81,1.84
93.43,42.48,0.0,1.11,51.69,5.71,35.4,1.12
31.88,38.12,0.0,2.15,49.5,6.11,32.22,1.45
92.78,38.65,0.0,0.9,98.92,10.86,42.21,0.63
65.45,38.11,1.2,-2.55,47.95,5.52,32.5,1.22
55.7,37.5,1.7,-3.13,49.23,5.79,40.48,0.0
19.93,37.5,1.84,-3.8,50.49,7.36,26.61,4.27
44.95,38.44,0.0,2.22,51.87,6.18,31.64,1.36
89.02,37.57,1.73,-3.58,49.0,5.41,36.09,1.47
81.36,39.19,1.75,-3.19,68.18,8.07,34.43,1.62
77.24,36.53,1.94,-3.96,51.03,6.73,36.32,1.77
93.43,38.04,0.0,0.9,77.35,9.13,31.93,1.38
80.21,38.04,0.0,2.07,94.48,11.78,31.67,1.83
54.91,39.19,0.0,2.0,49.71,6.0,41.67,1.8
36.29,38.75,1.32,-2.89,53.31,6.01,45.61,1.25
79.11,38.07,1.41,-2.47,47.34,5.63,40.95,0.0
61.96,38.24,1.49,-3.1,94.98,11.06,45.56,1.23
88.54,44.43,1.37,-2.84,50.25,5.67,42.85,1.37
69.53,37.49,0.0,1.71,50.02,4.46,31.87,0.56
79.48,38.98,0.0,2.1,48.02,6.09,36.43,3.53
94.85,37.5,1.51,-3.27,100.06,12.88,39.36,1.54
42.33,36.9,1.76,-3.42,49.5,5.88,32.64,1.52
61.42,38.76,1.57,-2.87,48.6,6.36,34.53,3.87
39.44,39.98,0.0,2.05,50.47,5.84,32.86,1.62
89.79,37.51,0.0,1.69,48.07,4.91,32.67,1.24
76.74,38.4,1.88,-3.33,51.17,7.1,33.04,0.0
71.1,38.08,0.0,1.86,49.48,6.2,42.86,1.52
31.75,36.9,0.0,1.79,48.03,5.24,39.99,1.14
35.6,39.19,1.12,-2.35,47.01,4.34,36.45,1.29
25.57,37.53,0.0,1.79,50.37,6.42,39.81,1.65
74.56,38.09,1.45,-2.9,47.66,5.95,29.56,0.0
81.74,44.43,0.0,1.93,50.23,4.95,40.57,3.13
29.58,38.11,0.0,2.03,48.39,5.79,35.37,0.0
23.32,37.68,1.48,-2.84,47.84,6.29,30.75,3.72
95.42,39.27,0.0,0.99,51.13,5.86,33.76,1.33
65.12,39.21,1.48,-3.22,49.01,5.53,37.12,1.67
92.83,37.14,1.34,-2.92,47.11,5.03,36.27,1.21
67.58,37.2,0.0,2.2,49.16,4.89,26.56,2.99
41.54,38.12,1.75,-3.14,69.4,8.19,41.02,1.53
84.06,38.6,0.0,2.04,48.98,5.6,33.17,1.63
79.03,100.0,0.58,-1.13,89.73,11.5,42.26,1.66
22.26,38.46,0.0,2.13,48.88,5.53,42.29,1.45
56.14,38.68,0.0,2.06,53.56,6.51,44.02,0.0
28.14,100.0,0.0,1.8,49.71,5.1,28.57,0.0
38.82,38.27,0.0,2.22,48.46,5.65,32.12,3.51
72.0,38.68,0.0,1.89,88.77,10.62,27.17,1.49
73.88,38.08,0.0,1.84,52.48,5.94,37.32,1.65
70.15,38.98,0.0,1.99,50.2,4.36,33.28,0.45
33.28,37.7,1.83,-3.48,48.44,6.2,43.53,1.75
31.78,37.57,0.0,1.7,47.9,5.79,31.54,1.48
29.73,38.12,0.0,2.2,49.31,5.67,27.92,1.52
43.27,38.82,0.0,2.04,48.85,5.77,42.7,1.59
26.65,38.11,0.0,1.66,50.09,5.86,39.67,3.07
35.27,38.12,1.63,-3.17,76.0,9.36,39.88,1.6
52.24,37.68,0.0,2.29,48.38,5.14,27.67,1.57
46.68,100.0,0.56,-1.07,96.79,11.6,39.8,1.41
23.9,39.33,0.0,1.91,64.0,7.6,43.39,1.13
92.32,38.4,0.0,1.17,48.38,6.05,34.4,1.5
93.24,38.07,0.0,0.94,82.35,8.15,42.89,0.66
48.37,39.9,1.7,-3.29,51.01,6.37,32.15,1.51
91.67,36.62,1.66,-3.18,48.5,5.57,42.55,1.25
84.18,100.0,0.49,-1.08,74.19,7.08,35.2,0.61
59.18,38.07,0.0,2.12,70.4,8.4,30.55,1.23
55.55,39.09,0.0,2.1,92.22,11.31,27.2,1.5
86.15,37.51,0.0,1.9,50.03,4.89,40.11,3.09
83.22,38.27,1.41,-2.79,49.21,3.91,38.0,0.54
85.31,38.38,0.0,1.9,49.44,6.27,34.44,0.0
70.08,38.07,1.29,-2.64,48.47,5.51,35.53,1.5
58.68,37.68,0.0,2.08,50.48,5.73,41.31,1.43
28.32,39.19,1.32,-2.53,72.0,8.38,32.38,1.13
47.15,63.65,1.07,-2.0,51.29,6.15,41.46,1.22
63.28,38.03,1.45,-3.09,47.89,6.56,42.22,0.0
84.63,38.03,0.0,1.98,50.71,5.28,40.17,2.58
90.59,100.0,0.0,1.36,91.19,11.41,28.37,1.68
87.95,38.03,0.0,1.67,88.68,10.23,29.3,1.13
91.37,37.47,0.0,0.96,49.99,5.71,32.58,1.55
62.5,38.24,0.0,2.08,52.01,6.24,42.3,0.0
53.14,35.55,0.0,2.09,104.58,11.48,28.35,0.53
30.12,38.03,1.45,-2.96,49.51,6.26,31.03,3.75
30.49,36.27,0.0,1.84,51.1,5.24,38.82,0.0
27.4,37.93,1.39,-3.08,48.68,5.47,42.92,1.26
45.38,37.95,0.0,1.92,50.84,4.82,36.71,0.78
94.18,38.08,0.0,0.95,86.27,10.87,46.68,1.58
77.38,38.84,0.0,2.02,51.58,5.8,32.37,1.32
52.54,100.0,0.69,-1.19,49.79,6.4,40.0,0.0
64.39,36.62,0.0,1.73,46.8,5.02,45.78,1.4
42.37,38.04,1.69,-3.1,50.02,6.99,35.6,4.26
54.89,38.37,1.65,-3.2,48.53,5.4,26.69,1.48
76.77,38.58,1.52,-3.29,49.46,5.59,45.85,1.55
83.96,45.06,0.0,1.98,49.32,4.96,41.83,1.19
26.35,39.19,1.78,-3.44,48.96,6.18,34.81,1.48
21.39,38.27,1.32,-2.44,49.86,6.45,36.73,3.98
87.49,38.76,0.0,1.76,50.22,4.69,28.34,0.61
56.76,38.07,0.0,2.18,46.76,4.31,36.64,0.95
42.11,38.24,1.16,-2.79,50.71,4.56,35.32,0.66
20.81,38.98,0.0,-0.81,50.63,6.45,28.18,1.56
53.88,38.03,0.0,2.07,91.9,11.86,28.22,1.44
60.41,37.68,0.0,1.73,50.05,5.86,27.81,1.4
61.78,37.95,0.0,2.0,49.83,5.38,37.91,1.03
64.75,39.25,1.53,-2.64,47.84,5.02,41.02,1.34
72.73,39.73,0.0,2.15,51.71,6.16,44.22,1.62
21.1,44.43,0.0,2.23,68.03,6.85,27.01,0.5
84.43,38.16,1.27,-2.89,51.79,4.69,42.39,0.72
37.42,37.97,0.0,2.11,51.52,5.82,42.24,1.21
45.7,39.13,0.0,2.24,50.61,4.36,35.3,0.63
23.19,38.23,0.0,2.01,51.12,5.93,38.73,1.57
56.6,37.68,0.0,2.21,49.54,5.2,42.93,1.56
91.45,38.97,1.23,-2.65,80.37,9.66,42.85,1.52
94.78,37.51,0.0,1.17,49.34,5.51,42.42,1.39
42.46,39.09,1.63,-2.94,49.6,5.42,38.35,1.51
67.45,39.37,1.68,-3.15,50.9,5.17,39.99,0.84
42.84,37.5,0.0,2.06,50.16,5.04,29.7,0.81
21.88,38.07,0.0,2.09,51.99,5.33,33.19,0.78
72.59,38.03,1.36,-3.15,51.02,4.88,29.56,0.87
36.55,39.21,0.0,1.94,50.9,5.54,37.46,2.98
91.44,37.78,0.0,0.91,52.0,4.85,27.87,0.84
67.86,36.95,0.0,2.05,47.66,5.42,42.26,1.44
97.78,38.03,0.0,1.09,50.1,5.17,33.04,0.0
42.44,38.98,1.73,-3.39,88.96,11.33,37.67,1.54
81.65,37.93,1.72,-3.61,50.47,6.54,37.89,4.42
29.49,38.97,1.78,-3.23,51.34,5.89,30.99,1.42
96.98,38.27,0.0,0.99,97.72,12.32,30.37,1.61
33.7,39.09,0.0,1.97,59.93,7.15,32.12,1.72
95.18,39.45,0.0,0.91,50.44,5.95,42.08,1.1
62.84,37.2,1.86,-3.74,100.3,13.17,28.75,1.75
30.08,38.12,1.64,-3.34,81.05,9.89,27.98,1.73
70.07,38.56,1.73,-3.65,54.5,6.15,30.29,1.75
28.72,39.33,0.0,1.97,73.36,9.15,41.99,1.57
94.62,38.08,0.0,0.97,88.38,11.1,40.34,1.55
43.04,38.98,1.81,-3.64,51.34,6.33,30.67,1.79
51.69,38.08,1.54,-2.93,93.19,11.7,29.71,1.51
37.74,37.2,0.0,2.09,48.57,6.29,33.92,1.56
49.82,37.68,1.86,-3.5,50.11,6.17,30.34,1.55
91.86,38.76,0.0,1.03,48.56,6.31,33.79,3.2
52.23,37.62,0.0,2.06,49.17,3.85,42.0,0.71
40.91,38.03,1.15,-2.46,50.02,4.6,36.39,2.42
49.81,37.91,0.0,1.81,47.46,4.87,43.89,1.33
81.0,36.35,1.38,-3.14,87.8,9.48,32.78,0.55
77.0,38.39,0.0,2.06,50.11,5.86,39.6,1.51
48.39,39.25,1.58,-3.16,50.49,5.52,42.04,1.59
53.32,37.68,1.69,-3.12,49.33,5.86,33.59,1.7
89.01,35.55,0.0,2.05,48.55,6.2,35.85,3.13
58.05,37.2,0.0,2.36,51.65,4.67,44.26,0.77
39.39,38.11,0.0,1.89,51.84,6.45,42.41,1.67
60.98,35.55,0.0,2.05,48.9,6.16,40.62,1.63
92.45,39.25,1.51,-3.0,89.48,11.09,36.63,1.26
71.78,38.08,0.0,1.69,97.39,12.19,42.03,1.59
19.6,38.98,0.0,-0.55,103.14,12.98,33.41,1.34
23.36,38.08,0.0,2.06,50.87,4.95,35.7,0.54
53.45,39.09,0.0,2.26,88.96,10.95,28.17,1.61
46.9,38.75,0.0,2.1,49.54,6.35,35.54,1.66
62.04,45.6,0.0,2.3,101.52,12.1,44.12,1.4
43.52,38.07,0.0,1.86,48.09,6.02,30.37,1.78
21.22,38.57,0.0,1.99,51.91,6.25,31.97,0.0
86.31,37.91,1.13,-2.69,49.8,5.11,27.65,0.0
62.93,38.68,0.0,1.85,77.58,9.25,36.64,0.97
31.19,38.08,1.6,-2.98,47.72,6.05,38.07,0.0
23.48,38.68,1.34,-3.09,49.1,6.75,41.65,0.0
47.51,38.76,0.0,1.83,86.93,9.29,24.72,0.62
19.33,36.27,1.75,-3.2,50.46,6.77,37.75,1.44
46.51,37.91,1.5,-2.96,48.28,6.38,27.45,3.37
41.16,39.19,0.0,2.06,51.08,5.7,32.04,1.61
84.06,37.5,0.0,1.74,49.85,5.45,29.65,1.34
54.45,38.99,0.0,1.91,49.69,6.12,47.0,1.76
56.82,38.27,0.0,1.83,49.02,3.96,33.54,0.48
77.73,37.2,1.12,-2.19,85.71,8.57,30.54,0.88
76.65,38.02,0.0,2.2,49.08,5.85,28.16,1.5
79.75,100.0,0.61,-1.15,84.19,10.19,31.91,1.61
62.83,38.65,0.0,1.67,48.36,5.39,37.72,1.19
27.07,38.68,0.0,2.05,48.98,5.24,28.49,2.97
54.85,37.51,0.0,1.83,49.52,5.91,38.71,1.78
39.46,37.2,0.0,2.27,50.55,5.99,40.21,2.68
81.65,38.09,1.72,-3.48,50.86,5.95,25.46,3.34
90.37,38.65,0.0,1.73,91.52,11.7,42.57,1.49
94.9,37.2,0.0,1.14,49.36,5.75,31.44,1.65
72.84,38.09,1.72,-3.17,47.73,6.03,28.43,3.93
82.08,38.29,0.0,1.97,50.55,4.67,27.23,0.64
40.93,45.6,0.0,2.09,66.41,8.15,42.44,1.35
36.02,39.9,0.0,1.88,91.36,11.64,46.05,1.66
81.73,37.95,0.0,1.91,50.89,7.16,28.46,4.5
42.59,38.03,0.0,2.09,50.33,4.34,30.98,0.7
35.89,45.6,0.0,1.93,62.88,6.13,32.9,0.65
84.09,38.12,1.69,-3.13,83.01,9.17,32.44,0.69
49.83,38.11,1.66,-3.53,50.74,7.48,46.93,0.0
70.44,39.21,1.85,-3.72,52.57,5.45,43.64,1.08
81.68,36.9,1.8,-3.34,77.92,10.02,31.29,1.54
28.62,38.98,0.0,2.26,61.01,5.53,28.67,0.59
64.91,100.0,0.59,-1.14,49.68,5.85,35.13,1.62
47.85,100.0,0.0,2.11,48.01,3.98,34.89,0.87
43.77,44.43,0.0,1.76,98.87,11.25,39.52,1.01
59.95,37.86,1.19,-2.71,48.58,4.15,41.38,0.91
69.19,36.27,0.0,1.86,50.55,4.68,39.9,0.68
44.27,37.91,0.0,1.97,49.64,4.21,30.77,0.52
19.37,38.15,0.0,-0.7,51.94,6.83,27.49,2.43
22.15,39.09,0.0,1.72,50.09,4.19,26.22,0.86
89.62,38.2,0.0,1.99,50.4,5.96,43.67,1.62
81.22,38.07,1.48,-2.96,50.95,6.71,35.02,4.47
53.03,36.27,1.88,-3.52,94.66,11.9,31.29,1.49
25.08,38.76,0.0,2.13,52.98,5.9,39.66,0.95
63.28,36.9,1.33,-2.95,94.5,10.41,27.09,0.45
81.25,38.68,1.34,-2.79,50.76,5.82,35.48,1.64
96.43,37.91,0.0,0.94,48.94,5.45,29.85,1.57
23.36,59.49,0.0,1.88,51.11,5.89,38.0,1.36
23.92,35.55,0.0,2.27,63.4,8.17,26.59,1.44
96.61,38.76,0.0,0.86,50.0,4.7,31.9,0.76
37.71,38.15,0.0,1.96,51.55,6.22,43.77,1.6
37.66,38.03,0.0,1.82,62.35,7.73,41.7,1.56
80.27,38.08,1.17,-2.57,49.26,4.23,29.81,0.4
47.46,39.19,1.55,-2.97,54.14,5.84,30.38,1.33
21.76,36.35,0.0,2.13,50.32,5.16,26.45,0.0
72.95,37.15,0.0,2.08,48.9,5.91,44.17,1.5
33.26,37.2,1.74,-3.42,49.28,6.05,34.06,1.74
60.8,38.12,0.0,1.84,48.79,5.67,29.87,3.17
98.07,38.68,0.0,0.82,53.51,4.1,26.31,0.97
94.35,38.68,1.49,-3.02,100.17,12.02,39.21,1.36
41.92,45.06,0.0,2.04,51.58,5.15,32.06,2.85
36.91,38.68,1.47,-2.63,47.94,4.27,24.59,0.82
78.81,37.2,0.0,2.21,48.27,6.72,34.87,0.0
40.16,37.2,0.0,1.99,48.24,5.75,33.98,0.0
73.21,38.57,1.64,-3.36,50.83,5.97,39.43,1.86
88.67,38.76,0.0,1.82,47.52,4.32,25.08,0.96
57.65,38.07,1.45,-3.19,50.23,7.21,39.23,0.0
71.65,39.19,1.5,-3.15,50.16,5.82,25.86,1.27
72.81,42.8,1.08,-2.39,47.56,4.65,44.85,1.14
95.83,38.59,0.0,1.16,49.66,4.67,38.58,0.59
76.91,37.99,1.43,-2.79,50.06,6.15,45.39,1.57
27.48,38.98,1.37,-2.54,90.25,10.83,35.19,1.28
41.09,38.27,0.0,2.27,48.61,6.1,27.22,0.0
95.63,36.54,0.0,0.85,50.44,4.96,34.04,0.91
60.59,39.9,0.0,2.02,50.98,5.73,44.87,1.45
90.41,39.19,0.0,2.01,50.18,5.36,33.25,0.0
42.24,37.97,1.57,-2.74,47.96,5.73,45.27,0.0
20.44,38.68,1.38,-3.04,45.94,7.24,33.33,3.18
49.89,38.98,1.66,-3.31,67.27,7.69,37.14,1.17
77.42,39.19,0.0,2.21,48.87,6.71,39.79,3.66
39.54,39.25,1.19,-2.52,50.04,3.81,35.13,0.5
73.02,38.98,0.0,1.8,48.61,4.86,27.38,1.14
68.98,37.5,0.0,2.25,50.98,5.43,44.56,1.0
32.98,38.4,1.47,-2.58,49.0,4.03,33.75,0.84
58.48,38.68,0.0,1.93,69.56,8.41,27.13,1.41
65.67,37.75,0.0,1.83,47.84,5.12,30.96,1.19
54.11,35.55,0.0,2.13,49.55,4.04,40.67,0.99
48.31,38.68,1.34,-2.63,104.31,12.85,46.67,1.62
45.74,35.55,0.0,1.88,94.77,12.41,44.42,1.93
54.63,44.43,0.0,2.12,50.73,6.07,43.25,1.64
46.09,36.35,1.28,-2.35,47.13,4.36,39.62,1.19
37.93,37.95,1.66,-3.31,74.63,7.51,32.03,0.66
59.91,36.92,1.26,-2.81,47.99,5.17,42.88,1.3
51.75,38.68,0.0,2.06,49.58,7.01,38.31,0.0
68.54,39.25,0.96,-2.08,49.03,3.55,36.21,0.58
65.83,38.01,0.0,1.84,51.34,4.13,31.89,0.58
57.19,38.68,0.0,1.93,50.88,6.65,41.31,0.0
87.93,37.38,0.0,2.1,50.25,4.16,31.46,0.4
91.86,38.68,0.0,0.95,49.95,5.63,35.56,1.49
94.73,38.07,0.0,1.04,86.1,10.42,32.53,1.1
97.3,45.06,0.0,0.97,49.49,5.87,38.31,1.65
52.27,39.09,0.0,2.01,80.68,10.74,28.58,1.51
56.36,39.25,1.81,-3.31,49.86,5.86,36.87,1.64
55.89,38.04,1.44,-3.11,48.69,6.22,29.76,1.56
60.11,38.65,0.0,2.0,48.12,4.65,27.31,1.16
81.59,100.0,0.65,-1.14,48.99,6.22,42.76,3.82
53.73,100.0,0.55,-1.22,49.45,6.03,34.36,4.5
35.0,37.2,1.68,-3.36,49.4,5.68,27.55,1.56
57.66,38.97,1.45,-2.83,49.22,5.4,29.28,1.64
70.54,37.2,0.0,1.78,47.08,5.28,41.19,3.49
90.96,38.03,0.0,0.96,49.72,5.7,38.68,1.52
92.02,39.6,1.81,-3.23,49.81,5.91,33.34,1.65
72.04,37.51,0.0,1.73,48.06,5.37,27.34,1.21
78.51,36.62,0.0,1.92,50.71,5.77,31.61,2.15
30.08,37.57,0.0,1.81,47.19,4.96,28.36,1.2
44.53,37.83,0.0,2.13,71.12,8.84,28.99,1.41
69.21,37.5,0.0,1.69,48.5,5.24,30.04,1.32
55.82,38.65,0.0,2.12,50.42,5.0,42.78,0.78
35.11,38.06,0.0,1.93,49.95,5.84,27.8,1.56
76.07,38.97,1.65,-3.36,95.52,12.14,27.72,1.53
63.71,37.68,0.0,2.34,51.56,6.2,32.92,1.18
56.05,37.15,0.0,2.07,49.77,5.39,30.63,1.46
49.54,37.37,0.0,2.37,47.63,5.83,41.79,1.59
19.5,38.11,1.57,-3.27,51.78,7.48,41.93,4.16
21.6,39.9,1.86,-3.27,68.02,8.79,39.93,1.62
90.64,45.06,1.03,-2.14,47.96,3.75,39.36,0.74
71.16,39.09,0.0,1.84,58.53,6.75,34.76,1.46
66.46,38.03,0.0,2.28,102.93,11.28,32.03,0.57
48.67,38.76,0.0,1.7,48.68,5.21,40.6,3.94
53.42,39.39,0.0,1.96,48.73,6.16,43.1,1.64
75.36,38.98,0.0,2.05,47.88,5.41,31.72,1.19
58.2,38.27,1.42,-2.78,50.4,4.27,24.3,0.61
62.55,38.11,1.34,-2.9,48.56,5.89,28.98,1.48
75.19,37.51,0.0,2.07,88.04,10.2,41.34,1.5
62.85,38.4,1.06,-2.54,48.39,4.97,32.82,0.0
62.65,38.15,1.31,-3.11,48.47,6.74,36.81,2.99
90.17,38.63,0.0,0.89,48.24,3.82,31.2,0.82
65.33,39.09,0.0,2.04,48.87,5.57,32.18,1.34
63.04,36.35,2.01,-3.69,103.13,12.81,27.47,1.48
32.67,39.33,1.66,-3.37,50.09,6.06,28.89,1.66
95.09,36.96,0.0,1.04,47.54,5.44,43.24,1.46
21.87,38.04,0.0,1.79,51.34,6.89,41.3,4.19
29.64,39.19,1.21,-2.21,70.6,7.63,36.35,1.14
39.1,39.19,0.0,1.89,50.58,6.06,34.64,1.54
48.19,39.19,0.0,2.18,50.11,4.29,29.97,0.56
21.69,36.9,1.62,-3.17,47.5,6.02,39.95,1.39
53.76,36.62,0.0,2.07,49.69,5.69,43.01,1.45
39.78,38.11,1.25,-2.66,51.25,4.85,31.69,0.65
48.91,38.03,0.0,2.35,83.31,9.89,41.03,1.17
24.22,36.27,1.69,-3.19,49.23,6.42,40.59,1.44
30.85,39.19,1.0,-1.95,69.72,7.45,27.82,0.92
20.88,45.6,0.98,-2.23,50.03,4.31,38.77,0.7
22.64,45.6,0.0,2.03,48.85,6.0,42.93,1.5
37.2,37.2,0.0,2.02,50.89,6.38,35.55,1.7
21.34,100.0,0.0,1.96,50.6,7.35,27.57,0.0
49.43,38.98,0.0,1.87,49.82,4.16,39.11,0.51
31.83,39.46,1.27,-2.67,47.37,5.03,31.15,1.01
60.77,38.98,1.4,-2.61,48.28,4.22,28.74,0.96
31.03,38.56,0.0,1.85,51.18,4.82,36.72,0.73
41.88,37.15,1.36,-3.17,50.36,5.92,40.75,0.0
54.03,36.35,0.0,1.91,49.77,5.31,31.32,0.0
78.52,45.06,0.0,1.89,49.24,6.49,30.43,3.62
46.39,37.51,1.63,-3.14,50.54,7.03,27.68,4.07
22.38,37.25,1.63,-3.06,49.78,6.17,35.27,1.75
48.35,38.01,0.0,2.14,48.06,5.64,37.75,1.28
28.93,39.09,0.0,2.03,51.63,6.18,39.17,1.53
26.14,38.68,0.0,2.06,49.63,5.05,43.98,3.41
54.66,38.51,0.0,1.99,49.54,5.6,46.04,1.48
69.5,39.25,1.12,-2.2,43.52,4.14,42.67,0.38
61.37,36.3,0.0,1.99,49.52,4.25,29.44,0.46
23.57,37.68,0.0,1.68,51.76,7.38,29.93,0.0
52.15,37.24,2.0,-3.89,82.4,10.76,39.37,1.69
33.3,45.06,1.42,-2.74,48.75,6.29,27.23,1.5
98.33,37.68,0.0,0.98,49.89,3.79,26.61,0.43
44.32,36.9,0.0,1.71,49.98,5.32,42.36,2.39
61.26,37.2,0.0,2.29,47.08,5.22,44.37,3.8
78.71,37.95,0.0,2.12,50.15,6.84,37.77,0.12
67.58,37.93,1.34,-2.95,51.21,5.06,28.59,0.0
32.29,38.76,0.0,2.03,47.79,5.43,33.77,1.35
58.04,37.51,0.0,2.07,50.88,6.68,29.92,1.99
61.51,39.09,0.0,2.11,49.26,4.22,33.06,0.96
35.98,37.15,0.0,2.21,49.07,6.27,44.91,1.6
67.68,37.95,0.0,1.7,48.93,5.16,31.42,1.35
89.53,37.2,1.72,-3.53,98.02,12.64,44.54,1.69
32.36,37.68,0.0,2.03,48.13,5.69,32.79,1.32
47.67,36.35,0.0,2.07,48.4,5.59,37.03,1.41
47.49,39.21,1.07,-2.22,47.29,4.06,28.13,0.85
56.42,38.75,1.7,-3.41,50.67,5.55,29.99,1.56
65.31,38.07,0.0,2.11,48.78,5.6,31.36,1.57
80.75,45.06,1.23,-2.56,55.25,6.85,31.47,1.61
50.99,37.5,0.0,2.2,52.39,5.82,43.45,1.55
34.13,37.68,1.14,-2.61,46.7,5.72,42.33,3.26
48.34,38.08,1.78,-3.11,50.45,6.18,27.1,0.0
56.74,38.07,1.59,-3.25,50.12,4.81,26.11,0.0
90.83,38.76,0.0,1.53,48.15,5.94,44.16,0.0
93.48,38.07,0.0,0.95,48.71,3.82,39.69,0.45
36.35,36.27,1.75,-3.33,51.05,5.26,27.8,0.85
81.28,38.72,0.0,1.99,52.38,6.49,27.29,1.73
55.72,39.33,0.0,1.87,50.0,5.98,29.96,1.6
38.52,39.09,0.0,1.98,49.34,5.36,39.48,0.0
37.13,37.15,1.38,-2.99,50.01,5.01,40.83,3.37
57.02,38.15,0.0,2.16,50.76,5.76,29.03,1.08
29.59,36.35,0.0,1.85,50.21,6.67,30.62,4.11
20.08,37.57,0.0,-0.73,51.06,6.2,45.04,1.43
32.8,38.03,1.4,-2.79,48.59,6.08,38.45,1.7
92.92,38.76,0.0,1.05,51.2,5.87,40.02,1.31
73.42,38.78,0.0,2.14,49.68,5.85,32.04,1.64
93.3,37.57,0.0,1.07,49.75,6.33,33.36,1.85
73.55,39.39,1.38,-3.05,51.78,4.99,33.47,0.83
94.34,37.95,0.0,0.99,50.98,7.07,46.83,3.81
34.7,39.09,0.0,1.99,61.67,7.85,34.83,1.75
51.0,39.33,1.43,-2.86,49.94,4.48,38.93,0.7
22.55,60.84,0.0,2.01,50.92,6.14,35.83,1.5
84.14,39.11,0.0,1.98,59.66,5.71,41.41,1.45
54.37,39.51,1.41,-3.13,50.59,4.97,38.71,0.69
90.58,38.4,1.18,-2.51,49.05,6.12,33.45,0.0
29.57,38.68,0.0,2.14,51.32,5.75,43.88,1.53
60.67,38.03,1.9,-3.58,49.5,6.17,31.09,1.72
20.6,37.68,1.55,-3.04,50.01,7.52,34.77,4.0
35.48,48.41,0.0,1.95,49.26,5.78,46.24,1.47
90.52,39.47,0.0,0.96,48.36,5.55,28.06,1.67
63.31,38.98,0.0,2.11,51.13,5.81,44.83,1.68
53.23,39.09,0.0,2.06,48.44,5.79,43.91,1.65
24.47,36.4,1.64,-3.53,48.51,5.75,33.19,1.33
31.27,39.18,1.45,-2.84,51.13,6.33,33.26,1.51
36.8,37.91,0.0,1.86,50.08,7.01,32.52,4.05
75.09,100.0,0.64,-1.22,99.93,12.72,32.32,1.56
77.67,37.32,0.0,2.04,50.31,5.27,36.37,0.91
85.01,38.5,0.0,1.93,49.02,6.23,29.58,1.69
21.66,37.99,1.48,-3.22,91.7,11.77,32.41,1.67
36.92,37.5,0.0,2.23,49.65,5.04,42.7,1.32
73.32,38.11,1.61,-3.35,50.89,5.05,29.81,0.94
21.65,35.55,0.0,1.98,60.34,7.42,35.78,1.61
92.28,38.18,0.0,0.87,47.98,5.46,27.88,1.61
51.37,36.27,1.66,-3.54,96.04,11.79,45.35,1.65
89.83,38.76,1.32,-2.5,78.15,9.14,33.94,1.03
98.18,38.24,0.0,1.03,59.97,5.11,25.09,0.81
92.93,37.51,0.0,1.06,48.82,6.22,40.8,1.63
25.52,37.91,1.53,-3.02,48.05,3.97,42.81,0.48
78.81,37.5,0.0,2.16,54.06,6.48,42.34,1.22
89.08,38.03,0.0,1.98,89.75,10.58,30.16,1.22
39.13,37.2,0.0,2.07,48.81,4.53,41.93,3.69
23.29,37.2,0.0,2.09,104.89,13.95,46.76,1.84
27.47,36.73,1.58,-2.81,47.45,5.83,36.14,1.37
46.64,44.43,0.0,1.95,48.65,5.41,28.55,1.46
18.52,36.9,1.57,-3.17,48.73,6.26,43.82,1.34
71.42,45.06,0.0,2.14,49.29,4.7,31.83,3.34
19.23,39.58,0.0,-0.67,50.96,5.92,39.37,1.61
43.44,38.76,0.0,2.06,81.75,9.77,30.44,1.59
86.86,37.68,1.6,-3.02,48.12,5.46,31.69,1.55
40.8,45.06,0.0,1.82,52.48,5.28,43.66,3.24
95.46,38.04,0.0,1.05,83.5,10.34,41.87,1.66
91.54,37.2,0.0,1.66,50.7,5.73,34.18,1.66
85.83,38.08,1.74,-3.6,49.08,5.89,30.16,1.55
87.96,37.42,0.0,1.67,47.61,5.12,27.27,1.33
68.42,38.56,1.65,-3.38,56.03,7.08,31.11,1.87
29.5,100.0,0.52,-1.05,50.2,5.78,28.53,1.52
94.69,38.4,0.0,0.91,51.02,7.47,29.74,3.52
23.01,38.68,0.0,2.07,51.27,6.21,41.59,2.72
26.23,100.0,0.5,-0.93,48.95,4.77,25.21,2.84
86.66,38.04,0.0,2.12,101.84,11.42,38.49,0.43
46.56,38.11,0.0,2.16,49.94,3.91,31.1,0.5
33.26,37.99,0.0,2.22,48.96,5.79,44.54,1.46
93.83,37.51,1.08,-2.19,49.3,5.22,39.56,1.2
92.41,38.04,1.72,-3.23,48.8,5.78,38.46,1.67
61.63,36.91,0.0,1.82,51.78,6.38,35.39,1.3
57.58,37.78,0.0,1.95,50.27,5.87,40.16,1.77
30.52,37.25,0.0,1.87,63.86,7.24,43.83,1.34
65.97,39.19,0.0,2.18,51.41,5.91,37.61,1.5
48.61,36.88,0.0,2.24,47.37,4.93,29.11,1.42
88.33,37.57,0.0,1.98,48.36,4.62,26.26,0.93
58.09,39.09,0.0,1.67,96.72,10.44,42.71,0.56
45.77,38.65,0.0,2.06,48.7,5.63,27.34,1.36
91.51,38.76,0.0,1.03,98.0,12.51,33.19,1.31
70.47,38.68,0.0,2.1,48.7,4.87,36.39,1.16
31.0,38.97,1.47,-2.97,48.47,5.53,31.27,1.53
21.7,38.98,1.3,-2.77,97.49,12.03,39.0,1.37
97.95,37.57,0.0,1.17,49.62,4.13,42.37,0.53
84.48,38.03,1.54,-3.03,49.43,6.85,28.55,4.18
28.84,39.9,0.0,2.12,81.49,8.35,41.85,0.62
70.11,38.98,0.0,1.9,49.91,5.18,34.1,3.08
20.6,38.12,0.0,1.8,92.55,10.27,40.92,1.01
71.84,38.65,0.0,2.01,63.29,7.36,27.31,1.48
31.58,44.43,1.6,-2.86,48.53,6.17,29.12,1.59
86.93,45.06,0.0,2.14,49.58,5.58,41.69,1.34
66.22,38.07,1.66,-3.41,49.62,6.18,44.34,0.0
77.88,38.27,0.0,1.85,50.09,5.67,45.67,1.66
81.91,37.49,1.58,-3.21,49.45,5.73,26.41,1.43
40.4,38.11,0.0,1.88,52.12,5.8,27.43,1.55
92.95,38.04,0.0,1.01,48.68,5.32,44.22,1.48
87.43,45.6,0.0,2.02,50.05,5.45,44.02,1.41
44.87,37.51,0.0,1.71,50.52,5.69,37.01,1.08
77.45,38.76,1.44,-3.34,51.46,6.44,34.81,4.18
67.78,45.06,0.0,2.32,49.25,5.81,32.0,1.82
35.37,37.51,1.2,-2.27,38.38,3.96,37.55,0.84
38.77,44.43,1.21,-2.28,48.04,4.84,30.88,1.3
51.89,37.68,0.0,1.88,47.6,5.42,36.02,1.19
49.21,100.0,0.39,-0.9,49.59,4.95,38.42,2.87
89.89,38.65,1.55,-3.28,50.54,6.01,30.01,1.68
79.5,38.76,0.0,1.96,50.29,6.28,34.27,1.63
91.62,100.0,0.0,1.03,95.53,12.43,38.49,1.88
25.47,45.06,0.0,1.81,48.53,5.1,29.16,1.11
56.01,37.54,1.75,-3.37,51.6,5.32,31.86,0.96
78.59,100.0,0.61,-1.19,49.96,6.92,38.96,0.0
91.35,37.82,1.35,-2.68,49.86,4.02,39.27,0.56
61.19,37.51,0.0,2.24,49.5,6.08,37.09,4.31
51.3,37.91,1.52,-3.03,51.07,5.95,37.07,1.61
87.29,38.03,1.49,-3.29,49.53,7.27,35.24,3.48
80.67,38.03,1.74,-3.14,49.96,6.0,29.17,1.75
41.84,38.2,0.0,2.03,48.42,5.69,35.0,0.0
97.29,36.9,0.0,1.05,47.97,4.56,37.16,1.13
34.52,37.25,1.51,-2.85,49.2,3.97,26.16,0.58
95.31,37.24,0.0,1.04,50.02,5.79,43.61,1.45
56.15,38.98,1.76,-3.2,60.7,6.83,37.21,1.24
95.81,38.11,1.43,-2.62,47.09,4.39,39.49,1.23
95.19,37.51,0.0,0.87,50.19,6.29,33.19,1.81
68.07,38.08,1.25,-2.61,74.7,9.05,39.05,1.26
34.72,37.51,0.0,1.97,48.4,5.66,29.88,1.37
95.87,38.15,0.0,0.94,48.26,4.98,41.4,1.07
62.75,37.52,1.15,-2.69,48.58,3.68,35.04,0.97
85.26,39.69,0.0,1.96,51.72,6.07,37.8,1.12
96.68,36.35,0.0,0.93,68.84,7.84,35.3,1.52
63.01,38.04,0.0,1.69,50.82,5.81,41.83,1.26
67.27,37.83,0.0,1.79,50.85,5.87,42.69,1.67
61.05,37.51,1.31,-2.66,82.48,9.71,41.35,1.37
95.82,37.95,1.42,-2.65,48.53,6.58,32.67,3.19
75.08,38.42,0.0,2.25,48.86,5.99,28.66,1.53
80.4,39.09,0.0,1.93,71.01,7.23,32.63,0.5
79.47,39.02,1.27,-2.86,47.73,5.63,43.74,1.58
97.85,38.09,0.0,1.0,47.76,6.92,33.77,0.0
39.64,38.27,1.56,-3.34,50.08,6.41,30.52,1.81
96.49,38.56,1.73,-1.14,52.01,6.32,29.9,1.16
64.73,38.65,0.0,1.9,51.36,6.3,42.71,1.5
74.93,37.95,1.43,-3.42,52.0,5.75,25.76,1.25
54.78,37.3,1.65,-3.29,49.86,5.6,39.22,1.62
79.97,37.39,1.74,-3.45,51.0,6.65,31.75,1.79
95.71,38.87,0.0,0.93,50.59,4.99,38.86,0.71
71.77,37.51,1.39,-2.79,72.51,8.4,41.06,0.82
96.9,38.03,0.0,0.98,48.71,3.87,23.5,0.39
74.4,45.06,0.0,1.97,48.26,6.62,37.71,0.0
90.58,37.81,0.0,0.92,50.24,6.03,39.2,1.85
76.66,38.03,0.0,2.31,50.09,5.52,39.08,1.67
55.06,39.09,0.0,1.83,49.53,5.6,43.76,1.74
91.99,38.98,0.0,1.0,58.42,7.13,30.95,1.62
35.78,38.76,0.0,2.24,48.8,6.52,40.71,3.77
62.95,38.57,0.0,1.94,50.65,5.93,31.32,1.23
59.31,37.88,0.0,2.33,51.74,6.18,37.39,1.47
93.45,37.34,0.0,1.11,88.53,11.04,29.61,1.62
87.72,36.9,0.0,2.09,49.64,3.83,32.11,0.49
26.48,38.12,1.85,-3.61,84.22,10.37,44.9,1.11
49.56,39.33,1.44,-2.87,49.2,4.21,35.42,0.55
53.82,38.03,0.0,2.2,84.47,10.76,32.9,1.56
19.37,37.25,0.0,-1.06,51.26,6.22,28.85,1.34
72.5,38.07,1.11,-2.7,49.65,4.58,26.46,3.01
22.69,39.19,0.0,1.97,90.7,11.38,41.85,1.33
71.69,38.12,0.0,2.2,49.97,5.74,36.84,3.63
32.67,38.03,0.0,1.98,54.86,6.25,40.91,1.54
93.82,38.56,1.23,-2.67,51.3,4.5,37.4,0.75
89.57,39.55,0.0,2.12,47.59,4.61,41.64,1.35
24.29,38.03,1.55,-3.16,50.61,6.98,32.37,0.0
32.54,38.13,1.51,-2.9,50.14,5.71,28.33,1.68
71.54,38.15,1.42,-2.69,48.95,4.78,29.21,0.93
53.62,39.19,1.46,-2.95,96.18,11.58,37.11,1.45
19.51,38.47,0.0,1.84,48.95,4.78,28.79,0.98
18.3,38.28,1.88,-3.47,49.98,6.59,27.9,1.35
20.93,37.95,1.62,-3.28,91.03,12.19,41.13,1.56
46.39,37.31,0.0,1.91,47.94,4.64,26.39,1.07
76.92,43.75,1.31,-2.31,49.55,3.72,42.63,0.39
64.74,38.76,1.26,-2.39,48.43,4.2,28.77,0.91
77.37,38.11,0.0,1.82,60.51,7.68,36.7,1.56
31.99,45.06,1.31,-2.73,49.25,5.96,29.89,1.58
98.47,36.27,0.0,1.02,51.52,4.53,35.9,0.64
77.11,39.05,0.0,2.0,48.42,5.9,33.59,1.62
27.84,37.2,1.52,-2.87,49.01,7.03,36.17,0.0
47.32,38.87,0.0,2.07,50.59,4.14,39.24,0.52
97.1,38.08,0.0,1.05,47.53,4.8,42.95,1.2
21.74,38.12,0.0,2.06,94.14,11.47,30.03,1.18
65.75,38.68,1.38,-2.44,48.79,5.2,36.57,0.0
92.4,38.56,0.0,0.99,47.1,4.48,43.06,1.04
82.31,71.75,0.68,-1.32,48.76,5.85,28.98,1.46
93.42,38.45,0.0,1.02,49.67,3.72,30.79,0.38
93.54,37.68,0.0,0.95,102.36,12.25,39.13,1.38
49.58,38.68,0.0,1.99,52.89,5.7,41.83,1.2
73.2,38.68,0.0,2.16,90.49,11.25,30.12,1.64
76.86,38.71,0.0,1.91,50.77,3.98,41.77,0.53
69.81,44.43,0.0,2.18,49.89,7.26,42.5,0.0
19.27,38.08,0.0,-0.85,51.54,6.5,39.96,3.06
79.07,39.81,0.0,2.0,48.14,4.01,34.45,0.77
90.93,39.22,1.39,-2.86,48.33,5.77,44.02,1.4
30.76,38.76,0.0,2.25,48.48,5.94,28.72,0.0
22.64,38.98,0.0,2.08,51.2,5.99,45.42,1.44
51.55,45.06,0.0,1.9,50.21,3.84,40.43,1.05
56.65,37.16,0.0,2.05,48.18,4.96,45.49,1.22
64.61,36.9,1.63,-3.09,93.51,10.22,38.54,0.57
42.03,37.51,0.0,2.28,50.26,5.64,44.25,1.49
76.72,61.74,1.02,-1.9,49.22,5.9,39.79,1.37
69.06,100.0,0.49,-1.03,48.31,5.55,40.28,1.42
82.85,38.98,0.0,1.97,50.92,6.88,46.05,0.02
39.88,37.2,1.61,-3.13,48.63,5.55,42.23,1.53
59.59,39.08,1.56,-2.96,48.01,5.52,39.29,1.32
94.06,37.2,0.0,1.13,79.35,9.79,38.73,1.13
91.66,37.5,0.0,0.94,75.04,9.33,33.39,1.56
65.42,38.38,0.0,2.27,50.68,6.43,27.24,4.41
89.86,37.38,0.0,0.97,48.18,5.57,35.24,1.49
88.53,38.43,0.0,1.93,49.06,5.98,34.48,1.61
86.82,38.97,0.0,2.15,48.24,4.93,28.04,1.23
94.31,37.51,0.0,0.98,49.95,5.94,40.2,1.49
43.16,37.51,0.0,2.22,50.15,5.68,41.27,1.61
56.79,38.03,1.54,-3.12,49.39,7.48,43.92,4.38
54.23,37.86,1.36,-2.94,40.77,5.45,31.01,1.49
91.52,39.19,0.0,1.11,48.77,4.97,37.94,0.0
32.72,38.76,0.0,1.96,47.75,6.06,32.07,3.3
72.1,37.95,0.0,2.18,49.57,5.95,37.19,1.62
82.99,39.4,0.0,1.74,50.08,6.21,40.0,1.49
93.53,37.5,1.64,-3.35,49.1,5.04,45.01,1.41
73.78,36.68,0.0,2.21,47.37,5.41,43.11,1.2
62.5,38.4,1.53,-3.04,47.27,5.22,34.15,1.09
46.13,38.76,0.0,2.13,49.66,4.06,26.06,0.59
70.35,37.95,1.2,-2.87,50.98,4.81,37.01,0.65
64.0,38.04,1.44,-2.78,48.48,5.3,27.04,1.38
56.62,38.82,0.0,2.15,48.33,5.48,42.68,1.46
62.89,38.12,1.28,-2.58,49.04,4.92,40.7,1.03
96.09,36.68,0.0,1.02,49.07,5.71,38.72,1.62
91.67,37.51,0.0,0.89,48.34,7.08,27.08,3.87
94.2,100.0,0.0,1.06,105.49,13.5,27.42,1.67
79.19,37.03,0.0,2.06,51.53,5.74,31.59,1.17
34.64,37.68,0.0,1.92,50.28,6.94,37.24,3.84
65.7,37.68,0.0,1.99,54.19,5.43,26.1,0.8
77.57,37.2,0.0,1.85,50.41,5.6,40.01,1.03
61.49,38.75,1.54,-2.88,49.41,6.25,35.88,1.49
78.77,39.25,0.0,1.86,50.17,6.1,44.54,1.55
59.93,39.9,1.74,-3.22,48.91,5.8,29.66,1.66
43.7,39.25,1.58,-2.96,51.27,5.27,42.51,0.87
35.71,39.21,0.0,2.02,51.5,6.07,28.46,0.0
39.37,37.68,0.0,1.88,50.98,6.42,33.99,0.0
82.31,37.51,0.0,1.84,50.94,6.53,41.02,0.0
76.94,38.76,0.0,1.9,49.85,6.34,43.0,4.5
25.8,38.56,1.51,-2.62,95.23,11.22,44.83,1.26
97.05,38.03,0.0,1.01,50.11,4.66,41.48,3.05
69.63,38.07,1.79,-3.48,48.96,7.2,31.45,3.96
28.32,36.35,1.59,-3.24,49.73,7.42,36.79,4.24
19.3,39.81,1.47,-2.7,50.19,4.56,36.66,0.39
67.45,36.62,0.0,2.17,48.23,5.76,32.52,1.57
71.13,37.51,0.0,2.09,80.69,9.76,38.16,1.21
56.13,37.51,1.8,-3.17,87.54,10.83,26.1,1.33
75.55,37.5,1.65,-3.29,51.01,4.42,41.76,0.69
96.05,38.08,0.0,0.93,48.44,4.08,33.47,0.42
47.2,38.26,0.0,1.95,48.34,4.63,40.16,1.32
37.98,38.0,0.0,2.2,50.85,5.7,43.89,1.37
36.65,38.03,0.0,1.82,68.58,8.85,32.93,1.77
68.94,39.19,0.0,1.9,49.76,5.17,28.06,2.38
46.52,39.08,0.0,2.0,49.75,4.06,41.19,0.51
67.36,39.09,0.0,2.02,52.13,6.23,27.11,1.37
23.35,38.2,0.0,2.25,49.51,5.89,42.79,1.59
91.66,38.09,1.79,-3.46,48.95,6.74,40.77,0.0
61.08,37.34,1.32,-2.43,48.25,6.08,33.23,0.0
88.99,38.16,0.0,2.18,49.09,5.54,27.65,1.61
46.73,37.97,0.0,2.04,46.72,5.39,33.43,1.44
67.1,38.08,0.0,1.67,47.89,4.86,41.27,0.98
23.87,37.51,1.83,-3.49,48.29,5.52,30.05,1.23
74.59,38.97,0.0,1.92,48.42,5.71,35.4,1.64
36.06,39.21,1.68,-3.09,49.01,6.21,40.18,0.0
89.36,37.34,0.0,2.08,76.07,7.87,33.29,0.99
61.05,37.95,1.68,-3.47,52.6,6.5,27.44,1.7
28.76,37.15,1.53,-2.77,48.42,6.17,36.47,0.0
40.02,37.68,1.64,-3.19,49.72,5.5,43.34,0.0
90.6,38.98,0.0,1.51,48.98,5.26,41.59,1.3
79.23,37.47,0.0,1.94,51.1,5.56,38.27,1.45
88.41,36.27,0.0,2.18,50.41,4.15,29.08,0.57
53.56,36.27,0.0,1.89,47.03,6.04,39.9,4.01
77.87,39.27,0.0,1.85,50.99,5.63,30.4,1.54
29.08,39.33,1.77,-3.59,52.2,6.48,38.52,1.45
62.28,37.5,1.7,-3.09,48.68,5.57,30.34,1.33
73.35,38.27,0.0,1.95,54.23,6.11,35.07,1.21
61.44,38.73,0.0,2.18,51.21,5.9,43.65,1.53
60.5,38.11,0.0,2.35,50.32,5.56,45.14,1.51
87.49,39.09,1.75,-3.09,50.69,5.32,37.34,1.54
88.79,38.98,0.0,1.9,49.31,4.97,30.81,0.0
90.0,36.9,1.63,-3.19,68.95,8.84,30.86,1.48
46.91,37.57,1.68,-3.13,49.53,7.37,34.31,0.0
60.18,39.09,1.31,-2.84,49.47,6.32,37.83,3.51
92.52,38.27,0.0,0.94,87.36,9.5,30.67,0.55
53.59,38.38,0.0,2.12,51.28,5.61,36.0,1.14
91.43,100.0,0.54,-1.12,55.93,7.05,41.65,1.6
35.25,37.83,0.0,1.96,60.27,6.21,41.59,0.89
67.37,38.68,1.36,-2.67,82.8,8.3,33.92,0.95
88.6,37.71,0.0,1.06,50.4,5.21,27.0,1.35
73.17,38.27,1.73,-3.07,49.43,5.35,34.46,1.46
53.35,38.71,0.0,2.03,49.64,5.98,34.07,1.4
23.86,37.5,0.0,2.14,50.84,5.93,27.53,1.54
80.88,38.98,0.0,1.99,50.12,6.63,38.07,3.95
85.96,37.51,0.0,1.95,49.73,4.52,29.5,0.8
52.67,38.68,0.0,2.2,58.07,6.66,43.03,1.61
73.42,38.76,0.0,2.09,48.6,5.24,26.46,1.35
22.54,39.21,0.0,1.97,48.42,6.2,35.51,3.48
92.2,38.08,0.0,1.08,79.86,9.46,44.43,1.34
29.98,37.5,1.6,-3.29,47.08,5.83,28.77,3.84
51.42,39.9,0.0,2.23,48.74,5.0,28.93,1.07
84.54,45.06,1.25,-2.41,48.98,6.15,39.7,1.58
32.06,37.51,0.0,2.01,49.22,5.98,30.77,3.9
45.27,37.91,0.0,1.93,49.27,3.65,32.29,0.51
31.57,38.15,0.0,2.29,49.67,5.94,45.29,1.6
47.9,38.07,0.0,1.76,55.64,6.74,33.4,1.78
94.8,38.04,1.1,-2.39,96.1,11.07,28.1,1.04
85.45,100.0,0.54,-1.14,73.25,8.02,42.18,0.87
65.34,48.89,0.92,-1.73,47.29,4.65,33.85,1.05
63.37,38.24,0.0,1.96,51.65,5.78,43.3,2.9
27.62,38.2,0.0,1.98,50.2,6.2,39.93,1.55
31.81,45.6,0.0,2.13,57.93,6.64,29.68,1.53
84.49,36.9,0.0,2.03,50.69,5.5,41.38,0.97
27.08,38.15,1.87,-3.36,49.7,6.99,29.16,0.2
59.94,39.19,0.0,2.15,50.05,6.46,38.6,0.0
64.91,100.0,0.0,1.91,53.65,5.2,42.78,0.74
39.72,38.03,0.0,1.83,52.47,7.35,36.35,3.51
59.0,37.68,0.0,1.82,49.18,5.79,27.25,1.5
44.5,38.18,0.0,1.87,56.14,5.56,36.63,0.66
88.55,38.11,0.0,1.83,76.24,8.33,31.31,0.77
56.12,100.0,0.0,2.16,49.15,5.61,42.54,1.61
43.96,38.32,0.0,2.0,47.97,4.52,36.18,1.01
50.51,38.03,0.0,2.27,58.89,7.14,42.16,1.39
65.63,100.0,0.73,-1.31,49.69,5.96,41.98,1.58
35.32,37.86,1.5,-3.4,63.99,7.86,26.53,1.27
33.75,37.91,0.0,1.8,50.13,6.44,41.42,0.0
22.13,39.19,1.69,-3.37,79.13,9.99,29.11,1.35
69.78,38.57,0.0,2.16,48.61,5.24,30.22,1.64
40.56,38.75,0.0,2.27,104.26,11.88,40.59,0.67
47.77,38.12,1.48,-2.78,48.51,4.44,33.99,1.21
93.59,38.27,0.0,1.07,89.02,9.3,29.49,0.39
63.14,38.76,0.0,1.91,51.18,7.07,37.08,0.0
21.89,39.19,1.5,-2.88,50.16,6.52,46.26,1.72
74.04,37.51,0.0,1.99,48.28,5.24,34.59,1.42
23.17,38.08,1.73,-3.39,51.93,6.38,46.78,1.79
26.4,38.96,0.0,1.91,50.99,6.15,29.08,1.54
90.03,39.39,0.0,1.05,49.46,5.26,28.38,1.53
89.55,37.95,0.0,1.79,50.08,5.85,29.55,0.0
77.81,38.18,0.0,1.63,50.32,6.28,33.96,1.7
60.62,39.19,0.0,2.14,50.85,6.11,29.75,1.71
70.04,38.68,1.34,-2.96,81.79,8.39,28.97,0.48
83.82,38.03,1.55,-3.12,49.76,5.68,37.49,1.68
20.24,38.98,1.64,-3.24,49.24,6.42,31.18,1.48
43.11,37.5,1.33,-2.68,94.73,10.17,32.48,0.47
43.97,37.5,1.24,-2.65,48.18,5.01,33.43,0.0
32.5,35.55,0.0,2.21,72.99,7.16,34.42,0.37
48.79,37.5,0.0,2.11,48.72,4.57,41.98,1.24
45.58,38.08,0.0,1.89,60.15,5.22,36.75,0.43
73.65,39.14,1.51,-3.26,49.86,5.59,39.8,1.38
83.81,37.34,1.88,-3.46,49.55,5.9,30.62,1.72
94.57,37.28,0.0,0.97,49.16,5.8,34.43,1.7
37.57,35.55,0.0,1.97,78.62,10.02,40.8,1.58
98.38,37.15,0.0,1.0,99.64,10.52,40.29,0.49
45.25,39.15,0.0,1.99,50.71,5.41,41.5,0.95
86.89,38.56,0.0,2.18,50.5,6.0,33.26,1.61
24.35,37.97,0.0,2.12,47.91,6.64,27.71,3.68
35.36,37.51,1.48,-2.71,50.21,4.89,37.45,0.0
17.96,38.7,0.0,1.94,52.05,6.43,46.45,1.64
71.94,39.59,0.0,2.02,47.47,4.69,27.0,1.03
84.86,37.95,0.0,2.14,49.34,4.84,30.44,2.64
20.83,38.11,1.61,-3.11,50.65,6.02,41.23,1.48
76.43,38.98,0.0,2.13,48.21,4.93,34.33,1.18
52.41,37.91,0.0,2.07,47.8,5.58,37.06,1.64
39.87,37.5,0.0,2.04,49.73,5.24,44.3,1.46
66.02,37.34,0.0,2.15,49.89,4.3,30.59,0.64
22.03,35.55,1.81,-3.44,50.86,6.2,33.02,1.68
75.63,38.66,1.71,-3.25,50.22,5.97,39.0,1.79
59.57,36.35,1.64,-3.47,49.16,5.81,34.21,1.42
92.74,37.51,1.42,-2.56,88.95,9.31,31.17,0.83
57.0,37.51,0.0,2.14,50.96,6.53,28.63,1.97
84.07,37.04,1.97,-3.73,49.95,6.36,34.49,1.87
73.88,39.18,0.0,1.87,49.33,5.9,35.12,1.42
88.66,37.93,1.58,-2.88,47.14,4.95,30.38,1.33
34.14,37.51,1.22,-2.69,49.48,4.96,39.33,2.81
73.21,37.51,0.0,2.09,48.36,4.88,31.81,1.38
59.74,45.6,0.0,1.79,98.28,11.82,45.01,1.37
60.49,39.09,0.0,2.22,49.66,4.2,39.72,0.49
79.99,36.11,1.69,-3.22,50.42,6.11,32.23,1.46
69.3,38.76,0.0,1.9,48.77,4.12,25.85,0.87
44.89,38.27,1.78,-3.44,49.36,6.17,28.45,1.61
41.38,38.76,0.0,1.89,78.77,9.9,29.05,1.6
48.86,37.86,0.0,2.26,50.73,5.58,41.57,0.88
71.13,39.19,0.0,2.19,48.1,5.28,26.01,3.72
67.84,36.9,0.0,2.03,48.08,5.66,32.45,3.12
66.2,39.19,0.0,2.05,50.78,5.65,25.92,3.91
20.28,39.65,1.45,-2.92,49.6,5.96,36.44,1.55
24.34,38.08,0.0,1.95,50.8,4.63,39.51,0.41
57.91,37.91,1.54,-2.85,50.26,4.98,35.03,3.17
42.82,38.08,0.0,1.82,52.5,5.57,24.98,2.79
49.33,38.03,0.0,2.09,56.7,7.02,39.48,1.49
63.13,38.68,1.54,-2.86,87.27,11.12,29.38,1.35
39.63,37.91,0.0,1.91,50.25,6.12,44.46,1.51
74.61,38.97,1.47,-3.11,97.33,11.91,45.21,1.08
28.7,38.26,0.0,1.81,50.8,5.96,32.68,1.56
38.06,38.57,1.56,-2.81,49.56,4.49,31.54,0.58
75.46,36.62,0.0,1.83,51.12,6.52,37.9,0.0
59.55,38.08,0.0,2.3,82.15,10.18,43.36,1.75
50.43,37.2,0.0,2.27,48.55,5.33,27.39,0.0
57.27,38.12,1.79,-3.68,51.48,6.39,40.02,1.7
33.63,38.98,1.31,-2.45,48.75,3.55,40.73,0.93
37.51,37.57,1.54,-2.84,49.29,4.73,33.61,2.62
96.77,39.83,0.0,0.86,48.8,5.62,38.33,1.36
80.16,39.81,0.0,2.26,47.3,4.44,25.05,0.98
76.63,38.68,0.0,2.18,52.51,6.35,34.14,1.46
81.07,38.68,0.0,2.23,60.2,6.98,39.23,1.65
67.17,35.55,0.0,2.06,49.92,5.52,36.89,1.4
38.52,37.68,0.0,1.85,50.67,6.41,35.17,0.0
48.18,38.76,0.0,2.05,48.72,4.0,31.72,0.8
69.21,38.98,0.0,1.98,48.9,4.69,42.7,2.48
63.61,38.04,0.0,2.13,68.74,7.68,26.79,1.12
26.05,37.34,1.91,-3.34,48.65,6.65,30.22,4.31
69.87,37.34,1.78,-3.7,51.54,6.17,33.95,0.0
67.65,38.98,1.78,-3.57,64.77,6.77,34.65,0.94
86.07,37.63,1.49,-2.76,47.81,4.06,41.81,0.48
36.45,38.04,0.0,1.93,48.56,6.39,34.69,4.0
65.16,38.98,0.0,1.84,51.67,6.3,42.85,1.72
52.94,37.95,0.0,2.25,48.43,5.49,31.08,1.32
82.16,37.15,0.0,2.11,63.93,7.56,36.08,1.25
75.31,38.98,1.52,-3.25,48.63,5.88,37.12,1.42
70.67,38.08,1.01,-2.34,71.83,7.59,42.19,1.07
66.63,37.95,0.0,1.92,50.25,5.12,24.24,3.4
32.42,38.91,0.0,2.17,50.6,6.01,30.21,1.73
48.97,36.9,1.7,-3.52,80.57,9.72,42.58,1.63
46.91,38.98,0.0,2.27,49.96,4.18,41.61,0.64
93.0,39.19,0.0,0.82,47.69,6.21,31.88,1.53
61.31,38.11,0.0,1.99,50.58,5.71,44.24,1.44
44.41,38.12,1.72,-3.46,49.72,5.2,38.13,1.02
69.34,38.68,0.0,1.9,48.65,5.34,38.67,1.18
50.96,38.04,0.0,1.79,47.48,5.8,26.74,1.42
21.76,37.68,0.0,1.93,48.91,6.77,35.64,0.0
81.49,37.51,1.6,-2.87,100.23,12.9,28.6,1.39
55.34,38.68,1.51,-2.92,96.75,12.22,38.68,1.39
93.9,39.42,0.0,0.99,49.68,5.72,40.85,1.6
95.74,36.73,1.11,-0.69,48.02,3.99,35.13,0.83
46.32,39.25,0.0,1.99,50.83,4.99,36.67,3.42
68.0,39.19,0.0,2.02,50.73,5.29,30.62,0.82
85.88,38.08,0.0,2.14,51.0,3.84,42.3,0.48
74.08,37.5,1.47,-3.11,50.07,4.31,29.89,0.56
91.31,38.24,1.77,-3.14,66.39,7.85,35.51,1.33
82.17,100.0,0.5,-0.97,77.41,9.27,38.16,1.48
30.62,37.95,1.46,-3.07,79.0,9.89,36.91,1.44
78.93,36.9,0.0,2.11,48.38,5.69,34.86,1.28
20.5,38.98,0.0,1.72,50.46,5.48,34.95,1.33
28.31,38.56,0.0,1.85,52.11,5.92,42.67,1.63
55.75,37.36,0.0,2.07,48.08,5.13,31.43,1.25
66.97,35.93,1.98,-3.58,52.57,6.36,26.34,1.21
47.58,37.51,0.0,1.8,49.86,4.27,30.8,0.51
25.97,44.43,0.0,1.91,72.42,9.27,30.21,1.58
93.56,38.98,1.41,-2.74,83.21,8.84,37.0,0.6
88.8,37.2,0.0,1.82,49.76,5.35,39.48,1.35
25.85,38.97,1.79,-3.51,49.29,6.25,33.87,1.6
29.87,47.77,1.1,-2.17,50.04,5.68,39.58,1.59
51.17,39.09,0.0,2.05,48.65,5.62,26.59,1.39
71.71,38.27,1.46,-3.2,49.09,5.98,33.75,1.41
69.67,38.03,1.23,-2.66,48.42,4.51,43.23,0.0
58.62,37.92,0.0,1.98,50.94,5.82,31.19,1.5
86.61,45.6,0.0,2.27,49.69,5.79,34.64,1.36
88.28,100.0,0.63,-1.16,49.69,7.12,30.91,3.43
90.03,36.62,1.64,-3.31,48.76,5.44,28.45,1.36
59.18,38.07,0.0,2.22,46.97,4.78,34.64,1.05
31.66,38.75,0.0,1.85,91.88,10.87,46.24,1.55
84.54,38.04,0.0,2.13,99.72,11.22,36.75,0.83
93.66,37.5,0.0,0.93,52.08,5.96,36.53,1.7
83.89,38.03,0.0,2.05,50.08,4.09,26.31,0.61
96.48,38.03,0.0,1.02,49.18,4.27,25.65,0.54
73.73,37.89,0.0,2.04,48.96,5.57,36.38,1.54
96.25,39.68,0.0,1.16,49.85,6.17,33.52,1.59
27.52,38.07,1.68,-3.51,51.26,5.86,41.13,0.0
61.45,37.5,1.54,-3.36,75.73,9.21,29.4,1.33
47.65,37.67,1.62,-3.13,50.62,6.34,44.6,1.84
43.46,38.75,1.25,-2.31,49.69,3.67,26.62,0.69
91.73,38.4,0.0,1.03,48.05,5.11,44.1,1.51
90.73,37.34,0.0,1.38,79.33,9.12,37.82,1.28
89.91,44.43,1.47,-2.99,49.73,6.03,37.81,1.45
42.61,37.5,1.36,-2.6,47.61,4.56,29.56,2.33
36.29,38.76,1.43,-2.77,75.34,7.79,26.79,0.52
27.99,45.06,1.58,-2.81,50.65,6.18,39.13,1.65
83.59,38.4,0.0,1.8,51.95,6.52,35.16,1.81
55.09,37.51,0.0,2.03,57.99,6.54,26.76,1.35
23.83,35.55,1.63,-3.37,49.29,6.0,28.16,1.54
94.08,38.98,1.16,-2.31,49.54,4.15,24.11,0.36
40.41,39.26,0.0,1.98,49.3,5.37,34.18,1.42
96.93,38.68,0.0,0.93,94.55,11.12,32.88,0.91
20.41,36.51,1.23,-2.64,49.44,4.31,29.6,0.78
56.92,37.5,1.63,-3.07,81.11,10.29,31.12,1.8
85.95,38.98,1.49,-2.77,47.1,5.46,34.52,1.5
78.42,35.55,1.44,-2.81,47.93,4.73,38.06,1.15
42.88,100.0,0.64,-1.25,50.8,6.1,40.04,1.6
64.63,37.83,0.0,2.06,104.04,12.29,33.9,1.45
34.11,39.19,1.29,-2.93,68.56,6.56,25.91,0.56
86.59,100.0,0.64,-1.24,70.73,8.24,33.46,1.43
65.12,38.97,1.4,-2.46,40.65,4.45,41.67,1.33
90.19,37.63,1.53,-3.05,48.02,6.12,36.31,1.55
51.7,38.18,0.0,1.89,63.49,7.27,28.64,1.28
89.14,39.63,1.17,-2.49,47.91,5.3,39.77,1.16
19.17,38.69,0.0,0.03,48.18,4.81,29.89,1.2
33.25,38.68,0.0,2.0,49.99,6.91,33.77,3.79
47.49,39.25,0.0,2.15,50.1,5.03,40.24,0.0
43.34,37.91,0.0,1.85,50.26,4.34,35.65,0.74
64.1,38.76,0.0,2.01,59.3,6.47,42.38,1.07
38.92,38.98,1.35,-2.81,50.72,5.38,38.3,0.87
36.39,38.03,0.0,2.01,50.55,5.8,46.3,1.62
85.2,39.84,0.0,2.19,50.66,5.91,37.44,1.13
29.26,53.14,0.0,1.65,50.54,3.97,30.35,0.44
27.81,39.33,0.0,2.2,71.8,8.99,28.2,1.49
58.5,38.12,1.67,-3.22,54.8,6.73,33.51,1.25
85.98,37.95,0.0,2.09,48.91,4.51,42.15,3.48
45.44,100.0,0.65,-1.24,100.31,12.88,35.27,1.46
29.2,38.68,0.0,2.1,47.68,5.43,35.73,1.32
40.97,38.68,1.22,-2.66,50.09,4.48,42.38,0.57
90.61,38.68,0.0,1.84,72.36,8.46,36.15,1.18
94.42,38.12,0.0,1.12,56.2,4.73,35.72,0.65
47.57,38.65,0.0,1.8,49.14,5.5,29.69,1.53
77.13,39.26,1.6,-3.01,50.76,6.4,42.14,1.81
80.59,38.98,1.32,-2.71,51.47,6.45,40.09,1.8
51.58,39.47,1.73,-3.28,49.41,5.78,38.63,1.51
67.91,37.5,0.0,2.08,50.7,6.11,44.45,1.22
96.65,38.53,0.0,0.94,49.23,4.37,32.23,0.52
19.91,38.03,1.52,-3.0,51.31,6.72,32.29,1.51
34.08,39.81,0.0,2.13,51.04,5.99,31.6,1.79
42.34,38.65,0.0,2.1,50.88,6.03,45.33,1.29
37.06,37.2,0.0,2.16,50.13,5.72,38.41,2.54
91.56,36.35,0.0,0.94,54.27,5.79,36.81,0.96
16.52,39.23,1.32,-2.73,51.64,5.15,24.38,0.41
95.64,38.49,1.52,-0.98,48.1,5.67,37.23,1.36
69.75,39.04,0.0,2.18,52.02,5.71,35.91,1.63
45.22,39.09,0.0,2.12,47.91,6.32,37.08,0.0
77.31,38.03,1.78,-3.4,50.35,6.29,38.49,0.0
58.21,36.82,1.69,-2.95,48.11,5.33,28.38,1.37
94.46,37.5,0.0,0.81,85.88,9.83,37.9,0.93
46.73,38.68,0.0,1.91,50.69,4.59,23.81,0.45
88.78,38.03,1.79,-3.68,49.01,7.06,45.76,4.43
74.85,38.08,0.0,1.88,53.89,6.11,38.08,1.47
69.57,38.03,0.0,1.94,48.03,5.94,36.98,1.71
66.47,38.38,0.0,2.24,50.78,7.09,43.29,0.0
96.15,37.49,0.0,0.91,51.79,5.62,32.62,1.21
43.86,35.55,0.0,2.13,91.0,11.42,34.68,1.72
18.09,38.83,1.05,-2.54,48.38,4.41,38.98,0.84
68.98,38.24,1.06,-2.51,88.79,8.99,35.63,0.42
89.75,38.97,1.7,-2.93,82.4,10.15,30.47,1.51
34.18,44.43,0.0,2.24,87.0,10.48,45.06,1.49
80.07,100.0,0.0,1.97,77.88,9.74,28.26,1.47
22.71,37.68,0.0,1.91,51.56,6.73,40.76,3.21
56.64,39.19,0.0,2.38,49.32,6.92,45.23,4.5
93.93,37.95,1.45,-2.6,48.17,3.64,26.99,0.76
68.57,38.03,1.11,-2.34,48.35,5.34,44.84,0.0
48.39,38.09,0.0,2.09,48.22,5.34,45.99,1.55
49.27,37.51,1.72,-3.36,94.41,12.1,38.5,1.58
68.81,38.56,0.0,1.84,51.61,6.96,36.92,3.61
98.54,38.07,0.0,1.14,99.08,12.59,47.02,1.79
29.08,37.62,0.0,1.89,47.64,4.76,37.79,1.26
90.71,38.08,0.0,1.8,73.84,8.87,45.62,1.41
96.72,38.56,0.0,1.15,49.87,5.58,29.57,1.34
77.56,39.25,1.67,-3.06,50.55,6.12,43.11,1.51
73.52,38.38,1.32,-2.74,48.54,3.99,27.63,0.73
76.1,45.06,0.0,2.15,51.88,5.63,46.87,1.68
71.5,37.68,1.76,-3.26,50.43,4.85,33.51,0.92
42.15,38.15,1.26,-2.76,48.93,4.28,37.33,3.15
38.88,37.57,0.0,2.0,50.96,5.34,28.43,0.83
40.61,37.95,0.0,1.96,49.79,5.85,27.5,1.82
57.21,45.06,0.0,2.3,49.82,5.25,29.47,1.48
67.94,37.5,0.0,2.04,77.92,7.4,37.02,0.91
52.19,38.08,0.0,1.77,69.5,8.43,39.66,1.39
25.05,44.43,0.0,1.92,71.19,8.58,28.7,1.43
85.52,38.95,0.0,1.9,47.83,5.62,33.63,1.49
88.25,36.35,0.0,2.23,49.22,5.81,44.54,1.74
96.59,38.98,0.0,0.98,51.32,6.12,46.78,1.77
43.7,100.0,0.55,-1.11,50.05,6.91,33.9,0.22
21.98,39.9,0.0,2.12,73.15,9.15,31.78,1.53
84.7,39.28,0.0,2.19,47.96,5.17,36.89,1.32
34.6,38.08,0.0,2.08,48.54,5.17,38.19,1.41
73.57,38.11,0.0,2.01,53.15,6.63,27.37,1.69
58.4,38.68,1.68,-3.19,49.21,6.41,32.4,0.0
91.32,37.95,0.0,0.85,49.5,7.25,36.54,0.0
76.46,39.19,0.0,2.11,47.8,5.59,29.41,1.52
62.86,39.19,1.56,-3.14,49.12,4.6,40.66,0.58
22.47,38.6,0.0,2.04,48.47,4.29,38.97,0.88
22.51,38.58,0.0,1.93,52.17,4.57,30.77,0.68
60.08,38.68,1.5,-2.97,49.07,6.96,32.63,0.0
62.53,38.39,0.0,2.13,50.54,5.76,30.07,1.59
73.5,38.97,0.0,1.96,48.27,5.53,42.57,1.53
48.51,39.33,1.06,-2.49,48.71,3.77,32.55,0.44
93.79,38.38,1.68,-2.95,49.83,6.21,28.68,1.6
66.05,100.0,0.65,-1.17,49.71,5.52,28.78,1.6
26.34,100.0,0.0,1.92,50.66,5.59,25.52,2.21
94.15,40.63,1.44,-2.71,49.67,6.14,30.6,1.67
49.79,38.8,0.0,1.94,48.11,5.0,39.73,1.47
66.32,45.06,0.0,1.96,51.67,6.59,39.77,0.0
81.39,39.52,1.37,-2.96,49.24,5.02,31.37,1.43
89.66,38.76,0.0,1.96,51.52,5.12,28.87,1.17
95.19,38.03,0.0,1.07,51.32,6.91,45.65,0.0
71.53,100.0,0.52,-1.1,102.82,11.03,41.18,0.49
50.09,38.75,0.0,2.02,49.95,5.63,29.88,1.42
60.32,39.25,1.65,-3.42,49.57,5.75,30.11,1.56
78.97,37.5,1.62,-3.13,59.71,7.46,29.86,1.12
75.39,39.53,0.0,1.94,52.02,6.25,45.89,1.55
87.13,37.51,0.0,1.81,49.38,4.69,40.95,0.0
96.25,38.68,0.0,1.01,51.38,5.28,28.18,0.96
95.69,38.38,0.0,1.03,47.97,4.89,33.42,1.09
32.3,38.98,1.33,-2.65,47.9,4.74,34.13,1.07
42.56,38.65,0.0,1.72,48.26,5.0,29.44,1.19
57.91,38.98,1.44,-2.99,58.62,7.06,44.04,1.32
95.66,36.79,0.0,1.11,48.42,5.83,39.95,1.47
33.28,49.6,1.17,-2.3,49.12,5.7,30.55,1.29
93.86,38.12,0.0,0.96,55.05,4.63,37.03,0.37
75.96,37.25,1.9,-3.73,51.88,6.36,31.36,1.83
58.2,37.57,1.4,-2.91,48.42,6.57,32.59,0.0
31.58,37.15,0.0,2.09,47.52,4.69,34.87,1.2
66.3,38.11,0.0,2.26,49.97,4.28,37.71,0.46
64.21,37.2,0.0,2.3,48.3,4.68,33.75,1.16
44.67,36.2,0.0,1.85,47.99,5.53,29.22,1.47
94.71,38.68,0.0,1.07,50.93,5.89,37.36,1.66
48.3,37.68,0.0,2.18,48.38,4.04,43.28,0.92
22.56,38.03,0.0,2.0,52.34,5.22,38.09,0.6
34.11,39.19,1.49,-2.61,47.06,5.49,34.2,1.29
84.71,38.56,0.0,2.06,50.35,6.15,31.29,1.46
43.41,37.99,0.0,2.03,50.15,5.61,33.48,1.52
56.15,39.09,0.0,1.9,49.73,6.11,27.46,1.25
79.7,37.99,1.52,-3.05,49.34,5.59,30.16,1.55
53.32,37.95,0.0,1.92,56.71,5.81,33.99,1.46
83.6,100.0,0.58,-1.07,75.03,7.26,26.84,0.56
52.6,37.5,1.55,-3.1,49.33,6.63,33.97,3.13
58.93,35.55,0.0,2.0,48.71,5.65,44.18,1.43
86.14,37.51,1.39,-3.12,58.07,6.91,34.49,1.33
72.25,36.56,0.0,2.16,48.95,5.77,46.22,1.5
67.69,36.9,1.59,-3.39,92.51,10.45,28.7,0.96
70.57,38.11,0.0,2.06,47.92,5.6,38.06,1.47
62.36,37.2,0.0,2.3,47.52,5.96,28.3,3.56
34.17,38.38,0.0,1.94,49.38,6.03,28.88,1.39
58.65,38.76,1.46,-2.67,52.81,6.51,31.74,1.49
65.37,37.5,1.37,-3.19,49.0,5.19,37.72,1.44
84.18,38.07,1.61,-3.52,50.32,6.8,46.39,4.17
30.27,37.2,0.0,2.0,49.6,7.29,27.83,4.46
71.19,37.77,1.33,-3.05,47.97,5.67,31.69,1.69
56.73,38.12,0.0,2.2,51.1,5.25,25.43,3.59
92.23,37.95,0.0,0.92,50.36,6.97,33.81,3.66
82.79,37.51,1.66,-3.35,61.8,6.85,41.12,1.42
72.88,38.03,1.49,-2.88,49.09,4.7,39.33,2.88
73.47,39.09,1.49,-3.09,51.51,6.04,37.91,1.87
54.29,37.51,1.84,-3.64,88.8,10.61,30.91,1.51
53.83,38.4,1.81,-3.49,48.61,5.84,32.59,1.66
66.55,38.76,1.17,-2.45,49.71,3.91,39.3,0.38
94.99,38.07,0.0,1.1,50.93,7.08,36.97,0.0
55.0,39.9,1.75,-3.26,50.95,5.78,26.3,1.27
88.16,38.03,0.0,2.2,48.44,5.11,45.76,1.35
36.59,38.57,1.47,-3.04,49.14,4.08,36.2,0.41
93.31,38.65,0.0,1.03,99.97,11.31,32.59,0.45
49.36,37.51,0.0,1.78,48.1,3.9,30.35,0.77
96.45,37.23,0.0,0.99,49.54,6.01,41.56,1.77
44.5,37.51,1.82,-3.28,100.06,12.39,43.86,1.58
79.44,39.19,0.0,1.91,49.01,6.04,35.09,0.0
56.89,38.56,0.0,1.95,47.32,6.12,30.86,0.0
53.06,37.51,0.0,1.75,54.0,5.92,32.14,1.27
42.04,39.09,0.0,2.33,48.5,5.73,40.06,0.0
26.46,38.08,1.62,-3.29,48.28,6.87,31.71,3.23
44.27,37.34,0.0,2.22,50.26,6.18,36.14,1.77
29.48,39.21,0.0,1.82,50.54,6.32,34.34,3.9
85.03,38.27,0.0,1.73,72.13,9.62,45.2,1.71
28.48,37.95,0.0,2.18,49.86,4.08,27.24,0.46
45.57,38.18,0.0,2.13,57.04,4.83,31.42,0.53
86.67,38.65,1.61,-3.22,50.42,5.87,43.49,1.16
26.76,36.49,1.89,-3.47,48.14,5.51,33.93,1.46
35.98,37.95,0.0,1.86,48.65,5.53,28.1,1.66
64.51,38.44,0.0,2.03,51.12,5.9,30.87,1.37
45.57,37.2,1.08,-2.45,49.73,4.07,41.95,0.81
63.77,35.71,1.5,-3.18,51.6,5.03,34.02,0.76
80.15,38.76,0.0,1.99,81.66,9.95,36.96,1.55
75.92,37.15,1.58,-3.26,50.58,5.76,37.18,1.54
41.66,37.54,0.0,2.06,52.24,5.84,30.7,1.27
91.15,38.18,0.0,0.89,48.43,5.09,35.66,1.23
67.96,38.94,0.0,2.01,48.45,5.5,31.45,1.27
87.09,38.76,1.24,-2.74,80.96,10.0,45.74,1.38
66.03,38.2,0.0,1.75,48.24,7.28,44.02,3.6
97.37,38.68,1.09,-0.58,98.15,10.84,43.54,0.76
92.54,38.98,0.0,0.96,59.97,7.47,39.59,1.68
27.19,39.08,0.0,1.97,50.68,4.56,43.63,0.56
62.69,39.5,0.0,1.72,48.04,4.25,35.68,0.92
96.56,37.15,0.0,1.1,94.37,12.22,31.22,1.23
35.58,39.51,1.56,-3.27,49.82,6.05,30.97,1.58
23.39,37.2,0.0,1.68,51.31,5.28,30.59,2.11
70.07,37.5,0.0,2.16,50.88,4.82,34.74,0.76
57.76,38.27,0.0,1.79,48.02,3.98,25.46,0.86
28.21,45.06,0.0,1.89,48.35,5.88,37.38,1.44
39.48,36.35,0.0,1.87,47.7,6.03,42.47,0.0
42.4,38.07,1.57,-2.91,49.16,6.62,44.25,0.0
90.66,38.24,0.0,1.45,49.13,5.68,46.15,1.43
96.63,38.07,1.72,-1.31,49.78,6.23,37.11,3.65
88.88,38.4,1.69,-2.87,48.77,6.27,39.23,4.05
50.37,37.24,1.78,-3.78,84.2,10.6,30.03,1.52
26.11,37.57,0.0,1.91,49.68,4.41,32.22,0.47
56.27,37.51,0.0,2.14,59.44,6.95,26.78,1.34
93.52,38.46,1.66,-3.2,50.13,5.68,26.86,1.35
83.22,44.43,1.49,-2.66,50.61,6.18,33.0,1.23
93.0,37.15,0.0,0.91,82.98,10.64,43.48,1.61
67.61,37.71,0.0,1.78,48.97,3.85,26.7,0.45
67.05,37.5,0.0,2.33,77.05,7.62,28.97,0.43
26.27,37.51,1.68,-3.09,47.81,6.83,34.12,4.2
92.96,38.68,0.0,0.93,80.59,9.6,33.03,1.58
44.17,38.98,1.66,-3.09,87.66,10.9,28.17,1.64
30.72,36.35,0.0,2.01,50.02,5.77,38.02,3.83
94.08,39.09,1.39,-2.8,49.57,6.07,41.46,1.67
23.55,38.11,0.0,2.34,51.52,7.19,32.33,3.2
80.36,100.0,0.53,-1.16,82.01,10.0,46.06,1.48
24.79,38.36,1.7,-3.03,48.2,6.03,40.76,1.33
67.39,39.25,1.15,-2.11,48.2,3.86,29.67,0.88
91.16,37.5,0.0,1.38,47.56,5.75,41.62,1.67
81.97,36.33,1.69,-3.33,51.73,5.17,25.22,0.95
92.34,38.38,0.0,1.05,50.66,5.81,28.87,0.0
72.91,39.08,1.32,-2.48,50.49,3.9,33.37,0.47
73.89,37.5,0.0,2.14,48.18,4.66,33.15,0.87
88.82,38.2,0.0,2.11,50.39,6.15,27.25,1.58
96.91,38.56,0.0,1.06,51.68,6.03,41.27,1.64
95.52,37.83,1.59,-1.06,51.24,4.63,43.71,0.59
48.85,39.04,0.0,1.91,47.84,5.32,32.66,1.18
75.46,37.47,2.02,-4.0,51.13,5.87,38.19,1.88
74.19,37.5,0.0,1.85,85.61,10.69,26.97,1.37
77.11,37.51,0.0,2.11,50.33,7.23,33.5,3.67
91.22,38.68,0.0,0.99,49.16,6.24,33.34,1.78
51.76,38.07,1.13,-2.61,49.0,4.07,28.92,0.49
94.33,37.2,0.0,1.14,48.97,5.74,38.75,1.58
86.66,36.9,0.0,2.06,49.3,6.0,40.43,1.34
37.85,38.18,0.0,2.06,50.56,5.88,36.64,1.58
36.78,38.07,1.7,-3.47,48.26,5.4,41.02,1.41
21.23,37.51,1.93,-3.57,49.36,7.56,38.48,3.4
71.97,39.25,1.34,-2.88,50.99,4.42,36.59,0.51
81.91,38.98,1.39,-3.1,49.77,5.59,39.48,1.68
44.99,39.9,0.0,1.95,51.2,5.01,41.73,0.97
55.1,37.83,0.0,1.87,91.27,10.45,44.26,1.06
72.2,38.04,0.0,2.06,47.47,4.98,28.8,1.37
28.82,38.03,1.3,-2.75,49.64,6.51,34.68,3.39
29.22,37.2,0.0,1.81,49.09,6.74,36.76,0.0
75.18,38.98,0.0,2.02,48.58,6.51,42.76,3.9
85.48,36.62,0.0,1.87,48.31,6.16,37.05,0.0
25.28,38.15,1.8,-3.68,49.76,7.07,33.81,0.0
76.23,38.04,0.0,1.92,48.77,5.32,43.72,1.41
55.48,37.51,1.75,-3.27,48.84,6.02,43.67,3.55
68.36,38.98,0.0,1.86,49.84,4.32,25.04,0.68
98.33,38.38,0.0,1.02,48.91,5.48,36.31,1.35
63.81,37.06,0.0,1.92,48.88,4.06,41.31,0.53
64.83,37.95,0.0,1.89,49.22,4.28,32.27,0.52
43.61,57.76,0.82,-1.69,50.17,4.33,33.83,0.5
46.31,37.2,0.0,1.62,50.2,4.67,43.57,0.74
20.56,38.27,0.0,-0.83,50.04,6.8,38.27,3.98
40.93,38.24,1.19,-2.35,50.15,4.08,42.41,0.48
62.64,38.12,1.7,-3.3,105.23,13.24,28.61,1.47
93.13,37.5,0.0,0.97,50.45,6.29,33.68,1.85
76.43,38.08,0.0,1.76,50.8,5.87,27.61,1.66
19.64,38.82,0.0,1.88,49.42,4.65,27.91,1.05
82.78,38.02,0.0,1.63,49.91,4.26,29.42,0.5
93.3,38.98,0.0,1.1,49.54,5.87,28.01,1.64
92.15,38.09,0.0,1.13,50.77,5.9,28.96,1.4
34.36,38.76,0.0,2.01,65.86,7.64,33.9,1.5
70.74,39.09,0.0,2.05,49.43,6.09,43.84,1.48
64.0,38.28,0.0,1.77,51.86,5.82,26.65,1.08
24.99,38.27,0.0,2.33,50.72,7.16,34.03,4.43
43.7,37.2,0.0,1.88,50.99,6.11,27.75,1.63
39.09,37.5,0.0,2.38,62.17,7.65,30.65,1.7
87.45,38.07,0.0,2.19,50.04,5.03,43.59,1.23
34.83,38.93,0.0,1.86,49.9,6.21,43.22,1.8
75.55,37.2,0.0,1.92,47.34,6.06,41.7,0.0
78.48,38.03,0.0,2.02,76.27,9.63,39.69,1.52
29.33,37.2,2.03,-3.93,50.46,6.0,36.18,1.67
71.06,38.76,1.61,-2.93,98.86,12.12,27.92,1.17
88.37,39.45,1.64,-3.16,48.87,5.51,39.57,1.66
69.64,39.25,1.3,-2.33,49.41,3.7,36.78,0.89
56.85,38.68,1.4,-3.04,95.01,12.02,29.9,1.56
95.87,38.07,0.0,1.12,48.77,6.56,37.51,0.0
26.94,38.15,0.0,1.9,48.59,5.09,40.71,1.31
70.11,37.27,0.0,1.68,48.7,5.85,44.31,1.31
65.06,38.24,1.52,-2.56,91.03,10.67,41.74,1.0
41.59,38.03,0.0,1.95,69.14,8.5,42.53,1.21
81.81,38.24,1.4,-3.23,77.34,9.77,42.72,1.54
72.55,38.77,0.0,2.12,50.87,6.58,41.89,1.57
49.47,37.51,0.0,1.97,49.16,4.89,27.61,3.1
33.4,38.98,0.0,1.99,48.74,6.66,45.4,3.38
78.41,38.98,1.47,-2.85,98.45,12.31,36.82,1.45
68.7,38.15,1.56,-2.84,48.21,4.65,41.72,1.09
74.89,37.5,0.0,2.14,48.28,4.35,36.59,1.24
49.8,38.27,1.33,-2.85,48.23,5.52,41.99,1.57
91.35,39.25,0.0,0.89,64.23,7.49,42.95,1.32
82.2,37.51,1.14,-2.63,47.86,4.16,26.45,0.74
56.5,36.55,0.0,1.76,49.01,5.9,36.21,1.53
53.45,38.09,1.55,-3.41,50.73,7.33,29.82,4.35
21.62,38.85,0.0,1.98,52.33,5.55,35.16,0.81
29.16,37.72,1.77,-3.36,50.44,6.32,29.24,1.75
68.56,39.19,1.4,-2.74,81.8,8.38,38.6,0.74
79.8,36.27,0.0,1.95,48.51,5.94,27.17,1.67
69.57,38.76,1.64,-3.23,50.21,5.38,28.21,0.0
34.19,38.07,0.0,2.09,49.69,4.49,38.22,0.64
59.75,37.77,1.71,-3.19,49.09,5.33,38.55,1.39
55.96,37.34,0.0,2.22,50.58,6.09,30.32,1.66
35.19,39.81,0.0,2.09,51.17,6.27,37.15,1.33
35.4,37.57,1.06,-2.11,47.73,5.17,34.11,2.86
54.87,38.45,0.0,1.97,50.06,6.69,43.64,1.95
32.52,38.08,0.0,2.19,48.26,5.72,28.26,1.27
50.2,38.12,0.0,2.28,50.49,7.38,45.41,3.36
64.51,37.36,0.0,2.07,48.26,5.5,34.8,1.26
59.68,38.98,0.0,2.0,47.8,5.75,39.17,1.58
94.57,37.5,0.0,1.03,51.61,6.39,41.87,2.0
47.21,36.35,0.0,2.07,50.53,6.71,33.14,4.42
85.45,36.62,1.51,-3.12,48.82,5.49,33.49,1.28
40.42,39.19,1.27,-2.89,49.88,4.17,30.58,0.67
60.99,38.07,0.0,1.81,74.14,8.82,26.61,1.5
80.12,37.5,0.0,1.8,48.71,5.49,44.64,1.48
91.19,38.69,0.0,0.96,48.59,5.63,26.8,1.37
22.48,39.09,1.66,-3.44,52.33,6.39,39.59,3.38
77.67,100.0,0.72,-1.42,89.29,11.1,35.99,1.7
32.65,39.21,0.0,2.3,51.34,7.27,30.21,4.4
91.88,38.38,0.0,1.03,50.54,6.56,26.16,0.0
64.15,39.16,0.0,2.06,49.73,4.04,38.05,0.38
52.39,38.46,0.0,2.02,48.24,5.17,42.76,1.31
22.66,37.51,0.0,2.19,50.62,5.94,39.14,1.68
35.75,38.08,0.0,2.33,48.41,5.75,28.89,1.35
26.47,38.24,0.0,1.87,49.32,5.24,26.83,1.03
24.82,38.68,1.75,-3.14,48.71,6.28,34.58,0.0
90.0,38.75,0.99,-2.36,48.63,3.56,29.7,0.8
74.84,38.57,1.42,-2.76,49.54,4.33,29.18,0.55
22.44,38.11,1.51,-3.22,50.51,6.02,28.99,1.47
84.42,38.07,0.0,2.1,50.67,4.32,40.7,1.04
88.75,37.95,0.0,1.93,50.39,5.6,43.64,0.0
77.16,38.24,0.0,1.85,51.49,6.61,31.23,0.0
30.94,37.9,1.6,-3.11,50.36,6.11,38.08,1.81
88.48,37.24,1.7,-3.02,47.31,5.11,39.8,1.18
52.46,100.0,0.71,-1.2,81.73,9.9,42.9,1.55
45.66,38.76,1.82,-3.36,67.49,8.61,35.73,1.71
31.32,38.03,0.0,1.85,49.15,5.95,42.84,1.5
34.93,37.91,0.0,2.14,49.99,6.28,40.5,3.14
22.84,37.91,0.0,1.76,51.76,6.6,28.45,0.0
72.32,37.65,0.0,2.24,49.84,5.56,41.15,1.51
71.78,37.57,1.89,-3.72,51.16,6.09,34.5,2.61
31.23,36.9,1.38,-2.91,48.3,3.78,40.6,0.44
19.44,39.06,0.0,-0.34,50.66,4.83,39.39,0.55
91.01,38.56,0.0,1.01,49.8,4.25,26.6,0.55
51.9,39.19,1.66,-3.22,48.47,6.15,36.6,1.46
66.94,39.09,0.0,1.92,48.4,5.8,43.63,1.59
82.43,100.0,0.51,-0.9,78.04,9.24,27.38,1.19
88.45,38.6,1.68,-3.18,48.16,6.1,29.06,1.44
83.88,38.76,1.67,-3.21,83.97,10.44,37.67,1.4
77.14,36.62,1.55,-3.48,50.57,5.17,30.88,0.94
18.49,38.15,1.57,-3.51,51.33,8.07,41.43,0.0
22.53,36.27,1.7,-3.39,49.95,5.67,30.54,1.57
89.15,37.59,1.78,-3.24,52.41,6.09,41.94,1.55
51.66,38.98,1.64,-3.33,49.24,6.13,47.41,1.86
75.94,37.5,0.0,2.05,48.27,5.09,28.22,1.51
91.46,36.9,1.82,-3.6,48.55,6.03,34.84,1.72
24.3,37.15,1.39,-3.11,49.08,6.62,42.04,0.0
54.9,37.95,0.0,1.96,48.96,5.36,40.25,1.48
55.73,36.89,0.0,2.35,48.86,5.57,39.47,1.71
43.08,100.0,0.61,-1.16,50.35,7.03,46.14,3.28
41.0,38.08,0.0,2.0,52.64,7.55,30.32,3.7
74.96,38.98,0.0,1.94,48.75,5.1,35.45,1.34
40.62,38.07,0.0,2.33,47.32,5.32,38.8,1.36
20.88,37.93,1.85,-3.7,49.72,6.5,29.29,1.63
50.04,37.57,1.43,-3.17,49.82,6.52,30.09,4.5
40.92,38.57,0.0,1.94,49.91,6.38,33.94,4.33
91.94,38.76,0.0,0.87,100.26,12.5,27.86,1.46
91.77,38.0,0.0,1.1,48.53,5.77,40.05,1.56
40.8,38.08,0.0,1.93,53.67,6.33,38.28,1.86
26.86,37.25,0.0,1.95,59.95,5.58,38.7,0.37
62.18,38.03,0.0,2.12,51.64,5.36,25.14,0.85
92.87,37.9,0.0,0.95,50.36,6.14,37.33,1.54
74.93,38.11,1.74,-3.49,51.17,5.61,41.03,1.17
85.03,36.9,1.66,-3.11,74.0,9.07,30.34,1.54
31.61,36.35,0.0,2.03,49.76,6.18,30.33,0.0
67.99,37.51,1.07,-2.23,76.2,7.94,29.87,0.43
28.63,37.25,1.69,-3.32,48.33,5.59,32.08,1.55
97.41,39.25,0.0,0.96,82.46,8.39,29.33,0.48
61.97,38.65,0.0,1.87,48.16,5.48,32.42,1.25
94.06,37.5,0.0,0.81,84.39,10.74,31.9,1.19
84.34,45.6,0.0,2.03,48.67,5.46,32.03,1.49
52.48,38.38,0.0,2.19,51.22,6.24,28.39,1.62
70.07,37.51,1.43,-3.21,50.3,5.95,40.07,1.25
86.64,38.07,0.0,2.12,68.67,7.96,45.98,1.35
66.48,38.03,0.0,1.78,48.45,4.37,28.68,1.14
54.4,37.68,0.0,2.16,48.47,5.74,40.37,1.49
36.16,39.81,0.0,2.08,51.46,5.12,30.92,1.05
83.57,38.04,0.0,2.23,98.65,11.99,34.98,1.04
61.41,38.24,0.0,1.89,52.13,6.96,30.38,2.89
38.84,45.6,0.0,1.8,65.1,5.84,24.99,0.83
95.52,38.98,0.0,0.94,50.17,7.03,36.72,4.5
39.64,38.03,0.0,1.99,66.09,7.69,42.77,1.7
32.06,38.68,0.0,1.7,49.85,6.8,36.33,0.0
19.72,73.72,0.77,-1.54,48.38,5.5,36.31,1.23
34.86,38.76,1.22,-2.49,48.98,5.02,31.55,3.31
97.37,37.57,0.0,1.03,50.37,4.58,42.3,0.62
93.3,38.12,0.0,0.82,54.31,4.85,40.11,0.48
69.31,39.09,0.0,1.96,55.37,6.54,32.69,1.35
44.9,38.24,1.63,-3.38,51.87,5.83,40.71,1.08
19.67,35.55,0.0,-0.68,56.44,6.98,28.47,1.55
82.31,45.6,0.0,2.34,47.65,5.05,39.29,1.16
27.37,45.06,0.0,1.91,47.96,5.96,36.4,1.5
31.88,38.76,0.0,1.92,50.29,4.5,39.87,0.57
67.57,36.9,1.32,-2.88,61.81,7.01,38.69,1.25
88.02,38.68,1.84,-3.19,49.38,6.09,41.08,1.86
69.31,37.51,0.0,1.91,49.27,5.28,30.12,2.55
26.07,38.68,0.0,1.99,49.27,3.66,33.07,0.38
66.02,39.25,0.0,2.14,49.07,4.6,30.95,2.4
51.67,38.57,0.0,1.88,48.02,5.09,39.45,3.32
94.32,38.09,0.0,1.14,50.08,4.48,42.9,0.56
59.6,37.57,1.51,-2.86,47.79,6.74,30.12,0.0
73.06,39.81,0.0,2.0,50.0,6.38,41.11,4.35
85.92,35.55,0.0,2.2,49.14,6.04,33.54,0.0
47.35,38.14,0.0,2.09,48.36,4.86,26.97,1.31
86.96,45.06,1.1,-2.42,47.1,4.92,33.72,1.51
24.81,39.81,1.77,-3.2,50.93,6.07,33.5,1.14
86.34,37.57,0.0,2.05,48.91,4.14,42.9,0.82
36.27,36.35,1.44,-3.2,48.89,6.58,27.26,0.0
98.34,36.9,0.0,1.05,47.73,5.07,26.32,1.44
49.49,38.03,1.62,-3.32,49.85,5.95,30.06,1.46
40.38,38.11,0.0,2.04,48.93,6.43,34.02,3.5
52.59,37.26,0.0,2.12,48.75,4.39,40.15,0.87
53.98,37.15,0.0,2.19,49.18,5.72,45.07,1.63
81.21,36.8,2.01,-3.98,50.7,6.56,34.77,1.86
29.05,38.57,0.0,1.97,49.59,4.59,27.72,2.44
75.6,44.43,0.0,1.72,51.77,7.03,43.61,4.09
38.77,38.09,1.78,-3.08,49.11,5.47,36.3,1.33
30.72,37.51,1.59,-3.09,47.15,4.94,29.68,1.12
20.4,39.09,0.0,-0.58,51.23,5.58,23.71,0.0
47.25,100.0,0.5,-0.96,95.53,11.21,26.1,1.2
55.25,37.5,1.67,-3.29,82.98,10.59,44.06,1.69
61.09,38.68,0.0,1.77,74.29,9.04,30.21,1.78
83.09,36.9,0.0,1.95,49.45,4.99,44.58,0.89
82.32,38.07,0.0,1.96,51.45,4.42,39.87,0.59
80.84,38.68,1.55,-3.02,71.8,9.17,31.81,1.5
77.33,39.09,0.0,2.15,68.4,7.18,29.04,0.85
66.71,37.99,1.66,-3.35,50.94,5.13,44.0,0.91
75.89,37.34,0.0,2.08,59.2,7.59,34.89,1.79
35.31,37.97,0.0,2.29,51.69,6.77,43.4,3.13
97.93,39.25,0.0,1.03,83.06,8.74,27.01,0.37
63.14,39.98,1.39,-2.54,48.73,5.08,27.62,1.37
82.1,38.03,1.9,-3.55,50.88,6.38,38.51,4.37
24.21,39.09,0.0,1.9,49.6,6.19,32.74,0.0
67.56,38.12,0.0,1.97,50.35,6.39,28.31,0.0
86.87,39.14,1.49,-3.13,48.91,5.97,34.06,1.5
28.98,38.68,1.76,-3.2,47.74,5.23,36.03,1.46
74.39,37.95,0.0,2.08,48.4,6.18,45.35,4.02
93.84,39.18,1.4,-3.05,46.8,4.52,29.08,0.73
69.03,38.76,0.0,1.78,48.14,5.23,44.54,0.0
68.56,38.03,1.42,-2.63,48.96,3.98,23.81,0.48
33.19,38.48,0.0,1.87,48.95,5.53,43.1,1.47
54.03,39.2,0.0,1.98,49.68,6.2,27.21,1.72
84.19,38.08,0.0,1.91,66.48,6.69,24.6,0.55
92.41,38.86,0.0,0.82,50.58,4.67,43.08,0.69
22.22,37.5,0.0,2.29,50.82,6.61,44.18,2.97
70.23,45.6,0.0,2.13,50.79,6.05,40.34,1.58
52.25,37.51,0.0,1.93,51.99,5.85,38.46,1.31
49.88,36.92,0.0,1.87,49.07,5.62,36.09,1.48
48.2,37.25,1.73,-3.27,51.12,6.14,39.59,1.59
97.05,38.98,0.0,1.04,76.33,9.57,46.43,1.59
77.64,38.46,0.0,2.1,50.58,4.28,27.53,0.61
22.57,37.2,1.6,-3.18,94.32,11.87,34.19,1.4
62.73,38.07,1.85,-3.49,50.02,6.88,28.45,4.37
47.6,35.77,0.0,2.08,48.68,5.44,33.23,1.51
81.53,36.65,0.0,2.12,48.3,4.2,36.28,0.76
54.15,37.24,1.89,-3.44,79.89,10.18,46.78,1.77
93.58,37.4,0.0,1.04,48.34,5.3,45.9,1.56
37.7,38.2,0.0,2.2,49.16,4.08,32.73,0.42
85.06,100.0,0.59,-1.18,51.12,6.88,42.41,2.82
58.63,38.27,0.0,1.81,47.3,4.65,40.94,1.26
60.18,38.2,0.0,1.74,48.78,5.43,38.14,2.57
92.58,37.95,1.65,-3.24,49.39,6.01,39.72,3.68
79.66,38.76,0.0,2.31,49.59,6.65,40.97,0.21
87.19,36.35,0.0,2.35,48.77,5.69,29.68,1.61
94.24,38.38,0.0,1.08,48.49,5.08,34.25,2.96
38.23,38.04,0.0,1.79,49.6,6.01,38.98,1.63
91.6,39.21,0.0,1.05,47.53,4.58,38.93,1.23
77.04,38.98,0.0,2.08,48.41,5.5,42.04,1.25
92.74,38.76,0.0,0.88,49.07,6.37,34.45,3.81
60.06,37.2,0.0,2.2,47.1,5.51,38.27,3.87
77.23,37.2,1.45,-3.05,51.84,5.11,26.81,0.86
45.72,45.6,0.0,1.94,76.29,9.5,44.87,1.44
86.56,37.2,1.39,-2.98,101.69,12.43,42.63,1.59
27.08,44.43,0.0,2.03,74.41,9.15,43.28,1.74
87.62,37.45,1.69,-3.22,48.41,5.8,27.07,1.65
93.96,45.06,1.43,-2.84,50.58,4.58,39.78,0.64
36.89,37.87,0.0,2.17,50.71,5.64,43.89,1.57
68.62,38.05,0.0,2.06,50.13,4.2,40.03,0.52
24.36,39.39,1.85,-3.7,50.79,6.38,45.15,1.59
23.0,38.98,1.47,-3.17,96.21,11.91,28.18,1.33
97.01,36.41,0.0,1.05,51.15,5.55,36.26,0.89
29.67,38.68,1.37,-2.91,48.11,6.7,28.97,0.0
47.12,39.81,0.0,2.0,49.42,6.77,41.43,4.02
20.53,37.2,1.97,-3.57,50.72,7.29,29.07,0.0
45.99,38.07,1.24,-2.84,48.57,5.03,37.77,1.43
36.66,37.68,0.0,2.13,49.11,5.9,32.99,1.67
95.71,38.4,1.17,-2.44,50.72,5.78,29.47,2.78
80.44,38.94,1.77,-3.49,48.74,5.73,34.26,1.41
51.41,38.03,0.0,1.79,48.53,5.8,40.1,1.7
73.22,100.0,0.54,-1.17,104.48,12.09,35.66,0.73
47.0,38.08,1.57,-3.29,97.93,11.24,26.6,0.7
55.59,38.08,0.0,2.26,74.62,9.45,29.87,1.67
72.33,37.5,0.0,2.21,82.1,10.04,39.8,1.3
95.84,38.68,1.53,-2.62,99.6,10.9,29.57,1.01
96.0,38.68,0.0,0.98,91.44,11.52,37.76,1.66
94.89,39.19,0.0,0.96,48.96,7.24,45.89,3.45
75.18,39.09,0.0,2.21,65.25,7.89,30.27,1.38
44.92,38.03,1.61,-3.37,51.58,6.17,38.21,0.0
39.88,45.06,1.27,-2.14,102.66,11.02,40.89,0.86
30.58,38.98,0.0,2.02,47.29,5.15,31.65,1.33
93.67,37.51,0.0,1.05,70.64,8.57,31.33,1.48
95.93,40.37,0.0,0.98,48.91,4.6,26.82,1.05
80.4,36.62,0.0,1.89,48.98,5.57,26.74,2.56
41.75,38.75,0.0,2.31,49.65,4.54,30.57,0.49
25.84,38.03,1.61,-2.98,49.91,6.59,44.73,0.0
32.49,37.99,0.0,1.8,49.16,4.78,38.46,1.04
44.59,39.09,0.0,1.86,74.82,8.77,40.33,1.53
88.77,38.76,1.7,-3.04,49.33,5.91,34.43,0.0
68.03,38.07,0.0,1.77,49.17,6.04,39.14,1.72
57.57,37.68,0.0,2.13,49.82,6.11,37.54,1.61
74.71,37.76,0.0,2.03,49.24,5.67,27.34,1.55
94.16,38.27,0.0,1.1,89.56,9.4,40.73,0.83
79.23,38.12,1.56,-3.03,48.02,4.93,27.66,1.33
66.17,39.7,0.0,2.03,50.88,4.6,25.56,0.62
34.13,39.9,0.0,2.09,87.37,11.04,32.52,1.67
34.43,49.29,0.0,1.96,48.53,5.87,36.86,1.33
71.26,38.13,1.39,-2.74,47.4,4.82,35.68,0.99
71.54,38.97,0.0,1.78,48.87,5.21,28.98,1.32
36.39,38.98,0.0,2.12,49.26,5.67,45.17,1.3
67.4,37.24,1.35,-2.98,65.13,6.14,30.55,0.59
53.68,38.12,1.21,-2.96,58.72,5.84,38.64,0.7
33.61,38.11,1.4,-2.81,48.14,6.25,38.85,0.0
90.37,38.15,1.54,-3.06,50.2,6.13,35.63,1.88
40.12,37.34,0.0,2.38,50.09,5.17,41.4,1.37
68.79,39.19,1.51,-2.86,49.69,5.48,28.36,1.56
92.69,45.6,0.0,1.12,50.39,6.41,44.25,1.29
91.92,36.9,0.0,1.12,48.49,5.55,43.29,1.33
57.54,37.5,0.0,1.99,51.88,6.54,32.33,4.15
55.51,100.0,0.52,-1.22,72.44,8.81,28.98,1.57
69.25,38.08,0.0,2.15,48.03,5.64,32.37,1.46
93.7,39.06,1.57,-3.4,50.53,4.18,32.99,0.52
79.19,45.06,0.0,2.05,52.45,5.56,32.15,1.1
83.71,38.07,0.0,1.99,63.76,7.5,38.05,1.54
94.1,38.97,1.58,-2.73,76.56,8.96,41.92,1.19
76.24,38.27,1.5,-2.69,48.52,5.58,39.13,1.31
43.21,39.25,0.0,2.0,51.71,6.07,41.92,0.0
59.09,38.98,0.0,2.04,49.95,7.29,33.94,0.11
33.76,39.9,1.58,-3.07,53.04,5.93,27.83,1.39
51.11,38.2,0.0,2.09,49.96,7.32,38.77,0.0
38.12,36.35,0.0,2.06,50.79,6.47,43.75,4.08
32.04,39.9,0.0,2.01,84.83,9.84,29.47,1.2
82.32,37.2,0.0,1.88,53.88,4.79,42.94,0.89
35.44,37.57,0.0,1.8,50.3,5.48,26.65,1.46
22.56,37.51,1.31,-3.15,48.46,5.41,32.18,1.33
93.33,37.51,0.0,0.91,49.55,6.15,31.39,1.57
32.33,37.83,0.0,2.13,55.59,6.4,45.08,1.72
86.05,36.27,1.62,-3.01,63.11,8.19,30.32,1.69
60.34,39.51,0.0,2.16,49.46,3.91,31.04,0.42
88.13,100.0,0.0,2.03,87.53,9.66,27.02,1.16
84.21,38.07,0.0,2.02,48.37,5.63,29.06,1.44
48.32,38.11,1.51,-3.18,51.36,6.77,33.69,3.39
50.87,44.43,1.43,-3.01,50.33,6.13,41.74,1.44
59.03,37.2,1.97,-3.81,104.25,12.84,33.68,1.59
31.04,39.92,1.32,-2.83,47.12,5.15,32.69,1.38
88.76,38.68,1.88,-3.51,63.02,7.55,40.06,1.37
40.53,39.09,0.0,2.03,68.52,7.1,38.83,0.6
88.78,36.74,0.0,0.94,49.55,5.47,33.95,1.6
84.13,38.83,0.0,1.82,50.25,4.33,41.12,0.59
70.22,37.51,1.55,-2.95,74.14,7.77,43.31,0.62
96.97,36.27,1.5,-0.92,52.63,4.7,33.2,0.45
44.21,38.4,1.47,-3.3,50.47,5.82,32.68,1.6
28.59,38.11,0.0,1.9,49.54,4.59,32.12,0.0
59.3,39.19,1.42,-2.91,89.18,10.45,36.62,1.42
69.96,38.61,0.0,1.69,49.31,5.67,37.85,1.49
87.48,38.22,0.0,1.69,48.79,5.52,41.07,1.58
25.21,38.98,1.45,-3.15,47.46,6.0,36.14,1.3
18.39,39.2,1.4,-3.07,52.16,6.11,43.05,1.32
24.82,37.51,0.0,2.17,51.77,5.8,35.11,0.94
90.23,38.24,0.0,2.18,49.35,5.1,30.91,1.28
89.19,37.95,0.0,2.17,47.6,5.89,34.13,3.67
38.26,37.51,0.0,2.12,50.47,6.66,32.99,4.09
83.87,37.95,0.0,1.99,47.61,5.51,42.47,1.59
78.3,100.0,0.73,-1.32,91.47,11.98,28.61,1.54
34.44,37.34,0.0,2.25,49.06,5.45,28.5,1.33
95.5,42.82,0.0,1.18,48.77,4.61,32.93,1.03
73.64,37.2,0.0,2.11,47.06,6.31,43.54,2.85
76.98,38.18,0.0,1.76,103.76,13.61,30.91,1.87
47.99,39.98,1.4,-2.4,46.81,4.65,43.22,1.12
29.05,36.9,1.01,-2.18,46.63,4.15,40.11,0.84
94.9,38.15,1.88,-3.43,48.92,6.18,38.09,1.78
27.49,38.98,0.0,1.98,52.62,6.43,25.08,3.39
78.03,38.27,0.0,1.71,59.85,5.64,31.07,0.96
89.5,37.5,1.99,-3.55,49.74,6.29,36.23,1.89
82.23,38.38,0.0,2.27,48.13,6.26,33.2,0.0
23.71,36.35,0.0,1.95,48.77,6.06,34.32,0.0
83.48,38.15,2.01,-3.66,52.57,6.44,27.86,1.67
93.88,38.07,0.0,0.9,47.9,3.79,43.0,0.85
77.91,45.6,0.0,2.15,49.44,4.11,36.98,0.42
56.68,36.35,1.46,-2.52,48.7,4.95,28.28,0.98
96.11,37.5,0.0,1.04,51.37,4.01,41.47,0.54
19.73,37.5,0.0,-0.6,53.21,6.12,37.01,1.18
35.9,38.99,0.0,2.16,50.4,5.79,31.42,1.63
32.0,38.11,1.61,-3.02,48.41,6.69,34.49,4.03
90.13,38.12,1.64,-3.2,77.29,9.42,35.29,1.43
78.76,38.09,1.35,-2.89,49.45,5.12,24.11,3.17
97.13,38.69,0.0,0.98,50.67,6.15,42.61,1.52
23.19,39.65,1.62,-3.08,49.13,5.71,33.42,1.33
60.22,38.37,1.36,-2.68,48.43,5.47,31.49,1.52
58.56,36.35,0.0,2.32,47.24,6.19,28.25,3.72
35.37,44.43,0.0,2.33,88.98,10.65,45.89,1.38
71.61,38.03,1.27,-2.76,48.69,5.28,42.04,2.0
31.25,35.55,1.36,-2.81,51.22,4.19,36.68,0.69
25.91,37.5,1.56,-2.83,48.42,5.46,43.6,1.52
92.97,37.68,1.44,-2.71,47.56,4.78,36.68,1.34
49.8,36.27,0.0,1.81,50.35,5.83,26.51,0.0
44.35,38.45,0.0,2.11,50.3,6.17,40.14,1.19
74.84,37.91,1.69,-3.1,49.16,6.45,39.62,0.0
60.49,38.08,0.0,2.1,83.88,10.64,41.56,1.61
55.12,36.96,0.0,2.27,48.66,5.8,32.9,1.58
40.2,37.15,0.0,2.1,49.79,5.33,46.82,1.68
28.11,38.15,0.0,2.12,48.75,5.45,44.01,1.41
74.41,38.18,0.0,1.87,97.82,11.94,44.86,1.39
98.06,38.98,0.0,1.01,51.48,5.53,33.68,0.89
94.15,38.07,0.0,0.9,84.67,9.56,35.57,1.09
63.97,37.96,1.51,-3.25,48.95,5.84,30.09,1.7
97.49,38.03,0.0,1.02,47.93,3.99,33.08,0.77
67.17,37.89,1.69,-3.08,50.95,4.49,40.62,0.71
48.37,38.68,1.43,-3.17,50.82,6.17,37.34,4.5
64.19,38.98,0.0,2.08,51.88,6.77,43.6,2.88
27.21,38.98,1.58,-2.73,47.91,5.88,34.63,3.53
87.77,37.95,0.0,1.99,50.83,5.23,34.72,0.0
24.24,38.68,0.0,2.03,48.9,4.13,39.59,0.68
60.0,38.03,0.0,2.15,95.18,11.86,42.31,1.53
50.82,39.33,0.0,1.99,49.56,5.34,45.71,1.28
87.22,38.18,0.0,1.95,48.24,3.97,41.43,0.91
46.68,45.06,0.0,2.0,48.71,6.57,40.93,3.82
40.81,38.98,0.0,1.78,78.41,9.29,28.8,1.52
69.61,36.62,0.0,2.16,49.72,5.85,33.41,1.66
55.47,38.33,0.0,1.86,49.95,5.57,31.14,1.61
96.83,100.0,0.0,1.11,52.35,5.28,31.21,1.02
24.65,38.76,1.55,-3.26,49.46,5.52,41.16,1.3
61.08,100.0,0.0,1.95,50.29,6.2,44.66,1.68
89.6,36.26,0.0,0.89,48.37,4.01,42.3,0.4
32.77,38.09,1.42,-3.12,50.05,6.07,37.83,1.49
25.0,36.9,1.82,-3.67,102.6,13.21,46.66,1.65
90.92,37.2,0.0,1.54,68.89,8.78,34.85,1.72
29.72,39.04,1.72,-3.56,49.53,5.21,30.02,1.4
57.71,36.9,1.58,-2.86,99.17,12.11,28.29,1.23
19.17,39.94,0.0,2.18,50.76,5.64,28.49,0.82
74.65,38.07,1.68,-3.29,48.03,6.78,43.75,3.46
68.01,37.25,1.22,-2.74,51.31,4.27,36.7,0.64
25.67,37.34,0.0,2.21,51.85,5.41,42.56,1.03
73.34,38.68,0.0,1.87,48.33,5.59,42.87,1.56
87.22,38.12,1.5,-2.91,80.46,9.35,44.09,1.11
37.9,100.0,0.43,-1.03,48.65,4.22,33.39,1.02
44.89,38.2,0.0,2.1,49.03,6.17,28.12,4.2
89.66,100.0,0.65,-1.21,61.63,7.23,37.11,1.67
96.58,38.76,0.0,1.04,62.82,7.44,40.76,1.64
90.53,38.98,0.0,1.74,47.74,4.84,33.11,2.52
46.58,38.11,1.74,-3.25,51.22,7.18,36.53,3.8
25.11,38.4,0.0,1.84,48.24,5.06,39.55,1.23
87.22,37.51,0.0,2.11,56.91,6.01,34.88,0.79
35.42,38.75,0.0,1.78,97.47,12.0,29.32,1.68
65.11,39.19,0.0,1.97,50.44,6.28,45.42,0.0
91.62,38.03,0.0,1.68,50.93,6.35,32.32,2.97
68.44,38.03,0.0,1.98,47.8,4.55,40.87,1.17
26.71,38.76,1.4,-2.8,49.06,6.34,39.09,4.35
87.81,39.25,1.64,-3.34,94.82,11.75,28.13,1.43
29.19,38.18,0.0,2.01,48.24,4.74,38.3,0.86
86.56,38.45,0.0,2.34,48.8,3.97,39.87,0.88
32.12,100.0,0.0,2.08,49.06,5.57,30.01,1.47
95.9,37.91,0.0,0.98,48.69,5.53,39.89,1.34
47.15,37.34,0.0,1.88,50.67,4.92,43.9,0.81
21.6,38.5,0.0,2.06,51.99,5.02,28.58,0.65
93.72,38.11,0.0,0.9,91.03,11.25,42.93,1.79
66.61,38.12,0.0,1.96,50.46,7.11,33.22,0.0
69.71,38.04,1.19,-2.61,50.1,4.76,29.67,0.55
19.51,37.5,1.44,-3.11,50.09,6.54,29.88,1.35
23.36,77.87,0.67,-1.33,48.47,4.88,42.37,1.02
23.23,37.86,0.0,1.69,86.25,11.18,39.09,1.84
35.46,38.45,1.78,-3.31,50.23,5.71,37.94,1.54
24.59,37.68,0.0,1.89,50.06,5.7,28.07,0.96
90.92,37.44,0.0,0.92,48.31,5.28,44.45,1.42
45.73,44.43,0.0,1.96,102.34,12.73,38.28,1.24
34.97,38.13,0.0,1.96,50.63,5.78,38.07,1.41
86.56,38.24,1.68,-3.0,71.61,9.12,29.06,1.46
66.53,37.57,1.44,-2.62,48.43,4.7,27.29,0.0
82.05,37.68,0.0,1.98,80.75,10.08,37.9,1.7
56.73,100.0,0.67,-1.17,68.95,8.44,31.8,1.44
72.37,37.68,0.0,1.93,67.81,7.64,43.76,1.33
34.95,37.15,0.0,2.27,48.32,5.99,40.03,1.61
98.13,37.5,0.0,0.84,95.91,11.86,27.88,1.44
46.23,38.03,1.8,-3.26,49.96,5.81,40.32,1.47
83.75,38.11,0.0,1.78,71.82,7.78,41.41,0.96
59.99,38.07,1.81,-3.31,50.84,6.04,33.07,3.69
79.05,38.76,0.0,2.11,50.37,6.71,44.79,3.6
95.59,38.08,1.19,-2.48,99.92,11.55,36.3,1.22
63.97,37.99,1.44,-2.74,50.15,4.63,24.21,0.59
53.73,39.44,0.0,1.94,47.72,5.45,33.41,1.63
90.1,38.8,0.0,1.14,47.84,4.09,32.36,1.14
48.25,39.9,0.0,2.15,50.05,4.24,41.91,0.43
60.22,37.5,0.0,2.04,69.27,7.94,34.14,1.71
38.1,36.27,1.58,-3.29,51.56,5.68,31.17,1.18
69.08,36.69,0.0,2.17,48.86,5.59,36.8,1.48
55.3,37.95,0.0,1.98,50.41,5.75,30.07,1.46
29.55,36.27,0.0,2.08,51.88,5.44,29.05,0.0
77.48,37.31,1.25,-2.77,48.04,4.45,27.56,1.24
78.95,45.6,0.0,2.03,48.5,3.59,28.23,0.73
28.56,38.12,0.0,1.93,49.09,5.06,39.63,1.26
33.56,49.81,0.0,2.14,48.33,5.27,31.88,1.45
46.53,37.95,0.0,2.17,47.6,4.97,28.6,1.36
86.76,38.11,1.37,-2.86,48.55,5.76,44.56,1.49
35.94,38.07,1.83,-3.51,50.48,6.56,31.99,0.0
23.19,36.35,1.64,-3.22,52.08,6.99,31.89,3.85
85.45,38.24,0.0,2.18,50.86,4.09,26.22,0.5
36.05,39.33,1.49,-3.09,48.72,5.95,35.45,1.75
31.25,38.2,0.0,1.87,49.75,6.18,45.27,1.64
45.65,38.57,1.37,-3.01,50.01,5.95,44.98,1.62
86.84,38.68,0.0,2.0,68.44,6.97,40.85,0.51
87.14,37.24,1.34,-3.04,47.35,5.23,27.46,1.37
96.03,37.15,0.0,1.02,92.59,11.35,46.58,1.73
90.84,38.38,0.0,1.35,49.72,6.45,42.61,4.24
73.05,38.08,0.0,1.99,50.37,5.63,41.17,1.65
50.02,38.76,0.0,1.84,47.88,4.88,33.29,1.12
60.13,37.51,0.0,2.09,51.58,7.27,34.86,4.5
91.95,37.9,0.0,1.03,49.7,6.01,36.43,1.66
37.04,36.35,0.0,1.99,50.86,6.47,35.57,0.0
56.41,37.87,0.0,2.0,48.83,5.79,41.96,1.76
92.38,38.11,0.0,0.99,86.02,11.11,29.21,1.52
48.66,37.83,0.0,2.13,78.35,10.17,45.08,1.63
61.53,38.76,0.0,1.81,51.14,5.68,37.13,1.42
27.99,37.5,1.65,-3.26,49.84,6.16,40.88,1.72
78.67,38.88,1.76,-3.53,49.34,5.49,37.9,1.4
82.01,37.51,0.0,1.87,99.37,12.09,26.65,1.51
90.19,38.4,0.0,1.82,49.89,3.8,29.43,0.84
54.29,37.83,0.0,1.92,89.55,11.28,43.49,1.4
87.9,45.06,0.0,2.13,50.98,5.72,41.78,0.0
98.05,37.51,0.0,0.91,49.93,4.72,42.42,0.62
29.48,37.5,0.0,2.02,48.43,5.94,38.79,0.0
55.38,38.57,0.0,1.92,48.38,5.88,40.69,1.68
29.86,37.91,1.67,-3.47,48.98,4.66,35.65,0.69
59.72,38.76,0.0,1.78,105.37,13.12,34.96,1.41
94.95,38.03,0.0,0.99,47.86,5.66,28.75,1.77
82.32,38.07,1.16,-2.74,48.54,4.25,27.08,0.78
46.93,38.45,0.0,2.05,48.53,4.16,33.13,0.99
54.36,37.95,0.0,1.88,50.15,5.55,37.5,1.64
46.66,36.35,0.0,2.22,48.61,5.3,35.78,1.39
31.15,51.38,0.0,2.22,49.07,4.36,28.79,1.1
96.89,37.5,1.48,-1.05,48.44,5.55,43.94,1.18
96.91,39.67,0.0,0.92,50.95,6.19,41.16,1.12
75.5,38.08,0.0,1.74,50.37,5.51,40.97,1.46
98.43,38.11,0.0,0.96,48.52,4.18,31.11,0.72
34.19,37.15,1.44,-2.95,49.51,4.97,34.56,0.0
25.16,36.9,0.0,2.11,51.97,4.99,30.6,0.64
95.35,100.0,0.68,-1.28,48.46,4.89,45.12,1.42
39.13,38.56,1.94,-3.84,84.35,10.98,30.06,1.89
85.0,38.03,0.0,2.05,49.04,4.48,43.96,0.97
22.24,39.54,0.0,2.21,49.61,4.74,28.7,0.45
52.21,39.19,0.0,1.93,49.6,5.42,29.06,1.41
78.77,38.12,0.0,2.08,47.49,4.75,36.58,2.53
27.58,37.1,1.57,-3.29,50.94,5.94,30.69,1.66
21.14,37.79,1.33,-2.77,50.53,5.93,37.81,1.11
91.13,38.08,0.0,1.42,75.84,9.72,33.11,1.5
94.23,38.24,0.0,1.14,54.02,5.84,45.59,1.49
74.55,38.74,0.0,2.19,50.15,5.79,31.14,1.46
32.32,38.62,1.52,-2.68,47.16,4.95,39.77,1.31
93.87,45.6,0.0,1.18,50.75,4.98,41.44,0.75
46.82,39.47,0.0,1.72,51.26,5.02,24.62,0.74
23.31,100.0,0.72,-1.34,49.14,6.64,29.04,0.0
39.09,39.33,0.0,1.96,89.62,9.75,27.39,0.59
58.15,38.98,1.21,-2.62,47.09,5.29,28.58,1.37
69.69,100.0,0.54,-1.05,48.22,5.27,35.57,1.37
35.13,38.24,0.0,1.97,50.5,5.73,37.05,1.51
68.84,37.61,1.39,-2.78,51.46,4.95,43.33,0.83
55.78,44.43,1.51,-2.91,49.1,5.73,27.18,1.53
73.91,38.07,0.0,1.93,49.28,5.8,45.97,1.44
26.37,37.96,0.0,1.82,49.02,3.82,43.2,0.75
78.78,38.76,1.88,-3.64,90.08,11.55,37.11,1.8
77.13,37.5,0.0,2.24,48.05,5.81,33.79,1.53
38.04,38.76,0.0,2.01,49.56,6.07,36.2,1.54
44.55,38.56,0.0,1.8,50.56,5.75,38.93,3.28
62.67,38.03,0.0,1.96,81.44,8.77,39.94,0.54
96.16,38.85,0.0,0.88,50.09,4.31,36.04,0.57
38.5,39.09,0.0,2.03,67.19,7.03,24.88,0.79
94.51,37.2,1.16,-2.41,47.17,4.11,44.39,0.8
25.03,38.68,0.0,2.02,50.24,5.35,27.13,0.0
95.46,38.03,1.33,-2.78,48.1,5.82,29.05,3.19
73.97,37.83,0.0,2.06,51.78,5.11,27.53,0.85
18.89,38.03,1.83,-3.76,52.16,6.9,30.06,1.59
66.5,38.98,0.0,2.09,49.97,6.06,45.44,1.19
60.41,38.68,0.0,2.23,51.34,6.25,43.98,1.52
32.8,39.09,0.0,1.82,50.7,6.31,34.48,0.0
70.28,37.5,1.16,-2.47,48.21,5.0,29.37,1.26
45.72,38.68,0.0,1.91,50.12,4.56,26.03,0.62
93.55,36.35,0.0,1.02,58.22,5.65,38.09,0.99
77.07,39.81,0.0,2.12,49.55,4.29,37.75,0.51
64.0,37.65,1.43,-3.09,48.68,5.2,33.88,1.21
51.29,38.08,0.0,1.71,67.65,7.79,45.55,1.47
37.03,37.5,0.0,1.73,50.4,7.51,40.62,3.93
86.17,38.08,1.76,-3.52,65.33,6.85,40.7,1.75
24.46,38.03,1.79,-3.51,50.43,6.23,32.5,1.62
33.33,37.91,1.72,-3.12,49.28,5.45,37.45,1.27
90.2,38.28,0.0,0.89,50.23,5.54,29.38,1.62
45.99,37.68,0.0,1.78,48.8,4.35,41.22,0.41
40.56,37.5,1.44,-2.55,96.03,11.12,41.42,1.1
37.78,38.76,0.0,1.99,49.33,6.27,31.03,0.0
81.74,38.98,0.0,1.96,50.4,6.96,44.53,3.89
45.06,37.25,1.44,-3.14,51.42,6.11,46.82,1.68
42.69,38.4,1.52,-2.98,50.71,6.19,35.57,1.69
37.13,38.24,0.0,2.0,50.25,5.44,35.44,1.57
43.64,39.33,1.35,-2.58,47.9,5.5,34.78,1.3
42.6,36.9,0.0,1.95,49.33,6.63,43.52,3.01
53.19,37.63,0.0,2.1,48.21,6.03,28.68,1.71
47.51,36.9,1.85,-3.68,49.16,6.01,35.17,1.47
34.77,38.93,1.66,-3.1,51.06,6.48,34.15,1.8
24.07,38.07,0.0,2.02,49.23,6.68,27.82,0.0
48.5,38.76,1.59,-3.31,51.32,7.3,46.1,0.0
78.41,37.51,0.0,2.25,48.95,5.8,42.34,1.66
96.51,36.9,0.0,0.92,57.95,7.0,44.11,1.49
92.99,36.35,0.0,0.96,57.51,5.31,36.43,0.6
86.5,39.19,0.0,2.12,50.29,6.82,30.22,0.0
82.19,38.07,0.0,2.02,47.8,5.42,36.23,1.5
54.37,38.07,1.55,-3.28,50.46,5.31,32.59,2.53
19.9,38.87,1.49,-3.02,49.51,3.87,26.22,0.63
87.85,38.74,1.61,-3.01,49.12,5.97,28.92,1.53
31.48,36.27,0.0,1.94,50.38,5.38,40.37,2.2
96.34,38.04,0.0,0.89,87.89,11.12,31.09,1.63
61.02,45.06,1.34,-2.44,75.92,9.22,32.99,1.36
58.33,38.03,1.58,-3.14,48.54,7.56,44.32,0.0
48.8,38.68,0.0,1.95,48.43,6.41,35.94,4.18
45.1,39.87,0.0,2.25,47.52,4.71,34.16,1.03
97.38,37.15,0.0,0.82,97.02,11.14,38.26,0.71
56.57,38.98,1.62,-3.08,72.62,8.66,25.64,1.16
68.63,37.75,0.0,1.96,50.23,4.86,28.09,0.76
57.08,45.06,0.0,2.23,50.93,6.89,41.57,3.29
66.04,38.1,0.0,1.85,51.16,4.89,34.79,0.72
77.49,38.07,0.0,2.23,53.79,5.68,37.57,1.05
92.55,100.0,0.65,-1.25,52.62,6.06,44.6,1.46
33.53,38.98,1.41,-2.87,84.54,8.78,34.37,0.46
91.5,38.07,0.0,1.07,49.65,6.0,45.01,1.23
93.96,36.9,0.0,1.1,50.69,5.8,37.42,1.11
59.57,100.0,0.6,-1.19,59.49,6.65,36.02,1.18
54.84,36.35,0.0,2.18,51.34,5.98,42.98,1.65
95.43,37.2,0.0,0.92,82.63,8.64,24.14,0.55
35.77,37.5,0.0,2.25,49.39,5.64,26.71,1.29
73.17,36.35,1.79,-3.5,93.98,11.66,39.89,1.25
25.73,38.76,1.75,-3.5,84.28,10.72,40.28,1.62
90.64,40.16,1.56,-3.06,50.04,6.08,26.98,1.61
59.21,38.76,0.0,2.19,50.44,7.02,31.01,4.13
49.8,38.98,0.0,2.27,89.83,9.56,28.6,0.48
94.42,41.62,0.0,1.01,50.98,4.78,41.98,0.67
53.29,38.76,1.74,-3.48,50.09,6.86,46.25,4.5
96.38,37.5,0.0,0.93,90.69,9.61,29.32,0.73
86.08,39.25,1.73,-3.38,96.35,11.9,42.47,1.46
39.53,38.11,1.56,-2.81,50.33,4.34,28.08,0.5
71.1,38.09,1.74,-3.46,47.77,6.07,26.03,0.0
36.32,39.19,0.0,1.86,48.79,6.11,43.06,1.81
96.04,38.03,0.0,0.85,51.31,5.7,24.72,3.04
24.8,37.51,1.47,-3.15,48.16,6.6,27.15,3.58
87.07,37.29,0.0,2.34,48.99,5.39,28.09,1.5
55.64,38.4,1.67,-3.2,48.44,5.49,34.79,1.58
22.86,37.5,0.0,2.2,50.86,5.89,36.26,1.42
65.82,38.54,0.0,2.11,49.34,4.17,41.25,0.6
79.08,39.01,0.0,1.95,51.34,6.06,31.99,1.43
86.74,38.98,1.39,-3.0,48.49,5.62,42.12,1.6
72.97,39.42,0.0,2.11,48.54,6.11,40.16,1.39
65.14,38.11,0.0,1.95,50.36,4.63,35.88,0.64
37.49,38.11,0.0,2.2,48.23,6.54,42.68,0.0
49.8,38.68,1.74,-3.37,50.64,6.9,26.38,0.0
93.32,37.92,0.0,0.86,49.76,5.89,43.87,1.36
30.95,38.76,1.59,-2.83,78.96,9.6,40.81,1.43
85.26,100.0,0.63,-1.21,71.74,8.35,41.76,1.01
60.29,39.09,0.0,2.19,98.06,10.65,37.77,0.52
68.87,38.03,0.0,2.09,88.89,11.08,32.9,1.52
27.08,39.19,1.24,-2.56,73.66,8.53,25.97,1.1
56.56,36.52,1.64,-3.33,48.46,5.41,31.61,1.42
48.62,38.03,0.0,1.78,48.09,5.21,34.42,1.39
34.97,36.27,1.38,-3.13,50.36,4.54,35.62,0.74
62.26,38.08,0.0,1.94,50.63,5.31,40.23,0.85
48.83,39.06,0.0,2.03,49.76,4.39,32.99,0.59
70.01,38.03,0.0,2.24,90.52,11.32,35.58,1.72
28.96,38.27,0.0,2.11,51.76,6.68,42.3,3.78
31.65,38.08,1.75,-3.53,49.67,6.38,32.83,1.79
91.16,38.24,0.0,0.93,49.84,5.96,43.89,1.37
93.94,39.19,0.0,0.94,48.8,5.98,33.27,1.71
75.35,35.55,1.36,-3.07,47.35,5.48,26.92,1.33
90.92,38.07,1.73,-3.13,49.12,6.73,29.45,0.0
35.77,38.24,1.47,-2.51,46.84,4.56,37.98,0.96
24.48,58.44,0.0,1.97,51.39,5.87,30.5,1.44
55.8,39.98,1.72,-3.41,50.58,5.67,39.73,0.92
21.8,37.5,0.0,2.08,52.59,5.08,35.72,0.75
28.02,38.68,0.0,1.95,48.03,4.77,28.76,1.16
67.33,36.27,0.0,1.99,51.0,6.2,29.3,1.25
28.59,37.9,0.0,1.91,48.66,5.66,31.16,1.46
95.8,37.34,0.0,1.03,96.67,11.38,43.41,1.49
74.15,38.07,0.0,1.86,51.25,4.54,30.26,0.63
44.53,39.34,0.0,2.17,51.21,4.75,43.07,0.77
65.48,38.52,1.14,-2.26,49.7,3.99,32.63,0.85
75.14,37.65,0.0,2.11,51.05,6.06,43.33,1.67
83.01,39.09,0.0,2.12,48.03,4.57,32.42,1.28
38.69,38.18,0.0,1.83,50.81,6.0,35.32,1.62
48.15,37.2,0.0,2.32,48.96,6.15,26.64,4.06
97.13,38.4,0.0,1.02,51.54,7.02,45.29,4.3
61.94,39.09,1.66,-3.24,50.3,6.01,27.84,1.69
36.68,37.2,0.0,2.21,48.05,5.96,44.61,1.69
67.86,39.09,0.0,1.98,48.78,5.83,40.9,1.71
82.87,37.95,0.0,1.96,50.65,7.23,30.46,0.0
93.61,37.51,0.0,1.0,49.41,5.82,40.9,1.38
97.61,38.76,0.0,1.0,48.98,4.25,41.42,0.57
81.97,37.34,1.84,-3.72,49.56,6.41,31.2,1.55
39.56,36.27,0.0,2.03,49.69,6.48,35.97,0.0
73.73,37.57,0.0,1.91,51.01,5.82,39.54,1.54
93.67,35.55,1.47,-2.99,51.72,5.37,31.68,1.45
59.82,37.37,1.43,-2.77,49.94,5.88,40.19,1.36
73.88,44.43,0.0,1.92,51.97,6.94,39.63,0.0
81.73,37.76,1.7,-3.34,50.29,6.13,39.09,1.9
89.24,39.09,1.34,-3.05,50.14,5.67,42.15,1.43
84.7,39.04,1.46,-2.87,50.15,5.63,43.67,1.52
82.32,39.03,0.0,1.99,50.73,5.25,40.92,0.94
33.74,39.52,1.46,-3.02,50.01,6.19,44.45,1.72
84.49,38.76,0.0,1.99,52.73,6.62,37.6,0.0
87.08,37.5,0.0,1.79,65.4,7.97,46.63,1.64
91.92,39.19,0.0,0.95,47.92,5.23,37.1,0.0
89.45,36.35,1.74,-3.5,81.47,10.1,37.04,1.92
87.2,39.19,1.65,-3.16,60.31,7.22,32.16,1.48
90.48,37.34,1.2,-2.67,47.65,5.2,32.13,1.34
86.16,38.18,0.0,1.91,49.3,4.06,30.81,0.39
98.46,38.76,0.0,0.97,70.43,7.73,41.46,0.95
88.72,38.98,1.28,-2.57,47.1,5.01,26.65,1.27
42.83,38.08,0.0,2.04,57.58,6.07,32.33,0.99
90.18,45.06,0.0,2.28,50.05,4.47,36.56,2.96
94.91,37.95,0.0,1.08,51.07,6.96,41.95,4.5
46.74,38.56,0.0,2.19,50.74,6.38,41.26,3.55
19.8,37.2,0.0,-0.63,49.39,4.33,41.74,0.83
94.53,38.76,1.16,-2.72,73.75,7.54,37.79,0.5
45.41,100.0,0.52,-1.11,49.0,5.84,32.75,3.78
62.65,37.74,1.81,-3.24,50.83,5.48,42.88,1.65
39.75,38.03,0.0,2.02,73.4,8.78,43.27,1.47
58.03,45.06,0.0,2.02,49.49,5.69,40.53,1.44
93.27,45.6,0.0,1.13,51.11,5.18,30.4,1.01
92.12,100.0,0.0,0.97,97.52,13.07,28.77,1.69
88.33,38.76,1.5,-2.82,79.78,8.79,29.85,1.24
51.2,38.08,0.0,1.72,48.45,6.13,44.33,3.75
68.76,37.2,0.0,2.2,48.63,4.61,25.63,0.0
35.05,37.91,1.4,-3.15,48.93,5.22,35.65,1.29
20.16,37.91,1.64,-3.65,50.06,7.62,35.7,3.38
32.18,38.68,1.23,-2.35,47.23,4.72,26.97,1.31
54.25,37.95,1.83,-3.47,59.66,7.36,33.64,1.57
46.7,45.06,0.0,2.01,51.59,6.24,43.64,1.46
90.77,38.2,0.0,1.95,50.56,6.07,32.43,1.76
17.23,39.16,1.5,-3.03,50.97,6.47,40.76,1.49
70.26,36.27,1.67,-3.65,80.34,10.24,28.45,1.28
97.49,39.09,0.0,1.11,48.95,5.16,35.08,1.28
87.0,37.95,1.93,-3.77,51.23,7.1,46.1,4.5
70.1,37.86,1.46,-3.17,50.27,5.81,41.12,1.7
30.98,48.21,1.07,-2.27,49.45,5.61,44.61,1.5
79.78,38.08,0.0,2.25,51.78,5.47,42.41,1.58
46.42,37.68,1.52,-2.89,49.58,6.61,45.56,0.0
93.77,36.53,1.63,-3.39,50.84,5.74,45.27,1.6
60.08,38.76,1.55,-3.1,48.46,5.52,32.77,1.38
52.74,38.76,0.0,2.02,48.41,6.13,37.35,4.08
23.04,37.99,0.0,1.98,98.71,12.45,28.56,1.66
90.46,38.56,0.0,1.32,50.6,4.78,33.99,0.69
78.16,35.55,0.0,1.93,47.42,6.41,45.18,3.11
44.14,38.27,0.0,2.24,48.46,6.55,38.25,3.38
90.4,36.27,1.38,-2.65,57.28,5.99,36.79,1.2
39.17,38.98,1.46,-3.27,92.05,10.91,25.63,1.01
53.12,37.25,1.52,-3.31,50.21,5.48,27.25,1.65
75.54,38.12,0.0,1.7,49.3,5.0,41.62,2.64
33.78,38.76,1.02,-2.52,76.37,8.42,27.23,1.22
43.72,38.76,1.95,-3.76,69.7,8.77,33.7,1.73
26.71,38.34,1.32,-2.76,50.95,6.1,31.05,1.38
28.41,37.86,1.28,-2.57,68.11,6.28,37.54,0.6
46.11,39.21,0.0,2.08,48.54,5.81,28.4,1.6
58.55,37.5,1.45,-2.91,79.74,9.69,35.09,1.63
73.42,38.74,1.57,-3.12,50.2,6.03,30.46,1.07
92.87,39.19,0.0,0.95,48.04,6.04,36.05,0.0
77.24,36.29,2.01,-3.95,51.71,5.88,39.74,1.77
61.11,37.15,0.0,2.15,50.6,5.36,43.14,1.44
88.84,37.2,0.0,1.97,48.8,3.94,39.42,0.47
39.71,39.09,0.0,2.22,49.2,5.13,40.14,0.0
45.74,38.57,0.0,1.94,49.78,5.43,40.52,0.0
24.1,45.6,1.24,-2.51,50.99,4.63,35.77,0.72
34.9,37.2,0.0,1.98,51.39,6.12,28.13,0.0
74.66,39.19,1.5,-3.3,74.83,9.9,46.88,1.76
62.58,37.5,0.0,2.36,72.39,8.7,44.59,1.12
68.02,39.19,0.0,1.83,50.22,5.56,33.54,2.3
40.36,37.83,0.0,1.87,64.55,7.12,25.62,1.03
49.73,100.0,0.0,1.87,47.79,4.83,42.81,1.12
35.99,100.0,0.45,-0.86,48.33,5.53,42.72,1.38
34.75,38.03,0.0,2.08,57.95,7.15,42.65,1.5
91.02,38.09,0.0,0.91,50.59,5.45,40.55,1.34
65.06,37.15,0.0,1.99,49.43,4.37,42.46,0.56
48.16,37.2,0.0,1.85,49.7,4.67,39.83,0.0
84.9,37.15,0.0,1.78,67.3,6.64,24.64,0.56
48.46,45.06,0.0,1.79,48.79,6.66,30.67,3.9
83.57,37.95,1.49,-3.43,52.14,5.76,29.83,1.69
37.87,38.56,0.0,2.04,48.41,5.68,45.24,1.29
68.7,39.09,0.0,1.75,49.15,6.27,46.69,1.59
45.93,100.0,0.59,-1.23,48.09,6.47,42.13,0.0
86.62,36.9,0.0,2.12,50.32,4.35,34.25,0.55
30.18,38.08,1.47,-3.22,50.01,6.13,28.79,1.64
32.36,39.09,1.85,-3.42,50.93,7.08,38.69,0.0
70.45,38.79,0.0,1.94,48.27,5.54,33.1,1.39
51.54,38.98,1.66,-3.07,65.65,7.39,41.11,1.23
37.7,36.35,1.77,-3.32,48.25,7.02,45.97,0.0
59.58,38.07,1.52,-3.03,48.7,5.3,40.99,1.46
71.5,37.51,1.78,-3.35,49.84,5.69,45.0,1.65
24.14,39.09,1.79,-3.14,51.87,6.84,35.74,0.0
28.82,39.09,1.67,-3.54,50.84,7.29,45.8,3.54
53.49,38.03,0.0,2.1,65.14,7.97,41.69,1.71
71.53,37.2,0.0,1.92,47.27,5.75,37.48,3.41
88.07,38.03,0.0,2.26,49.2,6.56,31.79,3.67
24.66,39.16,0.0,1.86,50.18,4.29,43.69,0.94
82.95,38.68,0.0,1.88,63.47,7.95,26.26,1.26
33.19,36.48,1.44,-3.25,49.36,5.46,38.61,1.37
87.9,36.9,0.0,1.91,47.63,4.74,43.12,1.15
64.46,36.27,0.0,1.66,50.43,5.84,35.14,1.66
68.33,38.76,1.23,-2.73,101.72,11.14,26.67,0.67
83.32,38.03,0.0,1.97,83.79,8.72,31.48,0.57
42.18,38.75,1.28,-2.53,48.23,4.05,43.01,1.07
61.39,37.19,0.0,2.17,49.69,4.33,43.92,0.64
71.44,38.07,0.0,1.95,90.44,11.55,37.18,1.58
31.76,38.27,0.0,1.96,51.66,5.86,31.38,0.0
86.72,45.06,0.0,2.1,50.37,6.58,37.92,3.77
46.73,35.55,0.0,1.8,97.13,12.65,40.1,1.76
41.29,38.12,0.0,1.89,48.04,5.74,31.93,1.58
39.33,37.83,0.0,1.95,63.81,5.66,25.23,0.87
95.91,37.5,0.0,0.89,89.62,9.75,24.6,0.54
74.17,37.68,0.0,1.8,66.47,7.54,41.29,1.34
35.18,38.08,1.79,-3.63,48.64,5.65,44.6,1.61
62.61,38.27,0.0,2.2,48.5,5.95,46.56,1.62
49.12,39.09,0.0,1.88,48.86,5.06,38.18,1.22
46.11,62.0,1.02,-2.09,51.31,4.91,30.53,0.99
67.62,38.38,0.0,2.2,51.25,6.87,31.33,3.78
73.75,37.2,0.0,1.95,49.36,5.75,36.23,1.49
20.93,38.75,0.0,1.93,74.63,7.71,38.51,0.55
28.46,38.11,0.0,1.81,49.28,5.44,26.08,3.41
76.23,35.55,0.0,1.98,47.39,5.73,43.85,2.83
83.6,37.21,1.32,-2.46,47.65,4.61,33.33,1.16
80.62,37.5,0.0,1.82,57.12,5.71,25.78,0.78
48.56,39.21,1.15,-2.46,48.03,3.99,36.26,0.63
94.92,43.49,0.0,1.18,49.12,4.78,32.79,0.99
90.58,39.09,1.71,-3.5,50.41,5.63,31.19,1.43
92.79,38.68,1.56,-3.05,102.19,12.95,40.47,1.38
45.29,38.03,0.0,1.9,52.03,4.56,30.44,0.7
86.71,38.2,0.0,1.81,49.76,6.06,46.33,1.62
98.47,39.19,0.0,0.97,50.49,7.31,35.08,3.65
41.13,38.98,1.9,-3.71,51.28,7.28,46.48,0.0
94.01,38.76,0.0,1.1,54.57,6.82,29.43,1.7
41.16,39.74,1.41,-3.02,50.86,4.7,42.4,0.86
39.57,39.09,0.0,2.0,67.94,6.76,34.89,0.68
21.8,38.98,1.52,-2.96,49.39,5.63,40.66,1.45
94.8,37.2,1.75,-3.26,91.4,11.98,37.05,1.62
67.92,38.08,0.0,2.09,91.67,10.37,27.66,1.13
67.88,37.91,1.22,-2.78,50.46,4.39,27.02,0.58
77.94,38.07,1.17,-2.58,47.37,5.95,31.84,3.82
62.34,38.56,1.35,-2.82,62.11,6.23,40.05,0.79
62.47,37.2,1.44,-2.89,52.3,5.07,37.49,0.87
58.62,38.24,0.0,2.36,51.03,6.9,41.92,3.79
80.39,100.0,0.57,-1.2,49.32,6.64,31.43,3.15
92.14,38.24,0.0,0.98,50.32,5.79,37.7,1.6
93.96,37.49,0.0,1.1,50.43,6.39,32.12,1.82
56.27,38.98,0.0,1.98,97.88,11.94,35.67,1.55
64.27,38.2,0.0,2.18,47.59,6.41,43.96,3.06
89.96,37.15,0.0,2.26,73.13,8.5,45.1,1.41
33.07,39.9,0.0,2.1,85.92,10.36,32.78,1.46
72.83,36.62,1.41,-2.73,49.04,3.93,42.32,0.47
92.13,38.68,0.0,0.9,50.29,6.06,32.27,1.72
30.54,38.26,0.0,2.02,51.19,5.77,42.17,1.69
62.38,38.76,0.0,1.69,51.02,5.91,42.53,1.4
72.51,38.93,1.2,-2.52,49.8,3.8,41.59,0.37
63.67,38.01,0.0,2.06,50.4,4.62,42.09,0.84
69.32,37.11,1.43,-2.77,51.59,5.13,41.35,0.77
54.85,45.06,0.0,1.78,50.44,6.44,42.74,0.0
40.24,38.23,0.0,2.25,50.97,5.51,27.42,1.05
59.66,39.25,1.72,-3.44,49.07,6.24,40.41,1.64
54.1,39.04,1.42,-3.11,50.01,5.92,37.22,1.68
40.16,39.07,0.0,2.01,48.2,4.75,42.9,1.3
51.05,38.76,0.0,2.03,47.67,5.21,43.72,1.4
52.3,44.43,1.58,-3.12,49.97,6.02,44.29,1.62
75.07,37.93,1.63,-3.3,51.37,6.63,40.46,0.0
89.2,38.03,0.0,2.12,48.59,5.29,44.04,1.59
81.88,38.68,0.0,1.87,57.65,7.35,42.36,1.69
39.45,100.0,0.55,-1.07,51.18,4.38,26.0,0.72
96.36,38.22,0.0,1.13,49.24,4.1,26.46,0.52
24.28,39.32,0.0,1.86,51.15,4.41,37.63,0.58
21.46,39.09,0.0,1.88,49.87,4.89,28.81,3.0
78.3,37.51,0.0,2.23,50.44,6.87,27.41,3.38
28.27,38.63,0.0,1.98,50.76,5.45,35.68,1.37
31.08,38.98,1.28,-2.56,49.56,4.44,39.51,0.0
69.14,39.53,1.47,-2.8,50.79,5.72,25.9,1.16
39.04,36.9,1.43,-3.29,49.95,6.11,26.85,1.53
72.74,39.92,0.0,1.74,49.04,5.21,33.68,1.27
67.9,37.51,0.0,1.9,77.65,8.0,36.9,0.54
94.91,37.68,0.0,0.96,50.15,5.3,33.0,1.66
85.88,38.11,0.0,1.83,49.32,5.85,38.94,1.68
20.68,37.79,1.38,-2.96,52.24,4.98,28.49,0.81
88.08,37.51,0.0,2.12,48.06,4.26,27.06,0.51
92.29,36.62,0.0,1.0,50.36,7.29,37.97,3.81
34.19,100.0,0.0,2.07,49.17,6.26,35.51,1.51
93.32,38.76,0.0,0.98,49.46,6.2,42.34,3.76
90.28,38.66,1.32,-2.36,48.71,4.12,38.19,1.16
62.5,37.91,1.54,-3.02,50.57,6.68,34.66,3.89
73.12,37.51,0.0,1.99,84.32,10.16,27.16,1.35
65.44,37.59,1.32,-2.57,50.55,4.48,27.15,0.55
56.64,37.91,1.28,-2.82,49.29,4.55,27.48,0.0
29.64,37.5,1.61,-3.09,49.55,5.96,37.93,1.53
48.02,37.2,1.44,-3.04,51.14,3.84,43.24,0.56
91.78,36.27,1.26,-2.58,55.9,5.63,41.8,0.98
94.91,44.43,0.0,1.02,50.48,5.07,31.02,2.67
59.1,37.83,0.0,2.03,95.34,10.32,36.64,0.93
82.57,38.2,0.0,2.06,48.06,5.56,34.13,1.38
55.65,37.5,0.0,2.34,85.53,10.03,43.84,1.27
85.48,38.07,0.0,1.77,67.42,7.91,28.62,1.47
48.53,36.35,0.0,1.88,48.94,5.62,37.39,1.42
84.0,38.03,1.65,-3.28,50.04,7.23,37.3,4.41
25.52,38.03,0.0,2.08,50.65,4.63,41.09,0.49
90.46,37.2,0.0,1.96,67.81,7.82,27.35,1.64
62.13,38.12,1.3,-2.44,49.18,4.73,43.44,0.99
87.98,37.51,0.0,1.83,48.48,4.34,39.67,3.19
83.48,36.9,1.55,-3.21,75.82,9.65,31.98,1.67
40.57,37.91,0.0,1.81,50.9,5.7,34.74,1.64
47.84,36.82,1.48,-2.96,47.75,4.73,42.57,1.37
83.46,45.06,0.0,2.09,50.84,7.08,36.17,3.48
22.52,45.06,0.0,1.62,50.71,4.43,36.34,0.4
22.71,38.27,1.12,-2.2,49.88,6.47,32.64,2.9
94.46,100.0,0.54,0.0,45.4,5.12,31.11,1.37
60.98,39.33,0.0,2.3,49.38,4.01,31.12,0.48
36.28,37.97,1.6,-2.8,48.2,6.02,46.42,3.68
76.01,38.09,1.45,-2.75,47.87,4.83,42.48,0.0
46.96,37.2,0.0,2.21,48.76,6.61,38.77,2.9
41.94,38.08,0.0,1.91,52.85,6.53,30.3,3.32
29.28,38.15,0.0,2.34,48.97,5.65,31.69,1.42
93.47,38.68,0.0,0.94,82.15,10.01,34.77,1.72
27.99,38.78,1.72,-3.44,49.69,5.59,43.86,1.54
69.49,38.12,0.0,1.93,50.24,6.77,38.28,4.21
19.59,38.98,0.0,-0.65,50.58,5.77,25.74,1.17
89.67,38.98,0.0,1.7,48.74,4.71,29.24,3.02
73.24,100.0,0.53,-1.02,50.85,4.31,29.4,0.68
74.96,39.03,0.0,2.24,51.95,5.42,44.09,0.93
45.17,38.07,0.0,1.65,50.49,6.38,37.29,1.57
79.86,35.55,1.37,-2.82,47.79,4.88,36.92,1.12
97.29,37.5,0.0,0.9,93.21,10.85,29.65,1.29
54.51,38.98,0.0,1.75,47.12,4.57,38.41,1.07
42.01,37.2,0.0,1.7,48.32,4.62,37.57,0.0
24.87,36.9,1.36,-2.66,46.69,5.82,31.54,1.35
46.0,39.81,0.0,2.05,49.28,6.41,42.51,0.0
35.83,39.25,0.0,2.19,48.92,6.51,29.88,4.15
50.54,38.76,0.0,1.95,89.08,10.16,40.89,1.23
38.14,45.06,0.0,1.97,52.27,6.85,33.12,3.84
84.25,37.51,0.0,1.94,50.81,5.32,28.86,0.0
71.77,37.74,0.0,1.98,48.5,4.96,41.63,1.3
66.27,37.68,1.2,-2.4,48.51,4.86,36.88,2.44
83.38,38.11,1.7,-3.39,49.13,5.62,39.77,1.57
95.47,38.38,1.27,-2.86,49.46,5.31,45.01,1.63
76.65,37.78,0.0,2.14,50.48,5.56,33.13,1.44
82.86,37.44,0.0,1.8,48.87,5.79,39.45,1.51
27.16,100.0,0.53,-1.09,49.93,5.38,31.9,0.0
84.67,39.44,0.0,1.94,47.87,4.51,33.95,1.15
89.01,37.68,1.41,-2.89,46.98,4.79,30.67,1.24
79.81,44.43,0.0,2.28,51.66,5.27,33.06,2.36
32.72,37.2,1.39,-2.75,83.24,8.94,42.86,0.94
84.22,37.5,0.0,1.97,103.31,11.66,34.97,0.79
94.05,38.07,1.76,-3.03,48.6,6.34,34.58,0.0
45.18,37.51,0.0,2.18,51.63,4.73,32.85,0.64
58.95,37.51,0.0,2.22,49.41,6.16,34.25,0.1
21.73,37.51,0.0,2.03,50.82,7.43,38.46,0.0
96.94,38.65,0.0,1.05,47.13,5.01,34.76,1.45
48.57,39.25,0.0,2.25,49.19,5.41,36.29,2.76
85.11,100.0,0.0,2.15,84.43,9.31,36.93,0.54
89.08,44.43,0.0,2.14,50.01,5.73,43.32,0.0
92.48,38.76,0.0,0.97,101.68,12.79,30.91,1.67
52.64,37.2,1.74,-3.53,52.28,6.03,40.39,1.12
29.0,38.11,1.62,-3.01,49.79,7.19,37.65,4.09
66.66,45.06,0.0,2.0,48.59,6.04,36.95,1.72
30.62,37.15,0.0,1.98,47.97,4.16,36.95,1.1
53.22,100.0,0.51,-1.06,49.59,7.06,39.21,0.0
33.28,37.2,0.0,2.11,48.31,4.82,26.43,1.29
97.75,39.19,0.0,1.02,51.29,5.23,39.49,0.89
95.26,100.0,0.0,1.06,51.36,6.1,46.25,1.87
37.64,37.68,0.0,2.11,49.2,6.29,30.18,1.61
95.43,38.07,0.0,1.02,51.44,6.19,27.21,0.0
95.95,38.76,0.0,1.14,49.94,5.79,44.83,0.0
25.32,39.81,1.43,-2.74,50.81,5.89,33.72,1.44
94.36,37.57,0.0,1.06,50.81,6.25,30.27,1.65
81.79,38.27,1.43,-2.84,48.8,4.3,36.68,0.81
71.47,100.0,0.0,1.81,61.38,7.24,35.24,1.54
40.92,37.69,0.0,2.04,50.25,4.02,27.46,0.47
68.15,37.2,1.52,-3.27,50.33,4.85,42.13,0.71
80.43,38.56,1.68,-3.38,49.29,5.79,44.67,1.59
44.24,100.0,0.56,-1.16,49.3,6.94,33.74,3.37
66.7,35.28,0.0,2.02,47.67,4.87,44.68,1.39
92.97,37.2,0.0,0.97,52.08,5.96,37.43,1.17
51.64,39.48,0.0,2.05,48.43,5.7,38.67,1.55
68.25,38.4,1.77,-3.31,51.74,6.4,36.44,0.0
25.55,38.35,0.0,2.17,49.27,6.31,26.83,1.44
68.81,38.18,0.0,2.0,88.16,9.85,33.32,1.07
47.97,38.76,1.45,-2.88,50.81,5.57,45.0,1.51
66.31,36.27,0.0,1.85,51.08,5.59,41.24,1.74
71.84,37.5,1.39,-2.73,65.63,6.29,25.32,0.76
44.04,36.9,1.71,-3.43,85.03,9.48,41.81,0.71
49.46,37.2,1.6,-3.18,51.57,4.62,32.16,0.62
35.25,38.08,0.0,2.28,50.39,6.03,30.56,0.0
97.55,38.08,0.0,0.9,47.73,5.08,28.42,1.35
81.74,38.11,1.63,-3.34,49.59,5.79,39.77,1.48
53.42,38.03,0.0,2.01,49.54,6.07,41.22,1.84
91.64,39.16,1.26,-2.6,47.47,4.91,27.42,1.47
44.46,37.86,0.0,2.03,49.81,5.76,46.44,1.79
19.04,37.93,1.84,-3.68,49.83,6.25,30.93,1.49
96.38,38.55,0.0,0.86,50.68,6.36,45.64,1.59
41.28,37.15,0.0,2.1,49.74,5.89,33.21,1.49
73.02,39.25,0.0,1.85,49.46,5.68,30.94,1.46
27.21,35.55,1.44,-2.69,49.98,5.16,34.2,1.04
97.13,38.98,0.0,1.02,50.57,6.68,43.93,0.0
81.08,45.06,0.0,1.9,51.54,4.72,43.2,0.62
93.15,38.6,0.0,1.02,50.44,4.95,41.06,0.79
95.65,37.51,0.0,0.88,50.23,6.45,27.79,1.6
53.31,37.5,0.0,2.1,83.27,9.14,25.17,0.89
65.74,39.19,1.39,-2.82,83.31,8.34,34.12,0.5
54.58,37.42,1.41,-3.16,51.43,4.58,32.06,0.74
65.05,36.35,1.68,-3.43,101.44,13.1,28.56,1.52
92.46,38.56,1.36,-2.59,50.96,4.55,31.15,0.65
43.47,38.03,0.0,1.74,78.18,7.8,32.42,0.56
68.19,38.68,1.4,-2.71,50.01,5.32,29.86,3.4
95.9,38.65,0.0,1.01,46.04,4.75,28.25,1.25
26.0,87.47,0.51,-1.06,50.26,4.39,38.38,0.55
70.1,38.97,1.3,-2.97,100.08,10.93,29.92,0.5
48.39,37.97,0.0,1.65,47.58,5.23,34.77,1.36
95.59,38.27,0.0,0.88,93.37,11.0,44.64,1.19
75.2,37.5,0.0,2.05,87.53,10.46,34.61,1.53
76.0,38.76,0.0,1.72,75.32,8.86,31.65,1.41
88.36,38.07,0.0,1.72,72.63,8.75,34.64,1.57
73.75,100.0,0.63,-1.34,103.33,12.47,36.84,0.92
67.13,38.98,0.0,1.97,51.75,5.63,38.3,0.96
42.45,100.0,0.64,-1.25,50.52,7.13,29.62,0.0
60.61,39.19,1.04,-2.25,47.97,4.09,28.75,0.64
90.62,38.36,0.0,1.1,47.65,5.2,35.96,1.32
72.27,38.03,0.0,1.97,48.98,5.64,43.39,1.49
26.59,38.11,0.0,2.18,49.8,5.94,46.64,1.63
43.01,39.19,0.0,1.85,51.11,5.95,28.77,1.58
33.04,44.43,0.0,2.03,85.01,10.65,32.24,1.34
94.45,44.43,0.0,1.08,50.84,5.62,30.47,3.77
18.46,37.25,1.98,-3.92,50.81,6.92,40.93,1.59
67.41,38.76,0.0,1.86,50.09,4.65,32.91,0.61
27.43,38.56,0.0,1.86,52.09,6.11,45.3,1.67
19.13,38.11,1.71,-3.31,51.19,6.37,29.33,1.44
40.03,38.08,0.0,1.86,51.65,7.78,46.26,0.0
24.86,39.9,1.58,-3.21,63.99,7.59,44.64,1.59
95.39,38.24,0.0,0.91,48.03,4.57,34.51,1.0
84.72,38.68,1.78,-3.31,50.56,6.25,30.42,1.56
28.41,38.07,0.0,1.99,53.56,6.5,44.04,1.54
75.58,38.76,1.57,-3.2,93.9,11.92,28.17,1.42
94.36,39.19,0.0,0.91,48.43,6.83,43.66,3.63
76.07,37.51,0.0,2.0,49.29,6.79,47.02,0.0
70.61,39.25,1.08,-2.29,49.52,4.43,38.22,0.51
90.76,37.95,1.82,-3.47,49.88,6.48,36.79,0.0
30.84,37.2,0.0,2.13,51.02,7.07,39.93,0.0
26.05,37.15,0.0,2.09,51.64,5.31,42.9,0.8
66.28,37.97,1.56,-2.95,48.86,5.79,27.18,1.35
79.95,38.08,1.44,-3.26,63.85,7.39,37.25,1.35
83.99,37.34,0.0,1.99,72.0,7.82,29.05,0.92
38.6,38.12,0.0,1.9,48.61,4.14,30.42,1.05
51.19,39.09,0.0,1.92,86.06,10.24,43.29,1.35
79.83,37.83,0.0,1.98,47.76,4.95,36.54,1.34
95.53,38.76,0.0,1.08,60.09,7.36,40.58,1.49
92.95,38.03,0.0,1.05,102.2,12.62,40.79,1.59
27.93,38.08,0.0,2.12,48.68,5.61,30.52,0.0
91.85,37.2,1.27,-2.66,47.08,4.99,26.59,1.29
93.18,39.76,0.0,0.96,48.2,5.57,34.61,1.68
51.79,39.59,1.55,-2.94,48.82,5.96,29.03,1.58
97.15,37.51,0.0,1.02,50.14,5.27,30.46,1.08
43.52,100.0,0.61,-1.25,50.33,6.09,36.91,1.7
50.56,36.9,0.0,1.86,47.74,6.54,40.0,0.0
95.79,38.03,0.0,0.86,50.62,6.57,39.78,0.0
94.86,36.62,1.47,-3.2,47.55,5.7,44.86,3.23
23.26,37.62,0.0,1.99,49.98,5.52,34.41,1.56
88.79,37.91,0.0,2.24,51.18,5.72,36.33,1.08
75.13,37.51,0.0,1.92,48.22,5.95,35.17,1.38
77.39,38.08,1.76,-3.34,49.62,5.55,36.59,1.66
61.68,37.68,0.0,1.83,49.61,5.25,37.14,1.49
83.92,100.0,0.0,1.89,84.09,8.79,26.36,0.77
34.72,45.06,1.32,-2.8,48.28,5.85,37.11,1.64
79.81,38.68,0.0,1.89,102.68,13.4,34.93,1.55
74.0,38.76,1.59,-3.15,95.56,11.54,34.88,1.46
51.66,38.68,0.0,2.07,56.39,6.6,38.08,1.36
47.54,37.2,1.68,-3.63,51.04,6.51,36.39,0.0
94.93,39.19,0.0,0.99,49.92,5.84,30.17,1.5
34.89,38.98,0.0,2.01,67.63,8.28,32.38,1.56
97.9,39.09,0.0,0.97,48.99,5.02,35.93,1.29
22.06,38.68,0.0,1.95,51.8,6.76,25.4,0.0
91.2,38.98,0.0,1.01,49.4,5.23,45.74,1.3
81.28,38.12,1.44,-2.82,84.85,8.99,40.63,0.45
64.87,38.98,1.52,-2.78,66.58,6.72,32.5,0.57
92.91,44.43,0.0,1.09,50.92,7.29,30.72,0.0
31.34,36.35,1.84,-3.28,49.52,5.63,44.07,1.26
51.19,39.19,0.0,1.98,48.95,5.69,46.33,1.48
84.43,36.27,0.0,1.83,51.68,5.95,27.72,1.29
71.34,38.04,0.0,1.84,76.75,9.3,43.21,1.08
37.71,45.77,0.0,2.19,50.0,5.63,44.62,1.65
65.36,37.2,1.24,-2.79,50.7,4.0,33.66,0.38
52.71,37.68,1.38,-2.96,48.36,6.33,45.13,0.0
86.73,38.09,0.0,1.73,49.64,6.32,30.59,1.59
83.1,37.51,1.26,-2.74,98.88,12.35,33.68,1.43
25.5,39.19,1.57,-2.82,75.34,9.32,40.75,1.4
76.78,36.35,0.0,1.85,48.12,3.64,31.39,0.67
96.04,37.93,1.15,-2.4,49.18,4.0,36.09,0.47
26.15,38.76,0.0,2.23,54.44,5.28,24.82,0.69
49.59,38.56,0.0,1.85,50.84,5.91,35.74,2.51
95.19,39.39,0.0,0.93,49.03,5.85,38.41,1.79
83.0,38.76,1.49,-3.31,50.15,6.43,28.05,1.63
65.14,45.6,0.0,2.13,50.45,6.04,35.1,1.63
20.89,38.68,0.0,2.13,50.57,6.7,32.98,3.05
50.24,37.97,0.0,1.86,47.81,5.51,29.52,1.48
47.11,39.19,0.0,2.2,51.08,4.02,40.55,0.64
48.54,37.51,0.0,1.92,50.43,4.76,29.62,0.0
96.89,37.24,0.0,1.04,50.1,5.58,40.56,1.09
68.36,39.4,0.0,2.1,51.94,5.62,36.38,1.53
49.25,38.12,1.3,-2.42,49.1,3.69,29.04,0.95
82.67,35.55,0.0,2.23,48.42,6.63,40.04,2.99
96.74,39.19,0.0,0.88,53.71,6.03,30.8,1.54
70.49,100.0,0.0,1.87,59.79,6.74,39.66,1.36
40.87,39.21,0.0,2.08,47.95,4.59,40.78,1.16
38.82,38.68,0.0,2.11,51.21,6.69,33.6,0.0
51.9,100.0,0.56,-1.26,83.63,10.29,38.65,1.17
69.91,38.56,0.0,2.0,51.81,5.58,26.67,0.0
90.06,37.5,1.92,-3.47,50.27,5.56,44.79,1.49
54.8,37.2,0.0,1.99,49.54,5.92,33.08,3.01
48.28,100.0,0.49,-0.93,47.91,5.36,33.8,0.0
79.39,38.63,0.0,2.29,49.23,6.06,34.93,1.55
53.0,38.04,0.0,2.04,51.24,5.65,37.4,1.54
90.18,38.98,0.0,2.1,49.05,4.62,29.81,1.18
52.49,37.95,0.0,2.19,49.62,6.04,41.22,1.54
87.13,38.15,1.71,-3.24,51.48,6.77,35.55,1.98
97.5,39.19,0.0,1.05,50.1,6.55,44.94,0.0
79.9,39.38,1.29,-3.0,50.63,4.43,39.2,0.72
54.22,38.27,1.35,-2.48,47.87,4.55,28.92,0.89
36.44,38.96,1.44,-3.05,50.04,6.39,43.77,1.82
19.4,64.81,0.0,0.02,49.66,5.97,36.6,1.28
27.2,38.76,0.0,2.11,55.12,5.41,41.77,0.49
18.77,38.96,1.84,-3.33,50.71,6.71,38.09,1.64
41.34,38.11,0.0,2.03,49.2,7.24,40.0,4.5
72.63,37.2,0.0,2.09,46.99,6.19,37.48,4.27
58.4,38.04,0.0,2.2,59.55,7.38,39.03,1.61
58.18,38.68,0.0,2.05,50.7,6.93,43.63,3.31
41.72,39.81,0.0,1.96,48.08,6.12,34.13,3.34
90.75,39.33,0.0,1.19,50.4,5.94,27.54,1.67
92.54,37.33,0.0,1.13,50.7,4.47,23.69,0.5
39.49,38.76,0.0,2.2,75.74,9.38,33.69,1.64
36.9,38.56,0.0,2.08,48.11,5.37,46.06,1.38
92.52,38.68,0.0,1.09,78.63,9.54,36.29,1.35
76.79,38.65,1.51,-2.95,48.92,5.72,33.87,1.54
59.67,36.27,0.0,1.74,48.2,5.87,45.37,1.37
85.04,39.09,0.0,1.97,77.72,9.43,46.27,1.48
45.25,39.9,1.4,-3.12,51.45,5.88,46.75,1.61
27.64,54.99,0.0,2.22,51.63,4.73,35.73,0.65
31.37,37.36,1.91,-3.74,49.22,6.06,28.65,1.65
49.71,37.5,0.0,1.86,48.8,7.12,33.68,4.11
73.1,38.07,1.55,-3.23,48.24,6.28,34.57,0.0
93.2,39.6,1.36,-2.43,46.7,4.95,38.14,1.37
72.54,38.27,0.0,2.15,52.69,6.51,28.0,1.62
45.88,38.68,0.0,2.0,50.22,5.33,36.69,2.83
61.1,37.6,0.0,1.8,51.94,4.77,44.4,0.94
32.47,38.94,0.0,2.32,49.59,5.33,27.33,1.31
28.02,39.32,1.56,-3.0,48.13,5.48,35.07,1.58
93.06,37.2,1.74,-3.49,93.4,12.21,30.73,1.68
55.68,36.35,0.0,2.02,51.71,6.31,31.3,1.51
95.33,39.4,1.42,-0.98,49.17,5.78,43.69,1.51
24.97,37.83,1.3,-3.02,50.44,5.23,34.69,0.7
95.41,38.09,0.0,1.09,48.73,3.66,27.21,0.76
57.31,38.4,1.52,-2.77,48.09,6.25,37.98,3.0
78.17,38.76,0.0,2.16,80.48,9.84,43.74,1.44
76.28,100.0,0.7,-1.39,92.17,11.9,30.84,1.53
57.31,37.93,1.47,-2.9,48.13,5.3,38.18,3.47
80.81,38.56,0.0,1.78,49.29,5.65,42.55,1.44
50.56,36.37,0.0,1.96,47.35,5.3,29.93,1.57
86.89,38.98,0.0,1.68,49.25,6.26,39.27,0.0
87.19,39.09,0.0,2.14,81.92,10.37,35.55,1.49
53.2,38.98,1.41,-2.95,64.2,7.12,26.15,1.23
23.72,37.5,1.85,-3.55,48.68,7.44,40.86,0.0
97.52,38.03,0.0,0.94,49.32,4.68,26.44,0.0
20.83,38.57,1.79,-3.4,50.91,7.66,44.29,0.0
89.37,38.07,0.0,1.93,74.27,9.28,32.39,1.5
24.16,38.03,0.0,2.13,51.33,5.16,30.28,0.0
81.98,45.06,1.32,-2.56,53.2,6.55,29.31,1.51
95.03,37.5,0.0,0.95,51.95,6.76,30.6,2.04
28.09,37.5,0.0,2.13,50.82,5.29,43.56,0.82
26.91,36.35,0.0,2.08,49.29,6.86,29.28,0.0
22.57,75.97,0.77,-1.45,48.54,4.9,25.12,1.03
93.18,38.07,1.67,-3.52,104.86,13.16,28.8,1.64
64.45,38.03,1.62,-2.68,47.73,4.67,32.81,1.02
57.07,37.83,0.0,1.97,93.27,10.44,35.82,0.7
96.9,38.76,0.0,0.96,49.65,5.93,30.04,3.12
48.6,37.57,1.44,-2.88,49.85,6.59,30.6,4.5
60.17,100.0,0.59,-0.98,58.37,6.03,33.14,1.1
60.9,37.51,0.0,1.73,68.33,8.78,29.07,1.76
69.8,53.3,0.82,-1.92,49.47,4.29,34.85,0.64
90.43,38.07,0.0,2.07,49.85,5.48,33.85,1.5
55.15,38.76,0.0,1.85,49.46,5.66,45.14,1.38
20.22,38.11,0.0,-0.61,51.07,6.84,38.86,3.8
21.89,37.68,0.0,1.91,51.79,7.03,32.45,0.0
76.7,37.83,0.0,1.74,49.58,4.14,30.23,0.36
90.81,39.09,0.0,1.83,88.69,10.8,33.98,1.48
84.8,35.55,0.0,2.12,49.11,6.52,34.11,4.16
87.73,38.11,0.0,1.89,75.43,7.11,40.68,0.66
53.15,38.08,1.84,-3.33,49.98,6.7,44.04,0.0
25.47,36.27,0.0,2.07,52.26,7.18,36.45,3.79
40.96,38.98,1.6,-3.22,77.34,9.97,39.64,1.69
27.9,38.57,0.0,2.02,49.08,4.96,29.01,1.11
29.59,39.45,0.0,1.98,49.34,5.42,45.3,1.51
89.2,38.09,0.0,2.01,49.78,5.66,27.88,1.53
92.93,37.24,0.0,1.0,50.11,5.84,44.83,1.42
35.76,39.66,0.0,1.68,51.43,4.22,43.54,0.68
60.82,38.36,1.68,-3.21,47.65,4.98,33.26,1.31
97.78,36.35,0.0,1.1,71.36,8.2,40.02,1.53
48.43,44.43,0.0,1.79,49.08,5.59,28.35,1.43
29.11,37.51,1.61,-3.2,47.51,5.31,36.17,1.15
58.65,38.09,1.61,-3.1,49.33,6.96,34.86,3.83
33.31,38.98,0.0,1.92,48.04,6.29,36.41,1.53
21.58,37.51,0.0,2.05,50.02,5.9,44.84,1.59
45.97,39.19,1.48,-3.03,55.58,6.09,39.25,1.53
77.13,37.5,0.0,1.94,90.85,11.42,44.0,1.61
55.03,37.68,0.0,2.19,48.26,5.79,35.31,1.46
95.14,37.43,1.57,-1.1,49.34,3.91,41.67,0.56
28.84,100.0,0.67,-1.19,50.29,6.03,37.37,1.48
53.48,44.43,0.0,1.94,50.36,5.78,35.5,1.59
75.94,38.97,0.0,2.18,51.51,4.48,40.34,0.7
23.44,38.07,1.13,-2.59,50.21,5.61,43.24,0.0
81.12,38.27,0.0,1.9,64.18,7.79,27.38,1.62
45.1,37.68,0.0,1.82,49.46,5.43,39.46,0.0
54.61,38.98,1.55,-3.31,62.57,6.82,38.09,1.18
36.73,36.35,0.0,1.89,49.38,3.75,39.28,0.59
70.91,38.03,1.42,-2.53,49.01,4.99,33.1,0.0
73.07,38.97,1.53,-3.0,98.86,11.68,26.63,0.77
87.84,37.01,0.0,1.98,50.37,4.89,38.73,0.82
23.38,39.19,1.38,-2.97,49.59,6.36,29.28,1.63
85.96,38.76,0.0,1.9,49.85,3.96,26.68,0.4
30.37,38.11,0.0,1.78,48.96,5.55,31.09,0.0
32.0,37.5,0.0,2.23,51.22,4.75,30.9,0.95
53.24,37.83,0.0,1.93,87.37,11.37,38.48,1.83
37.26,38.09,1.51,-3.29,49.27,5.67,35.85,1.52
79.43,38.97,1.82,-3.56,93.26,11.27,31.65,1.34
27.65,39.21,0.0,2.0,49.95,6.69,32.39,3.84
87.1,38.03,0.0,1.97,87.13,10.34,27.97,1.1
25.22,100.0,0.0,1.89,50.84,5.66,33.89,2.65
28.55,39.1,0.0,1.88,48.21,4.4,29.82,0.79
49.74,37.99,1.49,-3.06,62.62,7.48,38.66,1.69
96.67,35.55,1.66,-1.08,50.98,6.84,41.0,0.0
44.15,38.12,0.0,1.87,49.39,6.7,32.45,3.98
45.08,39.16,1.3,-2.55,48.25,5.02,42.77,1.15
72.57,37.86,1.88,-3.53,51.42,6.1,44.18,1.66
84.2,37.2,0.0,1.88,56.9,6.58,34.69,1.21
32.76,38.03,1.32,-2.99,49.97,5.73,26.51,1.4
24.57,38.07,1.46,-2.95,50.85,5.44,34.01,0.0
68.71,39.27,1.43,-2.86,49.22,5.5,37.01,1.4
78.11,38.86,1.34,-2.61,48.61,6.15,27.05,1.67
44.26,37.2,1.31,-2.39,49.01,4.48,41.97,1.21
41.99,38.04,0.0,1.84,50.1,5.53,38.23,1.42
27.44,38.98,0.0,2.06,49.99,3.75,24.25,0.39
58.49,38.11,1.72,-3.08,48.43,5.54,36.7,1.37
32.02,37.93,1.3,-2.52,48.21,5.21,41.98,1.08
74.56,36.62,0.0,1.95,51.37,7.04,31.68,0.0
22.03,38.03,0.0,1.65,51.68,6.6,44.53,3.42
84.31,38.38,0.0,2.08,49.31,6.67,30.81,0.0
25.42,38.08,0.0,2.06,50.38,3.88,24.14,0.33
43.0,37.2,0.0,1.79,47.66,6.22,34.98,3.21
75.51,36.27,0.0,1.73,48.2,5.65,36.39,1.55
36.24,44.43,0.0,2.06,90.54,10.55,45.21,1.49
59.49,38.38,0.0,2.18,48.1,5.06,44.49,1.28
84.52,38.07,0.0,1.79,65.66,8.07,31.73,1.47
23.25,39.03,1.48,-3.32,49.83,6.86,30.24,1.74
47.53,45.06,0.0,1.72,48.84,6.11,30.62,3.68
91.4,36.9,0.0,0.94,49.62,5.59,32.74,1.53
22.8,35.55,0.0,2.24,60.52,7.88,31.62,1.6
48.29,38.03,1.77,-3.36,50.69,7.38,34.13,4.33
37.88,45.6,0.0,1.99,64.44,5.95,24.36,0.38
78.94,38.68,1.9,-3.45,73.65,8.43,31.32,1.52
20.8,37.68,0.0,1.87,51.62,6.4,41.85,2.9
47.3,37.95,0.0,1.92,49.79,4.5,42.56,0.57
68.94,37.43,0.0,2.16,47.77,5.71,43.62,1.32
54.99,39.11,0.0,1.95,49.66,6.12,29.25,1.61
38.01,39.33,0.0,2.02,88.9,9.93,35.07,0.76
78.01,38.12,1.22,-2.78,48.14,5.31,30.95,1.4
16.98,39.59,1.83,-3.79,50.34,6.45,42.26,1.27
71.96,39.09,0.0,1.96,47.91,5.31,45.7,1.39
53.72,38.76,0.0,2.12,94.37,11.96,42.01,1.46
55.03,38.76,1.74,-3.06,50.13,7.14,29.6,4.16
24.1,37.2,1.83,-3.74,49.55,7.36,27.4,4.35
70.64,39.09,1.56,-3.13,47.43,5.73,36.78,4.19
64.24,36.37,0.0,2.23,50.79,6.31,38.95,1.61
95.9,44.43,0.0,0.99,49.15,4.13,25.01,0.39
87.09,38.08,0.0,1.77,67.89,6.79,26.12,0.84
63.03,39.29,0.0,1.87,50.62,4.05,37.98,0.48
36.82,37.86,1.9,-3.82,62.24,7.51,34.88,1.67
89.14,38.18,0.0,1.92,47.6,5.31,26.38,1.36
22.95,38.76,0.0,2.25,50.3,5.89,28.27,1.54
50.83,36.35,1.72,-3.37,49.23,4.58,25.9,0.53
84.59,38.98,1.36,-2.85,47.14,5.53,39.97,1.55
90.34,38.06,0.0,0.85,48.3,5.83,45.24,1.43
89.96,37.51,1.55,-2.78,90.9,10.78,37.84,1.14
40.11,37.86,0.0,1.95,49.22,5.86,44.09,1.5
34.94,38.98,1.46,-2.83,83.29,9.09,29.14,0.64
61.9,37.35,0.0,2.23,50.21,4.17,25.62,0.67
76.42,38.12,1.59,-2.8,48.51,5.32,35.26,1.63
20.6,38.92,0.0,1.78,52.95,5.85,31.92,1.02
83.41,39.25,1.34,-2.66,100.21,12.53,40.51,1.44
76.92,39.67,1.78,-3.54,49.83,5.89,37.65,1.45
34.44,44.43,1.51,-2.87,48.1,5.65,37.95,1.61
29.36,37.2,1.36,-3.04,48.55,6.23,27.32,4.05
33.44,35.55,0.0,2.06,73.47,6.77,25.32,0.69
36.18,100.0,0.0,1.99,49.68,5.23,43.35,1.35
58.76,44.43,0.0,1.88,51.18,4.98,37.3,0.74
21.74,37.34,0.0,1.65,52.21,6.26,39.67,1.51
51.42,39.02,0.0,1.82,48.29,4.79,28.75,1.14
96.16,37.91,1.84,-1.3,50.43,5.77,27.37,1.67
88.4,100.0,0.71,-1.26,65.22,7.75,32.0,1.55
59.42,39.9,0.0,1.97,50.91,5.76,43.74,1.57
30.69,38.03,0.0,2.07,57.31,6.02,36.82,1.67
89.99,37.51,0.0,1.9,46.7,4.55,32.42,1.16
83.06,38.12,0.0,2.14,47.9,5.56,29.18,1.54
97.03,39.92,0.0,1.11,47.16,5.08,28.6,1.31
86.04,38.12,0.0,1.81,49.4,5.75,40.38,1.41
53.63,38.76,0.0,1.91,48.61,6.52,43.64,0.0
72.25,39.81,0.0,2.07,50.05,7.49,29.79,0.0
34.41,37.5,0.0,2.11,49.72,6.39,37.57,0.0
80.92,38.27,0.0,1.94,47.72,5.23,41.12,1.28
30.38,38.68,0.0,2.36,47.67,5.35,45.23,1.31
94.78,38.65,1.88,-3.63,49.54,6.2,43.35,1.81
45.91,39.51,0.0,1.95,48.76,3.95,40.34,0.42
80.98,38.75,0.0,1.83,47.53,3.86,27.29,0.75
50.18,38.2,0.0,2.22,49.5,7.04,29.21,0.0
95.46,38.36,1.49,-1.03,50.43,6.24,42.93,1.71
48.5,37.5,0.0,2.05,77.84,8.54,42.49,0.83
76.7,38.84,1.04,-2.06,48.45,4.16,29.19,0.77
66.58,37.2,1.68,-3.4,97.58,11.76,39.11,1.64
91.43,38.03,0.0,0.98,97.0,11.87,36.03,1.42
78.7,38.18,0.0,1.71,50.94,6.2,46.97,1.77
93.91,38.42,0.0,0.95,49.23,4.52,25.09,0.52
65.63,38.18,0.0,2.22,47.33,5.02,38.02,1.2
96.99,37.2,0.0,0.97,84.77,9.68,35.11,1.0
71.22,38.08,1.43,-2.83,50.65,4.76,36.04,0.78
19.15,38.21,0.0,-1.03,50.07,5.82,36.75,1.5
25.79,37.2,1.68,-3.54,50.78,6.56,40.32,1.81
50.25,45.06,0.0,1.78,48.84,7.09,34.05,0.0
75.33,37.34,1.79,-3.57,50.75,6.19,29.3,1.53
62.46,37.57,1.23,-2.57,47.61,6.69,31.77,4.08
90.39,38.38,0.0,2.01,49.86,6.36,45.99,3.11
85.09,37.89,0.0,2.05,47.91,4.88,36.61,1.24
71.23,37.5,0.0,2.02,49.0,5.52,38.39,1.41
28.66,36.9,1.49,-3.43,98.14,12.88,32.8,1.78
34.53,39.09,1.55,-3.4,49.72,7.21,45.05,0.0
22.19,38.76,1.76,-3.54,88.0,11.36,32.85,1.72
77.79,38.65,0.0,2.1,70.91,7.14,38.77,0.49
95.68,38.97,1.15,-2.43,74.54,8.71,35.4,1.25
82.94,100.0,0.39,-0.92,77.09,8.27,25.1,1.01
29.26,38.08,0.0,2.2,47.77,5.43,42.31,1.18
72.42,38.76,0.0,2.17,68.08,8.2,30.12,1.56
47.03,38.69,1.64,-3.37,49.52,5.87,42.08,1.49
87.12,38.24,0.0,1.67,48.76,4.81,34.95,0.99
46.82,39.09,1.41,-2.54,48.03,4.55,31.2,3.0
89.7,39.19,0.0,2.0,47.64,3.54,33.51,0.65
34.38,38.03,0.0,2.08,49.84,5.82,43.5,1.64
74.34,38.76,1.4,-3.12,51.1,6.6,35.02,0.0
34.85,38.27,0.0,2.07,50.73,5.33,23.93,0.0
91.77,38.12,1.56,-3.05,75.85,9.49,32.92,1.56
56.65,38.68,1.76,-3.44,49.61,6.48,29.28,0.0
40.42,37.99,0.0,1.8,48.98,5.59,37.49,1.52
55.26,38.11,0.0,2.02,49.11,7.02,31.43,3.19
41.75,38.56,0.0,1.95,49.4,6.02,33.36,0.04
51.89,72.24,0.75,-1.64,50.91,5.78,46.51,1.59
91.35,37.15,1.34,-2.92,48.52,5.21,36.03,1.5
85.81,38.76,0.0,2.08,89.68,9.2,23.67,0.42
85.48,37.57,0.0,2.33,49.26,3.89,40.29,0.53
52.11,37.51,0.0,1.98,49.16,5.7,37.83,1.5
20.33,38.11,0.0,-0.74,51.82,6.73,27.06,0.0
39.14,53.46,0.92,-2.0,47.71,5.72,30.48,1.33
29.67,38.03,1.54,-3.11,49.84,6.19,34.05,1.72
40.67,37.97,1.57,-3.14,48.43,6.63,28.42,3.66
39.13,39.33,1.6,-3.08,48.21,6.13,34.64,1.4
79.77,38.76,1.78,-3.24,50.28,5.44,35.71,1.5
85.14,38.05,1.63,-3.3,48.98,5.56,28.0,1.44
59.36,39.55,1.74,-3.21,49.33,6.04,27.21,1.67
96.93,39.09,0.0,1.12,49.04,5.25,43.44,1.16
52.64,38.65,0.0,1.98,49.74,6.1,34.87,1.56
89.4,38.15,0.0,1.89,49.49,5.62,36.81,1.47
62.56,39.37,1.47,-2.98,49.09,6.38,42.17,1.69
96.37,38.12,0.0,0.9,51.21,7.07,33.31,1.21
74.38,38.03,0.0,2.11,49.52,5.52,41.28,1.69
18.86,44.43,1.25,-2.93,65.8,7.55,31.57,0.76
31.68,37.51,1.25,-2.46,48.04,4.78,26.11,0.0
56.11,37.95,0.0,1.74,50.26,6.43,29.18,0.0
76.5,37.43,0.0,1.81,49.93,5.77,40.89,1.68
35.29,38.98,1.21,-2.59,95.26,10.13,30.73,0.52
68.74,37.1,0.0,2.06,46.7,4.89,40.14,1.19
21.21,39.33,1.45,-3.11,59.52,5.97,31.39,0.67
59.7,38.03,0.0,1.77,102.42,13.1,29.93,1.68
40.01,37.91,1.46,-2.94,49.31,6.37,32.28,4.35
81.19,37.15,0.0,2.1,62.27,7.02,30.92,1.62
50.29,38.38,0.0,1.96,50.33,6.53,30.63,1.69
72.9,36.27,0.0,1.94,48.56,4.47,28.32,1.03
24.69,38.18,0.0,2.19,50.17,3.92,34.19,0.48
37.33,100.0,0.57,-1.19,50.04,3.83,31.42,0.41
67.42,45.06,0.0,1.94,51.92,5.92,37.4,2.62
43.78,38.76,0.0,1.93,51.7,5.34,25.98,0.98
70.07,36.62,1.53,-2.76,47.92,4.57,42.75,0.99
90.92,36.9,0.0,1.52,49.89,5.51,27.84,1.26
29.35,37.5,0.0,2.06,49.75,6.25,31.27,3.09
54.91,38.13,0.0,1.7,50.67,6.31,42.14,1.63
44.9,38.59,0.0,1.65,49.29,5.85,46.28,1.67
25.47,39.58,0.0,2.0,51.22,5.65,27.56,0.91
25.7,37.51,1.66,-3.41,47.89,5.96,34.06,1.31
32.57,38.68,1.54,-3.11,47.33,6.08,34.92,4.07
28.29,38.18,0.0,2.28,48.82,4.01,26.46,0.77
85.97,38.99,1.39,-2.77,49.1,5.6,44.62,1.4
76.69,38.12,0.0,2.02,49.17,4.66,31.27,0.0
96.46,37.95,0.0,0.97,51.05,5.87,30.4,0.0
63.99,36.9,0.0,2.02,50.72,5.44,36.91,2.45
60.84,36.27,0.0,2.03,48.74,5.66,36.12,1.6
71.22,38.98,0.0,2.2,49.48,4.2,34.55,0.94
47.8,38.98,0.0,1.97,49.62,3.91,28.8,0.54
27.7,96.53,0.62,-1.28,50.94,5.78,32.53,1.11
18.66,38.76,1.81,-3.53,91.82,11.98,31.97,1.32
27.09,37.91,1.56,-2.83,48.1,6.66,32.79,0.0
92.72,38.4,0.0,1.0,48.93,5.51,43.41,1.6
43.72,38.65,0.0,1.99,48.43,5.22,29.28,1.45
64.16,48.19,1.15,-2.07,46.85,4.96,30.66,1.06
79.22,38.76,0.0,2.09,80.06,9.87,35.68,1.47
22.7,38.76,0.0,2.18,98.65,12.22,45.59,1.42
78.84,38.68,0.0,2.21,56.65,6.85,42.7,1.63
77.13,38.76,0.0,2.03,76.44,9.17,46.39,1.59
61.88,37.68,1.43,-3.0,48.07,5.19,45.43,0.0
79.22,38.24,0.0,2.06,51.77,6.9,39.4,0.0
80.01,38.68,0.0,2.33,58.88,6.84,41.74,1.7
31.41,38.98,0.0,2.07,49.36,4.43,40.97,3.12
94.47,38.24,0.0,1.04,48.43,3.86,38.9,0.48
54.83,38.76,0.0,2.09,49.13,6.53,37.45,3.58
61.77,37.24,1.38,-2.9,70.07,8.15,34.27,1.38
79.31,37.95,0.0,1.72,51.44,6.8,31.38,3.68
72.3,39.3,1.87,-3.34,51.87,6.82,41.42,1.5
52.31,37.5,0.0,2.01,82.17,8.27,42.82,0.78
37.53,36.27,0.0,1.91,49.17,6.16,37.15,0.0
89.2,38.24,0.0,2.09,49.19,5.21,34.28,1.24
96.88,39.09,1.57,-1.02,49.43,5.58,35.52,1.39
68.06,38.29,0.0,2.02,50.45,4.14,38.89,0.54
36.59,36.27,0.0,2.11,49.51,6.29,31.32,0.0
79.55,39.19,1.8,-3.56,69.53,8.25,41.4,1.76
52.63,37.5,0.0,1.81,49.88,7.29,38.89,4.5
44.66,37.76,1.52,-3.05,50.98,6.47,42.43,1.64
43.23,37.15,1.82,-3.51,51.0,6.52,28.88,3.62
68.01,38.76,1.36,-2.79,51.51,4.45,38.07,0.56
50.98,38.98,0.0,2.26,47.55,5.68,27.01,4.0
31.13,37.91,0.0,1.88,49.14,5.97,38.47,2.98
23.66,37.79,0.0,2.09,51.38,5.57,38.86,0.82
92.29,39.09,1.79,-3.18,50.14,6.16,38.64,1.54
83.15,37.2,0.0,1.68,55.45,5.81,34.52,1.15
89.09,38.98,0.0,2.15,49.91,4.43,28.12,1.0
92.47,38.03,0.0,0.98,49.71,5.47,44.83,1.54
51.08,38.88,1.83,-3.39,50.81,5.82,38.47,1.34
35.64,39.09,0.0,2.03,50.47,7.02,31.13,0.0
27.69,38.27,1.45,-2.83,52.18,6.06,40.48,2.67
51.67,38.12,1.12,-2.45,50.67,4.49,24.44,0.61
61.41,37.2,0.0,2.07,50.91,6.0,38.88,0.0
34.27,38.98,0.0,1.95,49.05,5.55,32.48,1.41
52.12,36.35,0.0,1.74,50.6,6.31,27.8,0.0
53.24,38.11,0.0,1.63,48.25,6.27,44.83,4.36
60.42,38.24,0.0,1.81,51.46,7.8,43.4,0.0
87.91,38.68,0.0,2.05,69.7,6.59,27.74,0.71
34.11,38.68,1.57,-2.75,47.31,5.83,36.11,4.1
30.44,38.98,0.0,1.93,48.54,4.56,29.56,1.1
61.35,37.5,0.0,1.71,52.58,5.7,43.52,2.63
45.48,37.63,0.0,1.82,48.83,3.79,37.46,1.01
65.48,45.06,0.0,1.94,51.52,6.98,38.27,3.71
39.83,37.5,1.41,-2.79,46.61,5.22,43.32,0.0
66.77,37.74,1.24,-3.07,51.18,4.98,39.02,0.77
80.05,38.03,0.0,2.11,51.36,6.26,37.04,1.24
36.51,47.72,0.0,2.12,49.92,5.73,31.47,1.57
27.44,38.98,0.0,2.01,59.94,6.05,32.95,0.74
85.41,37.23,0.0,1.71,50.35,5.62,39.73,1.4
95.25,37.66,1.06,-0.47,47.97,3.84,33.97,0.9
84.7,38.76,0.0,1.95,50.35,5.53,42.41,1.45
56.03,100.0,0.7,-1.36,71.12,8.3,29.43,1.45
65.43,38.05,0.0,1.83,51.48,5.28,30.05,0.78
26.85,38.27,0.0,1.86,51.59,7.06,44.45,3.78
90.44,38.11,0.0,1.89,78.8,9.45,28.37,1.35
54.23,38.31,0.0,1.79,49.75,5.48,27.73,1.59
25.64,38.2,0.0,2.09,49.93,6.28,27.73,1.61
38.05,39.9,1.45,-2.63,49.77,4.01,43.5,0.54
74.35,38.03,0.0,1.92,49.85,5.54,27.89,1.3
68.09,37.83,0.0,1.74,51.17,6.26,43.42,1.69
25.97,37.93,1.43,-2.82,48.83,5.33,44.61,1.44
27.14,37.51,0.0,1.88,51.63,5.8,28.24,2.33
33.97,38.97,1.54,-2.9,48.8,5.45,37.06,1.25
51.83,38.03,1.57,-3.42,51.69,5.86,41.45,1.67
34.59,36.35,1.68,-3.11,49.15,6.32,38.55,0.0
79.54,65.99,0.76,-1.74,49.35,5.71,26.22,1.36
45.27,37.34,0.0,2.04,50.33,6.19,27.06,1.54
20.49,38.68,1.55,-3.45,50.54,6.51,41.91,1.71
70.24,45.06,0.0,1.78,49.61,5.19,39.02,0.0
94.76,100.0,0.6,-1.28,48.49,5.5,28.67,1.6
63.55,38.98,1.32,-2.83,67.85,6.22,31.29,0.46
61.27,38.98,1.19,-2.28,69.03,7.62,44.53,0.97
37.74,38.27,1.9,-3.46,50.68,6.01,30.53,1.81
83.61,36.62,0.0,2.34,46.95,6.14,38.58,3.04
90.46,39.25,0.0,2.01,60.84,6.66,42.74,1.43
27.19,37.2,1.33,-2.73,89.51,10.93,39.15,1.19
49.46,37.5,0.0,1.98,79.12,8.7,36.3,0.7
60.12,38.68,0.0,1.64,72.18,8.79,38.33,1.65
85.01,38.76,0.0,2.04,49.97,4.67,37.19,0.56
24.58,36.91,1.56,-2.97,50.77,5.33,33.83,0.69
68.28,39.14,0.0,2.13,49.48,4.0,34.93,1.0
79.67,37.24,1.41,-2.94,54.33,6.09,28.88,1.61
91.63,38.04,0.0,1.14,70.14,7.9,27.95,1.39
96.74,36.35,1.57,-1.04,74.37,8.92,35.52,1.51
43.29,37.51,0.0,2.16,51.44,7.89,27.83,0.0
46.69,39.09,0.0,2.1,78.14,9.9,30.09,1.42
98.3,45.06,0.0,1.0,50.31,6.46,32.77,1.7
97.66,38.68,0.0,0.84,52.64,4.28,37.98,0.51
36.18,37.58,0.0,1.83,51.99,6.11,33.26,1.17
71.73,39.25,0.0,2.02,48.66,5.93,29.84,1.42
26.7,38.2,0.0,2.04,50.02,6.46,33.14,1.56
84.9,38.2,0.0,2.32,48.77,5.34,30.69,1.59
31.33,38.04,1.29,-2.67,48.78,5.54,31.6,3.9
97.05,38.98,0.0,0.98,51.38,5.9,36.27,1.58
89.96,38.07,1.55,-3.22,50.89,5.77,28.57,1.08
62.5,39.06,0.0,2.12,50.79,5.9,32.89,1.65
78.13,38.07,0.0,2.13,51.38,6.39,47.09,1.76
26.21,38.03,0.0,1.91,52.64,4.61,40.27,0.92
93.36,38.76,0.0,0.88,48.35,5.87,39.91,1.53
79.8,38.03,0.0,1.92,50.75,5.71,34.53,1.2
96.56,37.26,0.0,0.9,51.76,5.28,29.25,0.93
91.42,38.56,0.0,0.95,48.77,4.35,25.86,0.44
27.63,37.34,0.0,1.96,51.28,4.77,33.76,0.56
52.49,36.9,1.9,-3.41,77.12,9.22,29.26,1.59
95.85,37.24,0.0,1.04,50.2,5.71,26.88,1.4
43.86,45.06,0.0,2.1,50.53,6.15,32.05,1.84
58.31,38.27,1.36,-2.95,51.31,4.63,30.29,0.77
34.82,38.03,0.0,2.24,64.86,7.88,30.17,1.58
81.37,45.06,0.0,1.76,50.53,6.78,37.01,0.0
48.68,38.68,0.0,1.95,52.0,5.01,28.02,0.98
21.45,100.0,0.57,-1.18,49.39,7.02,28.66,0.0
40.82,37.2,0.0,1.94,49.72,5.75,37.61,1.65
67.85,38.25,0.0,1.88,49.25,5.44,38.56,1.52
52.99,38.08,0.0,1.79,48.53,6.69,41.11,3.51
60.48,39.16,1.49,-2.96,49.66,6.35,45.41,1.77
38.5,38.68,0.0,2.16,50.68,6.29,29.22,1.38
87.05,37.2,1.82,-3.53,47.71,5.42,31.2,1.56
63.65,37.95,0.0,1.96,51.39,6.66,25.98,0.0
89.86,38.68,1.35,-2.93,49.16,5.54,39.18,1.75
30.71,38.03,0.0,1.83,48.35,6.76,46.71,0.0
68.64,38.65,0.0,2.11,57.69,6.7,45.5,1.28
58.13,38.03,0.0,1.84,74.28,9.29,40.02,1.45
68.64,37.2,0.0,2.3,48.26,5.07,32.41,1.33
59.83,38.75,1.56,-2.95,50.46,5.94,31.95,1.36
28.29,38.03,0.0,2.07,54.63,5.86,30.41,1.29
42.2,39.9,0.0,2.07,101.66,12.32,34.21,1.67
95.97,38.91,0.0,0.84,50.31,5.76,31.87,1.66
57.93,35.55,0.0,1.93,48.61,5.23,29.68,1.46
73.15,37.5,0.0,1.84,83.77,9.98,35.05,1.39
76.91,39.25,0.0,2.02,49.69,5.78,28.45,1.47
38.25,37.34,1.5,-3.15,50.56,5.74,26.17,0.0
42.29,36.65,0.0,2.05,48.91,4.16,41.78,0.93
63.87,36.98,0.0,2.24,51.18,4.89,33.84,0.75
55.13,39.19,1.68,-2.87,48.11,5.54,27.18,1.65
27.48,38.76,1.75,-3.47,82.49,10.33,41.9,1.55
94.1,38.04,0.0,1.15,48.94,6.07,45.68,1.55
71.84,58.12,0.87,-1.92,49.18,5.94,31.79,1.42
74.31,36.9,1.59,-3.09,56.93,5.52,26.64,0.55
37.31,37.51,0.0,2.29,49.95,7.29,46.75,0.0
28.18,39.09,0.0,2.07,50.49,6.3,45.87,0.0
66.42,38.24,0.0,2.13,49.26,5.11,41.59,0.0
47.98,38.12,1.48,-2.65,63.19,7.5,28.13,1.36
93.07,38.27,0.0,1.08,88.45,9.02,26.41,0.43
95.4,39.19,0.0,0.89,50.14,5.86,34.06,1.49
69.77,38.71,1.02,-2.31,48.31,4.77,34.31,1.0
23.86,37.25,0.0,1.93,57.33,5.85,42.89,0.74
39.26,37.86,0.0,2.22,49.09,5.96,33.87,1.49
96.64,38.08,0.0,1.04,47.72,3.78,43.16,0.83
85.1,38.98,0.0,2.14,50.75,6.2,38.51,1.28
85.21,37.2,0.0,2.06,58.99,6.83,31.63,1.5
55.3,38.38,0.0,1.84,51.3,4.87,41.7,0.77
50.04,37.15,1.5,-3.02,50.88,6.69,42.93,3.54
81.9,37.2,0.0,2.23,50.02,6.53,38.65,0.0
87.06,38.68,0.0,2.15,48.73,4.21,41.87,0.72
43.89,39.09,1.53,-2.93,46.91,6.08,44.85,0.0
71.56,38.4,1.6,-3.45,51.91,6.63,39.9,3.67
81.72,38.68,0.0,1.91,50.78,5.74,33.81,1.23
25.4,37.97,0.0,2.13,47.76,6.08,32.61,4.15
28.82,38.24,0.0,2.35,48.83,5.74,40.04,1.44
45.6,36.35,0.0,2.11,48.21,4.94,40.2,1.06
63.07,37.15,0.0,1.95,50.51,5.04,44.12,0.76
81.42,37.57,1.33,-2.98,49.69,5.35,36.26,1.38
54.3,38.75,0.0,2.23,49.76,5.51,33.7,1.19
89.27,39.35,0.0,1.07,50.05,5.51,38.87,1.52
87.88,39.19,1.64,-3.04,48.7,5.69,30.73,1.77
58.15,36.5,1.06,-2.58,48.9,4.21,40.89,0.94
42.49,38.03,0.0,1.83,70.74,7.48,44.37,0.87
23.13,39.08,0.0,1.96,49.44,4.0,43.09,0.39
31.23,37.86,0.0,2.14,97.59,10.64,31.5,0.54
32.28,38.23,0.0,2.2,49.77,5.92,34.25,1.53
56.34,39.25,0.0,2.02,49.18,6.28,33.31,4.38
26.81,38.98,1.56,-2.95,48.01,5.32,34.21,1.43
89.08,45.06,0.0,2.35,51.01,5.09,40.69,0.0
82.35,38.76,1.67,-3.18,50.42,7.03,43.8,0.0
62.95,37.95,0.0,2.14,49.88,5.11,26.93,0.82
20.48,38.07,1.46,-2.96,48.98,5.14,27.21,2.44
30.85,39.33,1.82,-3.48,50.08,6.2,35.89,1.65
77.5,37.02,1.5,-2.94,50.47,5.89,44.44,1.73
60.9,38.98,1.43,-2.6,54.92,6.2,44.42,1.18
70.61,37.97,1.62,-3.12,47.52,5.57,38.84,1.4
49.68,39.25,0.0,2.19,48.64,5.92,45.76,0.0
49.91,38.98,0.0,2.11,47.72,5.82,29.85,3.2
95.22,45.06,0.0,0.93,48.91,5.51,28.19,1.53
30.75,45.6,0.0,2.24,55.93,7.03,29.34,1.61
79.61,36.35,0.0,1.95,47.5,4.8,44.65,1.25
40.6,39.84,1.43,-2.9,48.0,5.7,28.85,1.52
86.58,38.65,0.0,1.91,85.01,9.78,31.7,1.44
41.0,38.04,0.0,1.81,50.12,5.92,34.56,1.38
38.01,37.68,1.56,-3.19,51.27,4.74,36.27,0.75
93.73,38.09,0.0,1.03,50.29,4.6,39.08,0.74
21.81,37.91,2.01,-3.77,49.52,7.34,32.27,0.0
51.06,37.91,1.46,-3.05,46.96,6.06,45.23,3.71
68.26,37.2,1.71,-3.52,95.67,11.86,39.65,1.54
96.16,39.21,0.0,1.02,50.52,5.68,27.41,1.68
52.76,39.33,0.0,1.94,49.75,5.34,45.65,1.5
95.48,38.08,0.0,0.86,92.13,11.78,33.67,1.27
23.45,38.98,1.59,-3.37,48.3,6.42,45.64,1.45
86.83,87.89,0.6,-1.21,50.51,5.08,36.41,0.73
70.1,38.06,1.44,-2.77,48.77,5.61,34.32,1.36
50.39,38.64,0.0,1.91,48.42,4.75,41.11,1.11
28.15,37.51,0.0,2.18,50.39,4.11,41.09,0.58
81.13,37.19,1.65,-3.34,50.59,5.42,26.75,1.47
63.69,38.56,1.46,-3.03,61.16,6.48,38.01,1.0
95.62,38.97,0.0,1.02,67.75,8.58,44.5,1.28
68.51,38.11,0.0,2.21,49.36,4.05,26.21,0.87
82.26,37.5,0.0,2.06,100.6,11.82,43.32,1.33
84.38,77.72,0.57,-1.18,48.48,4.57,27.15,1.07
79.9,39.25,0.0,2.07,50.92,6.08,32.09,1.66
47.16,39.9,0.0,2.16,50.77,4.07,36.86,0.59
61.17,38.17,1.5,-3.3,51.13,6.17,31.89,1.75
71.81,38.53,1.53,-2.66,47.15,4.4,26.52,0.92
68.38,38.02,1.38,-3.13,52.14,5.21,26.6,1.05
51.46,36.9,0.0,1.87,48.47,6.38,33.07,0.0
60.05,38.07,0.0,1.97,71.99,8.59,41.8,1.27
71.16,38.98,0.0,1.95,47.97,5.32,26.23,0.0
94.65,39.67,0.0,1.07,47.44,4.39,37.75,0.93
78.66,38.08,0.0,2.23,51.7,6.33,42.98,1.53
51.38,38.67,1.62,-3.49,50.7,6.16,28.55,1.59
95.52,37.93,0.0,1.14,49.7,6.13,37.94,1.46
83.11,39.19,1.44,-2.74,65.94,8.22,42.08,1.52
72.02,37.51,0.0,1.88,47.95,6.4,35.25,0.0
50.47,38.68,0.0,1.8,54.38,6.41,38.55,1.44
41.72,35.55,0.0,2.21,86.96,11.09,31.11,1.69
73.23,38.24,0.0,2.02,49.33,6.87,32.34,4.28
32.74,36.35,0.0,2.02,49.59,6.89,39.64,0.14
49.63,38.07,1.49,-3.41,49.96,6.24,36.12,1.73
68.61,38.04,0.0,1.9,73.79,7.44,38.58,0.72
40.35,37.57,1.71,-3.13,50.7,4.93,43.45,0.0
93.8,39.59,1.56,-3.22,47.39,5.88,32.59,1.35
24.52,38.03,0.0,1.93,51.86,4.5,30.42,0.58
53.56,76.07,0.75,-1.6,50.29,5.66,34.48,1.69
82.91,39.76,1.72,-3.53,50.99,5.6,40.79,1.1
53.75,37.2,0.0,1.92,49.78,6.18,35.58,2.85
44.91,39.19,0.0,1.9,51.51,5.29,41.39,0.91
45.2,37.2,1.52,-3.45,73.37,8.71,34.29,1.45
83.72,38.2,0.0,2.08,48.25,5.35,40.55,1.41
51.67,37.97,1.73,-3.31,50.55,6.26,29.49,1.3
85.23,37.91,0.0,2.09,51.1,6.09,33.86,1.85
82.18,38.98,0.0,1.77,48.58,6.44,35.74,0.0
75.54,38.03,0.0,2.19,50.01,5.52,45.99,1.55
28.16,38.09,1.59,-3.1,49.98,6.1,28.02,1.41
25.13,45.06,1.38,-2.85,51.55,6.22,43.24,1.41
65.37,100.0,0.68,-1.31,49.81,5.47,44.48,1.39
22.57,38.3,0.0,1.72,51.44,4.4,34.09,0.49
40.12,37.15,1.75,-3.11,50.68,5.43,41.12,3.59
29.82,38.24,0.0,2.17,49.02,5.81,39.42,1.65
46.85,37.5,0.0,2.22,47.55,5.88,38.24,2.98
47.21,38.76,0.0,2.14,49.03,4.25,31.95,0.43
82.21,39.15,1.72,-3.02,48.56,5.48,40.26,1.44
21.66,39.35,0.0,2.01,48.9,5.46,41.21,1.14
57.23,37.51,1.52,-2.77,48.22,5.44,41.25,1.3
20.66,36.35,0.0,1.92,49.92,5.98,35.73,1.22
68.31,39.81,0.0,1.87,48.25,6.3,32.75,0.0
36.4,38.98,1.37,-3.0,82.45,9.18,28.16,0.86
91.61,38.98,0.0,1.0,49.93,5.51,42.53,1.52
95.91,38.04,0.0,0.95,85.53,10.83,42.35,1.59
94.35,44.11,0.0,1.04,49.63,4.12,27.08,0.91
94.9,39.19,1.08,-2.18,53.13,4.77,32.93,0.7
23.39,36.27,0.0,2.09,51.8,7.09,28.36,4.24
24.71,37.83,0.0,1.88,49.82,6.14,30.64,1.65
94.23,37.01,0.0,1.09,47.39,5.3,41.19,1.27
29.71,38.76,1.37,-3.01,48.39,5.89,29.37,1.44
32.54,37.34,1.57,-2.97,48.5,5.05,28.66,2.83
49.69,38.68,0.0,1.98,48.67,6.03,33.42,0.0
88.91,38.12,0.0,2.06,49.74,5.74,42.98,1.55
58.96,37.15,0.0,1.87,49.84,6.19,44.54,1.55
23.39,38.04,1.62,-3.42,49.54,6.29,36.33,0.0
97.95,37.34,0.0,1.01,102.77,11.41,28.33,0.75
89.84,38.04,0.0,2.05,47.5,4.77,31.59,1.19
68.49,36.62,0.0,2.09,48.8,6.18,43.66,1.49
38.7,35.55,0.0,2.18,81.2,10.28,41.79,1.66
66.94,39.25,0.0,1.99,47.99,4.99,28.02,3.68
55.17,38.75,0.0,1.93,49.83,5.39,27.74,1.16
79.21,38.27,0.0,2.03,61.13,6.42,35.17,1.25
49.58,38.08,0.0,2.01,64.01,7.24,36.36,1.31
96.53,37.95,1.53,-1.08,49.85,3.85,24.69,0.49
80.08,37.95,1.88,-3.48,52.05,6.45,36.07,1.82
58.27,38.03,0.0,1.73,51.28,6.21,38.56,1.68
23.63,37.83,1.34,-2.64,50.6,4.69,39.63,0.49
65.78,38.56,0.0,1.99,51.04,7.0,41.82,3.39
36.85,36.82,1.68,-3.55,51.93,5.07,33.24,0.91
48.45,38.73,0.0,1.94,49.01,4.49,39.53,1.13
20.13,38.55,0.0,2.05,47.97,5.38,43.11,1.29
98.31,38.98,0.0,1.18,50.48,6.16,32.15,3.93
83.64,39.77,0.0,2.03,47.61,5.29,36.16,1.34
26.33,37.51,0.0,2.02,51.53,6.26,29.47,0.0
37.18,36.9,1.68,-3.11,89.5,10.29,27.79,1.27
45.36,37.83,0.0,1.88,73.22,8.66,27.89,1.34
72.66,38.08,1.4,-3.04,50.42,5.41,39.23,1.04
26.55,56.23,0.0,2.11,51.62,5.34,42.02,0.76
70.9,38.68,1.61,-2.97,51.05,4.77,28.74,0.77
38.16,37.86,0.0,1.97,48.48,5.79,41.0,1.62
58.19,36.13,0.0,1.84,50.76,5.47,32.06,1.09
87.51,38.03,1.76,-3.27,49.89,6.05,27.47,0.0
27.25,37.2,0.0,1.94,49.44,6.11,32.59,3.67
79.17,38.07,0.0,2.05,99.35,11.58,37.7,1.26
88.5,37.2,0.0,2.12,64.21,7.91,32.27,1.66
25.76,37.25,0.0,1.9,59.05,5.37,32.12,0.38
94.16,37.51,1.14,-2.7,88.16,9.26,36.93,0.47
29.3,38.89,1.23,-2.51,47.32,5.09,30.97,1.3
41.76,38.08,0.0,2.02,55.53,6.84,41.6,1.36
84.56,37.53,1.34,-2.81,47.77,5.46,40.04,1.26
24.47,38.98,1.28,-2.74,48.65,6.28,42.36,4.16
91.29,38.98,1.38,-2.79,48.5,4.17,34.82,1.22
43.97,38.07,1.34,-2.88,48.99,7.31,27.25,4.37
43.2,37.68,1.4,-3.21,49.43,6.78,43.84,0.0
51.44,37.15,0.0,1.92,48.43,5.95,34.87,1.64
23.33,100.0,0.0,1.99,51.04,7.72,38.63,3.52
60.83,38.07,1.9,-3.74,49.91,7.03,25.93,0.0
97.95,38.03,0.0,0.9,48.33,4.66,31.52,3.55
58.78,38.03,1.89,-3.79,49.82,6.19,42.57,1.7
74.95,38.12,1.47,-3.06,48.86,6.26,31.61,1.78
82.01,39.25,1.4,-2.74,102.35,12.51,28.08,1.65
83.31,38.27,0.0,2.19,67.99,8.76,38.44,1.74
31.72,39.09,0.0,1.82,56.11,6.74,32.87,1.68
27.92,38.76,1.79,-3.16,48.82,5.81,34.14,1.37
58.92,37.91,1.64,-2.99,54.86,5.4,41.19,1.6
41.29,37.68,0.0,1.92,50.31,6.21,31.3,0.0
22.6,39.8,1.49,-3.35,51.23,6.12,44.97,1.56
66.77,38.07,1.84,-3.31,49.55,5.71,41.16,1.56
50.01,38.07,1.27,-2.58,47.62,5.98,44.12,0.0
90.24,38.68,0.0,2.02,48.28,5.9,36.32,1.66
80.22,38.82,0.0,2.12,51.5,5.52,35.34,1.68
36.24,38.98,1.43,-3.28,51.33,6.24,27.23,3.62
91.41,38.11,1.53,-2.87,47.83,5.34,37.18,1.36
62.36,37.51,1.35,-2.79,80.9,9.34,37.11,1.08
96.78,38.15,1.56,-0.98,48.38,5.83,40.21,1.61
63.01,38.45,1.04,-2.29,49.11,4.28,33.03,1.02
63.26,38.03,1.19,-2.81,47.26,5.24,43.55,1.27
85.19,38.56,1.62,-3.1,48.11,5.4,39.76,1.39
38.49,39.19,1.38,-2.76,64.6,7.86,41.83,1.23
95.43,38.68,0.0,0.87,89.57,10.95,34.69,1.74
82.25,38.04,0.0,1.95,59.29,7.01,29.94,1.73
92.43,36.46,0.0,0.91,49.93,5.37,42.88,1.58
19.67,38.12,0.0,-0.63,91.32,10.42,38.15,0.71
24.76,38.11,1.45,-3.13,51.53,5.26,24.89,0.91
95.39,45.06,1.41,-2.91,50.81,5.45,38.88,0.89
84.43,100.0,0.63,-1.22,51.37,5.38,35.91,3.38
26.26,38.03,1.72,-3.22,49.9,6.0,41.12,1.49
34.41,38.95,1.39,-3.03,49.98,5.46,34.73,1.55
91.3,38.38,0.0,0.91,50.33,6.53,31.75,0.0
56.28,38.38,0.0,1.77,50.75,3.82,27.19,0.46
52.38,38.04,1.87,-3.51,49.87,5.96,29.23,1.62
88.39,38.76,0.0,1.83,49.47,4.48,33.23,0.58
70.95,39.8,0.0,2.07,47.84,4.84,33.62,0.99
82.42,38.76,1.46,-3.12,85.87,10.73,31.47,1.62
89.2,36.57,0.0,1.38,49.05,4.23,41.18,0.56
80.74,39.42,1.59,-2.93,47.69,5.25,34.51,1.55
93.33,44.91,0.0,1.17,50.68,4.39,36.34,0.61
29.64,37.68,0.0,2.11,48.64,5.69,38.89,0.0
59.35,38.98,1.41,-2.82,47.49,4.98,28.9,1.15
70.81,38.03,0.0,2.18,61.76,7.01,42.72,1.31
34.52,39.09,0.0,1.72,51.09,6.22,29.99,0.0
90.74,38.18,0.0,1.6,48.22,5.34,36.35,1.21
28.53,36.35,0.0,1.98,51.95,6.23,29.12,1.7
43.44,38.42,0.0,2.23,51.57,5.65,32.93,1.0
41.23,37.51,1.37,-3.27,103.39,12.34,33.84,0.9
68.64,37.51,1.44,-2.87,50.56,4.99,25.35,0.93
25.34,45.6,1.27,-2.78,51.0,5.37,42.66,0.86
84.67,100.0,0.59,-1.22,73.15,7.5,42.9,0.75
29.23,38.03,0.0,1.92,56.06,6.73,34.94,1.25
76.21,38.12,0.0,1.83,50.2,6.06,35.96,1.56
46.54,38.24,1.75,-3.33,51.97,6.18,43.64,1.52
77.72,38.97,1.71,-3.53,94.39,11.05,31.18,1.54
76.21,38.24,0.0,1.84,51.04,7.22,33.67,4.5
69.14,38.29,1.5,-2.66,46.75,5.11,39.85,1.29
92.94,38.11,1.34,-2.87,47.79,5.3,36.9,1.25
48.09,37.95,1.65,-3.22,65.87,7.71,33.2,1.62
97.28,38.09,0.0,0.92,41.35,5.53,32.81,1.41
94.29,38.08,0.0,0.96,50.1,5.92,44.05,1.07
39.66,38.68,0.0,2.23,50.84,5.75,32.82,1.34
92.43,37.51,0.0,1.06,48.46,6.03,44.18,1.87
77.15,38.76,1.63,-3.51,91.96,12.17,36.85,1.56
54.73,37.2,1.48,-2.99,60.63,7.88,42.7,1.56
40.25,38.25,1.79,-3.24,48.06,5.57,26.5,1.47
49.19,66.49,0.85,-1.79,51.16,5.76,44.8,1.53
26.4,37.99,1.53,-2.83,85.91,10.77,26.53,1.42
40.36,38.18,0.0,1.67,51.2,5.95,46.22,1.42
34.09,38.07,1.45,-3.14,49.26,5.78,43.1,1.58
84.62,45.06,0.0,2.35,50.9,6.08,30.99,3.14
85.41,38.4,0.0,1.82,52.16,6.45,43.45,1.36
84.37,37.24,1.33,-2.77,48.07,5.79,44.88,1.34
62.16,38.07,0.0,2.06,47.78,5.73,33.61,1.6
82.74,38.07,0.0,2.11,61.75,7.35,37.93,1.43
47.44,38.38,0.0,2.12,48.02,4.68,30.93,1.33
21.3,38.63,1.46,-3.26,50.33,6.43,39.44,1.48
67.01,37.34,0.0,2.09,48.92,4.0,39.32,0.55
58.94,38.03,0.0,1.81,75.81,9.07,41.48,1.65
56.86,38.09,1.79,-3.4,49.76,6.57,39.17,3.59
26.16,44.43,1.43,-2.65,56.08,7.48,34.18,1.8
66.72,38.56,1.7,-3.35,58.02,7.28,34.83,1.62
54.44,38.57,0.0,1.85,47.83,5.81,36.64,1.48
66.79,38.03,0.0,2.09,85.54,9.79,40.06,1.22
92.79,39.09,0.0,1.0,94.99,12.05,42.23,1.56
58.06,37.34,0.0,2.09,50.7,6.6,33.43,1.66
80.73,37.96,0.0,1.92,50.48,5.43,37.13,0.9
63.13,37.51,0.0,2.24,71.55,9.0,46.27,1.46
25.96,36.35,0.0,2.24,49.27,6.93,26.41,3.56
94.97,41.09,0.0,1.05,50.37,4.31,31.21,0.54
85.82,38.93,0.0,1.97,48.18,5.6,42.21,1.5
50.42,38.08,0.0,2.02,66.04,7.59,31.51,1.36
95.41,38.38,1.71,-1.23,51.17,5.59,39.27,1.15
51.31,38.42,1.62,-3.02,49.23,4.63,42.75,0.76
90.83,38.27,1.84,-3.19,50.03,5.83,32.34,1.71
34.83,45.6,0.0,2.06,62.35,6.65,25.95,0.81
96.71,38.07,1.83,-1.29,100.83,13.01,40.78,1.72
53.46,38.12,0.0,2.11,51.37,7.45,33.18,0.0
28.65,37.25,0.0,1.79,61.5,5.99,28.14,0.86
31.66,38.75,1.35,-3.06,58.38,6.44,34.25,1.3
96.85,44.43,0.0,0.95,47.44,4.18,40.39,1.03
76.16,39.19,1.81,-3.39,72.96,9.5,44.64,1.89
23.82,39.19,1.69,-3.26,77.24,9.88,37.28,1.41
32.54,36.27,0.0,2.05,49.53,5.4,43.57,0.0
84.53,36.62,0.0,2.09,47.63,6.59,36.98,0.0
31.25,38.68,0.0,1.99,49.58,6.11,35.07,3.44
23.95,37.2,0.0,2.09,49.64,5.97,28.99,1.47
87.3,37.57,1.86,-3.64,52.25,5.93,37.38,1.11
45.4,38.11,0.0,1.83,51.21,4.06,32.52,0.61
93.05,36.27,1.31,-2.61,54.81,5.43,35.57,0.79
25.1,38.68,0.0,2.14,50.27,4.0,32.1,0.42
48.83,39.33,0.0,1.85,103.31,12.7,45.69,1.24
47.82,38.33,1.33,-2.81,48.55,5.16,39.37,1.34
82.92,38.04,1.62,-3.07,49.09,5.97,37.19,1.43
86.95,38.03,0.0,2.32,49.61,6.07,35.16,0.0
58.2,38.98,0.0,1.93,101.68,12.76,38.2,1.57
51.73,45.06,1.47,-2.95,88.89,10.76,38.77,1.42
63.24,39.22,0.0,2.06,51.32,6.37,39.06,1.32
78.9,38.76,1.9,-3.45,50.92,6.89,43.32,4.04
83.96,39.09,0.0,1.86,76.41,8.96,34.91,1.44
41.2,38.27,1.78,-3.68,50.3,5.69,31.63,1.79
57.17,37.86,1.55,-2.78,47.23,5.3,37.47,1.38
41.81,37.25,1.73,-3.25,52.08,5.63,26.02,1.21
64.69,38.98,1.14,-2.43,52.67,4.9,29.21,0.65
66.86,39.25,1.39,-2.78,48.52,5.46,32.38,1.4
45.09,37.99,1.64,-3.16,68.05,8.64,34.53,1.5
86.75,37.01,1.82,-3.61,51.48,5.93,28.47,1.47
35.65,37.2,0.0,2.37,47.67,5.64,28.38,1.66
32.75,39.19,1.36,-2.85,47.46,5.33,27.11,1.25
41.9,38.27,0.0,1.93,48.21,6.11,30.95,0.0
59.52,38.24,0.0,2.07,51.0,6.45,37.91,0.0
65.99,36.35,0.0,2.27,48.12,6.58,37.54,3.23
41.0,37.5,0.0,2.01,51.56,6.11,25.99,3.89
76.95,38.07,0.0,2.06,50.88,6.08,36.5,1.69
67.81,39.09,1.46,-2.83,48.54,6.4,41.31,3.89
74.07,37.51,0.0,2.04,48.05,6.73,35.95,3.29
61.16,38.15,1.49,-2.8,48.82,6.58,28.15,3.22
70.83,37.34,0.0,1.89,49.72,6.05,33.34,1.4
88.64,38.65,0.0,2.05,88.15,10.7,28.8,1.41
86.77,38.02,0.0,1.81,47.87,4.16,39.2,0.81
76.0,37.56,1.16,-2.69,49.35,4.57,38.86,0.58
87.66,37.5,1.84,-3.83,50.09,6.72,31.81,1.71
85.86,36.35,1.6,-3.59,85.42,9.89,27.45,1.09
34.23,100.0,0.64,-1.16,48.83,5.66,34.47,1.42
88.98,39.09,0.0,1.79,85.29,10.43,32.54,1.71
86.23,37.57,1.4,-2.79,49.85,5.46,42.13,1.34
35.98,37.2,0.0,2.23,51.02,5.15,30.85,3.25
77.32,38.03,0.0,1.96,74.24,8.96,46.02,1.64
40.77,100.0,0.0,1.77,49.81,5.9,41.44,1.42
34.78,37.5,1.69,-3.44,50.95,4.44,28.51,0.64
62.36,37.42,1.09,-2.19,49.38,4.02,34.23,0.48
26.44,38.5,1.33,-2.85,47.81,5.87,29.35,1.42
29.2,37.68,1.75,-3.38,47.06,6.29,26.5,0.0
29.26,38.76,0.0,1.76,47.34,4.73,40.65,1.11
93.12,37.2,1.39,-2.55,47.44,4.29,34.35,1.06
51.0,37.7,0.0,1.86,48.16,6.1,36.63,1.56
49.99,37.86,0.0,2.26,51.08,4.39,37.83,0.64
82.27,38.24,0.0,2.09,52.41,6.08,25.27,3.17
24.49,37.87,0.0,2.08,49.79,3.94,30.67,0.93
57.12,100.0,0.0,2.07,49.27,5.8,33.77,1.43
92.21,45.06,0.0,0.98,48.2,5.81,30.77,0.0
75.55,38.88,0.0,1.78,51.21,5.65,32.92,1.21
61.16,38.65,0.0,1.91,47.81,4.94,38.07,1.19
88.05,45.06,1.33,-2.58,47.37,4.81,34.16,1.23
58.41,38.56,1.45,-2.61,63.97,5.84,37.38,0.73
36.34,38.68,0.0,1.99,50.69,5.59,36.43,1.5
96.05,37.95,0.0,1.14,51.58,5.69,44.82,3.33
21.44,38.95,1.81,-3.28,50.76,6.51,43.34,1.68
29.32,37.2,0.0,1.91,49.57,4.22,38.51,0.74
58.72,37.5,0.0,2.0,52.08,6.88,39.25,3.56
28.07,39.9,1.41,-2.76,59.9,6.91,41.52,1.65
52.43,39.33,1.43,-2.83,50.3,4.9,38.15,0.88
23.9,37.99,0.0,1.98,100.13,12.88,31.34,1.68
25.41,37.2,0.0,1.9,49.07,5.7,33.39,0.0
34.88,38.57,0.0,1.97,48.46,6.25,29.91,0.0
75.74,38.76,1.71,-3.16,51.45,6.51,29.69,3.92
65.73,37.34,1.3,-2.81,49.66,4.92,28.64,2.38
58.0,39.19,1.46,-2.61,47.51,4.78,30.79,1.3
61.47,38.03,1.8,-3.25,48.32,6.34,34.53,4.14
58.08,38.07,0.0,2.04,68.88,7.49,25.53,1.15
46.57,37.2,0.0,2.08,48.83,5.05,26.09,1.1
86.08,37.34,0.0,2.09,73.95,7.74,36.38,0.66
83.94,44.43,0.0,2.21,48.96,5.67,32.43,0.0
93.96,38.3,0.0,0.9,47.39,5.15,40.72,1.45
34.12,37.95,0.0,2.13,48.62,4.9,27.2,1.28
47.48,37.5,0.0,1.95,76.4,9.14,44.07,1.03
31.4,38.98,1.37,-2.43,97.79,11.74,32.83,1.29
34.65,38.11,0.0,2.27,49.69,5.92,36.77,1.6
17.18,39.52,1.67,-3.07,52.26,6.12,39.85,1.48
59.24,38.2,0.0,1.62,49.52,4.87,25.02,3.12
46.62,37.5,1.51,-2.87,49.09,6.4,31.07,2.57
22.46,38.56,0.0,1.92,49.83,6.01,30.47,1.66
24.51,39.21,0.0,1.97,49.06,7.02,34.74,0.0
74.96,38.03,0.0,2.0,99.5,12.79,40.37,1.7
32.8,37.15,1.39,-2.83,48.93,5.33,32.99,3.54
50.77,100.0,0.61,-1.13,86.3,9.51,27.76,0.67
83.64,39.25,0.0,1.84,52.86,4.85,42.86,0.73
53.17,38.68,1.83,-3.47,50.24,6.09,35.69,4.35
61.29,39.46,1.87,-3.75,51.79,6.09,39.16,1.6
23.16,37.51,1.64,-3.11,48.77,6.95,27.19,3.18
77.59,37.95,0.0,2.17,49.73,6.69,36.46,0.0
91.43,39.24,0.0,1.0,49.65,4.42,23.86,0.47
84.07,38.76,0.0,1.97,50.14,4.8,32.38,0.76
54.88,37.34,0.0,2.19,49.99,6.04,38.15,1.71
62.06,37.22,0.0,2.0,48.97,6.07,44.77,1.71
67.47,37.2,0.0,2.27,48.06,5.12,45.52,1.26
41.46,38.18,0.0,1.9,51.85,5.89,40.39,1.42
33.64,38.75,0.0,1.98,94.81,11.42,42.54,1.47
94.97,36.9,0.0,1.01,50.93,4.68,41.37,0.68
20.8,38.03,1.55,-3.49,50.66,7.09,46.07,3.52
81.86,37.2,1.67,-3.57,49.64,6.05,36.77,1.65
35.19,38.68,0.0,1.98,50.42,5.99,33.94,1.54
66.38,38.98,1.27,-3.05,65.73,6.73,38.16,0.68
31.02,38.07,1.49,-3.35,51.44,6.21,41.17,0.0
60.01,38.76,0.0,2.19,52.14,6.27,46.5,1.8
84.82,38.11,0.0,1.99,72.91,7.48,31.43,0.67
46.62,39.13,1.07,-2.39,47.33,4.04,34.97,0.87
46.56,38.03,0.0,2.22,80.66,8.6,28.78,0.85
24.77,39.19,1.58,-3.36,49.46,5.82,33.64,1.62
34.82,38.03,0.0,2.06,51.21,6.78,33.64,0.0
68.95,37.95,1.4,-2.6,50.37,3.92,32.66,0.56
17.22,39.47,1.61,-3.18,51.48,6.41,44.28,1.4
93.52,39.19,0.0,0.92,48.36,5.6,45.93,1.53
92.64,45.06,0.0,0.88,47.73,6.26,28.71,0.0
70.44,37.68,0.0,1.96,59.28,7.02,39.37,1.39
28.5,47.04,1.36,-2.46,50.36,5.65,36.78,1.5
80.0,37.55,1.72,-3.25,49.8,6.65,33.71,1.93
60.05,38.76,0.0,1.98,50.88,6.97,41.27,3.22
39.25,38.08,1.53,-2.85,48.85,5.51,35.31,2.95
53.06,45.6,0.0,1.76,90.94,10.95,34.04,1.22
29.61,39.25,0.0,2.1,48.35,5.12,39.46,1.0
87.27,37.68,0.0,2.13,86.7,9.3,32.54,0.5
93.68,38.76,0.0,0.98,48.91,5.87,33.84,1.54
36.88,37.91,1.38,-3.03,49.86,5.53,33.68,0.0
30.45,37.5,1.46,-2.96,48.69,5.04,25.78,1.06
88.04,38.12,0.0,2.0,49.98,5.6,32.99,1.53
88.91,38.68,0.0,1.85,48.28,5.07,33.32,1.34
78.34,37.99,1.37,-2.89,49.73,6.1,33.14,1.71
30.76,38.11,1.7,-3.16,48.83,5.86,35.06,1.32
43.73,38.98,0.0,1.99,82.54,9.96,41.68,1.49
62.66,37.86,1.19,-2.69,50.14,4.7,33.02,0.58
67.31,38.98,0.0,2.0,50.2,5.52,34.9,0.84
48.49,37.41,0.0,1.91,50.15,5.05,36.67,0.77
92.33,100.0,0.59,-1.14,49.6,5.9,43.81,1.37
25.73,45.6,0.0,1.95,50.64,6.34,39.04,1.6
59.63,37.96,1.57,-3.04,48.4,5.66,30.04,1.54
49.47,37.91,1.59,-3.06,47.25,6.01,28.25,0.0
83.01,73.76,0.65,-1.33,48.33,5.25,40.09,1.58
46.85,38.08,1.49,-3.27,50.14,5.84,40.27,0.0
59.72,37.97,1.49,-3.18,58.93,6.11,42.07,1.85
69.53,37.44,0.0,1.93,47.19,4.61,35.44,1.02
39.0,38.08,0.0,1.74,50.69,7.56,44.12,0.0
91.68,38.76,0.0,1.0,48.08,5.3,43.85,1.15
92.74,38.74,0.0,1.15,47.83,5.83,37.7,1.46
36.81,37.47,0.0,1.7,50.4,5.54,40.42,1.49
36.45,36.8,1.27,-2.6,48.89,5.33,38.31,1.27
96.07,38.98,0.0,1.01,51.38,5.76,29.48,1.59
34.21,37.2,1.4,-2.64,48.58,6.55,41.22,0.0
81.02,38.76,0.0,1.81,83.42,10.48,41.32,1.44
59.52,38.04,0.0,2.19,61.16,7.59,30.23,1.52
49.0,39.19,1.43,-2.9,52.17,6.18,40.64,1.28
89.88,37.68,1.79,-3.09,47.75,5.19,31.43,1.35
96.88,37.93,0.0,0.85,50.0,6.28,33.29,1.68
83.22,38.98,0.0,2.01,48.57,6.58,26.79,0.0
44.91,38.15,1.26,-2.98,49.89,5.37,24.42,2.13
70.71,38.38,0.0,2.01,51.56,7.16,38.73,3.61
96.09,38.97,0.0,0.98,69.49,7.83,37.95,0.93
62.16,38.04,0.0,2.02,50.7,5.89,45.69,1.64
47.67,37.83,0.0,2.31,76.5,9.55,33.43,1.65
39.79,38.98,0.0,2.12,49.13,7.04,39.49,0.0
66.53,38.65,0.0,1.8,54.95,6.37,27.97,1.29
58.47,39.19,0.0,1.86,49.87,6.6,47.34,1.82
46.5,37.25,1.7,-3.43,51.56,6.09,30.49,1.6
81.13,36.61,0.0,1.85,52.18,5.81,32.11,1.41
62.14,38.08,1.3,-2.92,80.81,9.6,41.4,1.28
86.97,35.55,0.0,2.17,48.91,6.28,33.94,0.0
43.59,39.9,1.66,-3.06,51.71,6.08,38.7,1.27
92.74,38.98,0.0,1.13,50.03,5.18,34.65,1.57
22.5,38.95,0.0,1.89,49.28,5.62,42.32,1.35
61.74,45.06,0.0,1.71,50.32,4.96,43.34,0.0
47.28,38.11,0.0,1.87,49.21,4.63,37.25,3.14
80.97,38.03,0.0,1.88,51.62,5.32,26.52,1.01
82.93,38.07,1.06,-2.42,48.55,4.94,25.07,2.54
37.68,38.98,1.84,-3.46,51.6,6.9,27.81,3.54
86.94,38.98,0.0,1.75,51.04,4.7,37.71,0.63
31.26,38.09,1.51,-2.93,50.71,5.53,31.01,1.41
58.09,38.57,0.0,1.89,49.89,5.96,43.77,1.82
76.92,38.98,1.49,-2.96,100.48,12.72,34.42,1.51
55.17,38.26,0.0,1.84,49.35,5.74,46.08,1.63
96.09,36.9,0.0,0.99,56.17,6.71,45.53,1.64
36.55,37.34,0.0,2.1,49.29,5.33,27.55,1.47
90.52,38.94,1.45,-2.64,47.21,5.78,34.98,1.46
34.04,38.69,0.0,1.63,51.74,5.37,27.33,1.02
84.67,38.65,0.0,1.79,81.27,9.52,42.49,1.25
57.67,36.35,1.9,-3.53,49.37,5.28,27.02,1.43
69.13,37.51,0.0,2.17,50.01,4.01,25.07,0.49
95.81,39.09,0.0,0.98,103.02,11.48,32.17,1.01
49.69,37.34,1.64,-3.15,50.04,6.27,40.18,4.05
86.88,37.2,0.0,2.03,50.37,4.06,39.9,0.66
96.91,37.2,1.55,-1.0,48.38,4.05,29.98,0.46
58.8,45.6,0.0,1.96,96.65,11.38,36.6,1.18
54.81,38.11,1.81,-3.48,49.96,6.7,34.16,0.0
92.65,38.07,1.4,-3.16,48.82,6.08,32.29,3.77
55.74,37.91,1.6,-3.17,50.44,5.74,43.55,1.57
75.04,38.76,0.0,1.97,49.02,7.02,45.68,3.48
83.42,37.5,0.0,1.9,60.05,5.57,29.04,0.91
80.15,39.38,1.79,-3.14,50.42,5.65,28.85,1.71
62.17,37.51,0.0,2.13,49.62,6.41,39.99,3.72
93.02,37.68,0.0,0.89,100.49,12.61,31.46,1.4
65.0,38.03,0.0,1.7,54.54,4.54,28.32,0.52
27.07,36.9,0.0,1.91,49.91,4.05,41.08,0.46
68.96,36.19,1.6,-3.19,52.7,6.09,40.41,1.68
43.28,38.24,1.63,-3.26,51.62,4.66,40.57,0.83
45.73,37.5,0.0,2.03,48.58,4.33,27.32,0.42
93.41,36.9,0.0,1.03,50.78,5.8,40.39,1.51
20.82,38.58,1.6,-3.12,49.76,6.27,31.42,1.49
78.44,37.57,1.38,-2.97,50.26,6.8,41.5,3.81
70.87,39.78,0.0,2.23,48.44,5.17,39.19,1.35
60.49,38.97,1.59,-3.02,48.58,5.29,43.14,1.24
76.39,39.07,0.0,2.01,52.11,5.95,27.18,1.71
19.29,39.95,1.48,-3.1,50.03,6.4,46.14,1.73
61.67,36.35,0.0,2.15,47.94,6.31,32.67,3.65
56.02,37.95,0.0,2.02,48.87,5.65,37.4,1.36
71.4,38.27,0.0,2.2,51.11,5.63,43.73,1.67
91.38,38.07,0.0,1.04,78.77,8.73,29.32,0.84
29.53,38.16,1.71,-3.37,51.34,6.46,33.05,1.75
73.42,36.83,0.0,2.24,49.37,5.62,31.02,1.7
57.0,38.48,0.0,1.9,51.23,6.47,30.63,1.76
21.72,38.12,1.24,-2.95,88.62,9.46,41.72,0.54
52.47,38.03,0.0,1.96,63.11,7.38,35.68,1.55
77.46,38.09,1.3,-2.66,48.67,5.38,30.2,3.21
18.83,39.36,0.0,-0.76,52.67,6.18,42.79,1.59
87.97,38.84,1.41,-2.77,49.86,5.9,32.18,1.56
88.43,37.38,1.53,-2.9,48.82,4.12,28.09,0.76
19.31,37.91,0.0,-0.85,51.16,6.79,26.5,3.3
61.48,38.98,0.0,1.79,48.91,5.99,32.29,1.61
19.47,37.83,1.56,-3.07,49.14,4.76,32.99,1.0
63.3,39.09,0.0,1.79,48.26,5.25,41.5,1.39
94.92,39.25,0.0,0.97,75.75,8.77,44.2,1.48
93.73,37.51,0.0,0.8,49.97,5.69,35.38,1.57
45.07,39.33,0.0,1.88,95.4,11.76,40.7,1.38
82.7,38.07,1.48,-3.09,50.92,7.02,29.07,4.33
29.22,37.29,0.0,2.02,54.68,5.25,35.41,1.23
51.82,38.73,0.0,1.89,49.07,5.62,32.26,1.56
29.11,37.57,0.0,2.04,47.69,4.39,29.46,1.22
61.1,37.57,1.35,-2.59,47.55,6.89,32.23,0.0
18.89,38.07,1.59,-3.05,48.16,5.56,39.62,0.0
87.7,38.76,0.0,1.74,47.67,4.02,40.81,0.79
70.25,38.27,1.46,-2.92,49.81,5.5,33.09,1.48
39.46,38.03,0.0,2.01,50.73,5.79,32.51,1.51
31.54,38.0,0.0,2.01,51.18,5.87,38.25,1.8
20.33,37.5,1.97,-3.88,52.42,6.21,43.75,1.71
42.98,38.27,1.91,-3.68,49.59,6.03,45.27,1.63
70.78,100.0,0.56,-1.08,47.04,4.68,36.02,1.13
24.59,38.56,1.21,-2.72,96.89,11.96,31.16,1.37
27.98,38.03,1.5,-3.11,49.87,5.66,27.33,1.41
28.02,39.19,0.0,2.17,97.35,10.56,24.5,0.57
76.95,38.07,1.41,-2.64,47.94,5.66,42.42,1.49
33.28,38.07,0.0,2.1,50.29,4.61,38.93,0.77
57.42,36.35,0.0,2.21,47.87,5.07,30.21,3.43
91.85,38.2,0.0,1.08,50.63,6.32,38.75,1.64
52.96,38.98,0.0,1.71,48.19,5.92,30.82,0.0
42.33,37.5,0.0,2.08,67.93,8.13,31.0,1.5
88.92,37.95,1.84,-3.66,50.47,7.33,36.54,0.0
54.31,38.11,0.0,1.89,48.88,6.5,31.76,4.44
93.94,37.34,0.0,1.01,90.2,11.71,35.75,1.53
36.02,37.5,1.48,-2.73,45.81,5.47,25.85,2.94
55.37,39.33,1.38,-2.92,49.66,5.82,42.99,1.43
45.34,36.9,0.0,1.91,49.84,4.93,43.63,0.0
89.78,37.91,0.0,2.06,50.96,5.1,37.96,0.77
98.44,38.03,0.0,0.92,47.48,6.27,32.23,3.57
46.66,38.27,1.66,-3.14,48.68,5.65,41.67,1.59
61.23,38.76,0.0,2.02,51.26,6.3,45.57,4.5
61.21,36.35,1.83,-3.84,49.05,5.74,40.34,1.49
65.19,39.33,1.35,-2.81,51.66,5.83,35.64,1.69
23.69,37.68,0.0,1.94,49.99,5.99,30.43,1.22
30.33,37.68,0.0,1.9,47.51,5.15,28.84,1.26
19.83,37.68,1.76,-3.5,48.16,7.13,42.78,4.29
62.66,36.62,0.0,1.98,46.17,4.62,26.34,0.89
52.72,38.03,0.0,2.01,83.31,9.64,27.11,1.48
89.88,39.09,0.0,1.87,87.08,11.44,27.68,1.59
46.05,38.12,0.0,1.9,48.98,7.12,28.29,0.1
64.8,36.85,0.0,2.02,50.52,4.13,42.92,0.62
85.96,38.36,0.0,1.83,48.85,3.79,33.11,0.51
60.87,45.6,0.0,2.07,99.76,12.25,43.56,1.31
33.82,38.67,0.0,2.3,50.06,5.77,27.73,1.56
90.65,45.06,0.0,1.57,49.54,4.8,25.56,2.94
96.01,38.98,0.0,1.01,73.21,9.21,34.24,1.58
87.35,38.98,1.39,-2.58,88.52,10.96,39.14,1.28
57.86,37.2,0.0,1.99,47.84,4.77,36.39,0.0
51.84,38.81,0.0,2.25,50.15,5.95,30.72,1.64
88.38,38.09,1.82,-3.28,49.62,7.55,33.28,0.0
71.95,39.99,1.73,-3.24,50.28,5.62,34.96,1.55
81.86,38.12,0.0,2.12,47.71,5.41,32.92,1.27
91.86,39.38,1.67,-3.48,49.9,6.3,41.73,1.67
24.66,38.11,0.0,2.27,51.9,5.99,27.55,2.73
65.88,38.03,0.0,2.12,84.07,9.21,30.09,0.91
59.91,38.03,1.56,-3.36,48.48,6.61,34.41,0.0
78.51,39.46,1.52,-2.89,49.25,5.34,44.67,1.63
54.16,38.08,0.0,1.98,48.73,7.07,34.99,0.0
62.46,38.98,1.09,-2.4,68.53,6.47,29.32,0.94
24.56,38.98,0.0,1.97,51.61,7.17,30.69,0.01
41.21,37.2,0.0,2.08,47.94,5.99,31.45,3.72
21.68,37.6,1.66,-3.64,52.7,5.89,41.84,1.22
34.59,38.76,0.0,1.87,48.69,6.66,27.14,0.0
91.45,39.02,0.0,0.96,49.3,5.75,28.03,1.36
58.1,38.7,1.48,-3.04,48.37,5.22,26.84,1.49
32.79,37.91,0.0,1.66,49.64,6.69,35.15,0.0
83.69,36.38,0.0,2.16,47.84,4.58,43.9,0.93
29.48,38.03,1.61,-3.28,50.31,5.35,33.45,1.53
72.37,38.64,1.69,-3.05,47.31,5.22,30.01,1.56
26.84,37.65,0.0,1.77,48.37,4.15,31.94,0.94
52.06,38.12,1.63,-2.83,59.66,5.68,32.74,0.56
82.95,38.98,0.0,1.64,50.08,6.56,35.7,1.8
61.55,39.81,0.0,2.03,47.51,5.98,41.87,4.04
61.03,38.11,1.52,-2.86,49.0,5.78,30.82,1.42
76.33,38.07,1.61,-2.78,47.42,6.21,39.61,0.0
86.5,38.68,1.52,-3.36,50.05,6.55,40.22,1.72
95.87,39.04,0.0,1.04,51.44,5.4,29.65,1.44
84.34,39.19,1.65,-3.26,48.86,5.66,44.34,1.4
61.95,39.25,0.0,1.87,50.94,7.05,28.47,3.4
93.67,39.5,0.0,0.92,44.73,6.09,28.36,1.57
69.92,37.95,0.0,2.24,49.27,5.85,31.58,1.48
78.02,100.0,0.57,-1.18,50.09,6.09,37.52,0.0
37.48,37.17,0.0,1.91,50.22,5.48,43.13,1.21
79.2,36.27,1.73,-3.65,71.25,8.75,35.95,1.48
21.97,37.57,0.0,1.89,51.04,5.92,44.69,1.34
69.38,35.55,0.0,2.21,50.53,5.81,34.08,1.17
77.14,38.76,0.0,1.78,49.8,6.41,34.12,1.63
92.72,37.5,0.0,1.04,51.02,6.48,30.82,1.61
32.58,38.98,0.0,2.14,48.43,5.62,26.91,1.34
67.97,36.35,0.0,1.98,48.49,6.23,38.93,4.41
81.34,39.09,1.51,-3.12,50.66,5.19,26.97,0.8
84.55,38.43,0.0,2.03,49.87,4.28,30.99,0.65
91.68,37.57,0.0,1.14,48.6,5.47,35.5,1.66
74.31,38.04,0.0,2.11,47.76,5.75,42.02,1.45
71.51,37.95,0.0,2.14,48.15,6.2,33.4,4.03
20.71,38.47,0.0,2.33,52.18,5.05,43.77,0.8
92.12,37.51,0.0,0.86,49.04,6.73,45.8,0.0
94.98,37.2,0.0,0.92,81.63,8.72,29.68,0.77
39.46,38.98,0.0,2.03,49.62,5.37,36.25,1.32
43.53,38.09,1.11,-2.38,48.1,4.93,30.42,1.19
23.02,37.25,0.0,1.94,56.4,6.37,26.62,1.04
60.94,38.03,0.0,1.97,96.75,11.67,43.78,1.52
67.22,100.0,0.62,-1.18,49.19,5.94,28.4,1.4
61.06,36.9,0.0,2.05,50.75,7.11,36.88,3.01
92.11,35.55,0.0,1.09,48.91,4.73,27.71,0.0
72.96,38.15,1.27,-2.69,49.47,4.05,28.31,0.78
86.02,38.03,1.49,-3.26,49.41,6.89,39.04,0.0
46.04,38.08,0.0,2.26,49.74,4.78,37.49,0.0
89.54,39.19,0.0,2.14,50.55,5.45,33.4,0.0
49.53,37.51,1.55,-2.97,49.82,7.56,34.11,0.01
42.81,38.64,0.0,1.85,48.59,3.46,31.74,0.62
62.3,38.38,0.0,1.95,49.17,5.79,32.77,1.7
72.02,38.11,1.3,-2.91,50.28,4.52,32.21,0.67
63.44,38.24,1.62,-3.13,92.89,10.97,44.18,1.15
55.51,38.07,1.23,-2.82,49.49,4.99,33.19,3.36
63.28,37.78,1.1,-2.79,50.48,4.29,33.31,0.57
51.23,37.4,1.77,-3.49,49.97,5.39,45.56,1.41
91.71,38.08,0.0,1.0,77.66,9.59,32.16,1.4
33.02,38.56,0.0,1.99,49.69,4.53,29.53,0.46
83.12,100.0,0.41,-0.83,48.85,4.51,43.78,3.46
86.02,36.35,0.0,2.16,48.53,5.83,42.22,1.55
21.28,39.25,0.0,1.89,50.89,6.09,39.51,1.19
94.77,37.34,0.0,0.83,93.99,11.37,35.8,1.47
32.62,38.56,1.42,-2.92,90.67,11.08,31.14,0.97
57.94,38.03,0.0,1.97,99.52,12.1,36.02,1.49
69.09,38.68,0.0,2.3,84.21,9.15,40.9,1.21
82.98,37.51,0.0,1.97,100.93,12.51,31.64,1.65
50.9,38.98,0.0,2.27,90.63,9.37,44.33,0.91
89.06,36.27,1.34,-2.72,58.74,6.49,42.58,1.42
92.35,43.48,0.0,0.93,51.27,6.11,37.01,1.9
85.32,37.51,0.0,2.17,50.17,5.91,42.19,3.14
92.6,37.57,1.58,-3.28,48.82,5.66,26.94,1.43
31.09,38.56,1.52,-2.95,92.31,10.03,24.62,0.79
41.47,37.91,1.47,-3.18,49.12,6.97,31.62,3.73
30.21,37.83,0.0,1.99,52.47,6.25,43.9,1.62
70.95,39.36,0.0,2.07,47.64,4.93,41.15,1.17
43.03,38.97,1.76,-3.18,51.41,5.41,38.79,0.96
28.86,44.43,0.0,1.79,78.22,9.52,33.05,1.67
44.87,36.27,1.57,-3.0,102.95,13.37,44.34,1.62
69.75,38.09,1.35,-3.08,47.57,6.35,36.21,0.0
85.09,37.5,0.0,1.85,50.09,5.25,30.27,1.4
65.87,38.27,0.0,2.15,50.41,5.94,28.34,1.36
45.53,38.8,0.0,2.14,49.43,5.45,28.83,1.46
32.9,38.57,0.0,1.9,48.28,6.23,26.9,3.92
63.44,38.08,1.61,-3.05,79.12,9.2,41.45,1.13
54.89,38.12,1.75,-3.61,58.07,5.91,25.02,0.81
53.06,36.78,1.72,-3.25,49.92,5.27,27.3,1.26
39.87,39.19,1.38,-3.14,63.3,7.61,38.77,1.69
52.07,38.75,0.0,1.98,50.0,5.72,30.32,1.35
87.98,37.5,0.0,2.05,47.85,3.64,31.73,0.57
91.04,38.03,0.0,1.93,50.45,6.68,46.06,0.0
22.84,39.9,0.0,2.02,74.58,8.92,36.83,1.61
71.07,38.5,0.0,1.97,49.94,5.83,30.16,1.38
61.41,100.0,0.42,-0.98,50.39,4.1,25.88,0.56
24.33,39.3,1.29,-2.57,48.05,5.64,29.23,1.37
86.27,39.19,1.61,-3.25,48.61,5.96,30.54,1.89
71.54,38.34,1.33,-3.02,47.93,5.57,44.22,1.47
30.25,38.76,0.0,1.83,47.28,4.95,40.88,1.28
85.82,38.03,0.0,2.04,50.42,5.07,39.38,2.53
62.1,38.2,0.0,1.92,47.84,5.62,28.63,0.0
68.25,39.09,0.0,2.07,53.83,6.28,39.11,1.38
80.03,37.51,1.46,-3.07,102.28,13.09,34.69,1.63
36.37,37.97,0.0,2.21,51.72,6.52,46.44,3.39
28.48,37.2,0.0,2.18,50.17,4.13,40.76,0.54
74.52,37.29,1.3,-2.86,47.54,4.93,35.52,1.19
67.58,37.43,0.0,2.08,48.86,5.97,28.31,1.51
20.43,37.97,0.0,1.98,49.65,5.04,41.01,0.0
74.56,37.51,1.77,-3.55,69.71,7.98,42.1,1.58
63.79,39.19,0.0,1.98,51.74,5.37,42.08,1.57
43.14,39.23,1.4,-3.01,49.29,5.69,44.16,1.4
75.06,37.43,1.86,-3.87,52.06,6.07,26.98,1.55
50.32,37.51,0.0,1.84,49.14,4.82,28.25,1.04
94.17,37.57,1.71,-2.92,48.19,5.35,45.81,1.28
55.03,37.15,0.0,2.23,49.41,6.3,41.78,1.47
46.62,37.51,0.0,2.16,51.66,5.19,36.13,0.0
80.42,36.35,0.0,1.63,47.47,4.99,31.0,1.44
89.53,38.37,0.0,1.82,49.68,6.02,29.37,1.44
49.39,37.93,1.55,-3.19,49.02,6.56,32.7,0.0
27.54,38.21,1.71,-3.12,50.36,5.99,29.24,1.63
39.52,38.98,1.61,-3.52,51.4,7.2,46.6,0.13
25.52,37.68,0.0,1.83,50.28,4.82,36.11,0.68
62.25,38.65,0.0,1.83,51.46,5.89,42.19,1.59
59.02,36.9,0.0,1.91,49.75,6.62,42.7,4.5
87.34,38.76,0.0,1.99,52.21,5.04,29.68,2.98
77.47,37.51,0.0,2.28,91.39,10.91,36.98,1.44
18.27,39.33,1.37,-2.92,50.88,5.34,25.53,0.68
28.26,37.91,0.0,2.13,48.8,5.71,44.93,3.61
40.59,37.97,0.0,2.09,50.34,3.83,39.58,0.49
39.51,35.55,0.0,1.94,83.62,10.63,35.81,1.76
73.2,39.19,0.0,2.15,47.26,4.41,32.71,1.11
23.48,38.98,1.73,-3.19,48.32,5.95,33.64,1.27
39.87,38.98,0.0,1.78,76.78,9.26,26.52,1.44
91.88,38.65,0.0,0.95,96.55,11.74,38.72,1.06
20.84,37.93,0.0,1.8,50.38,6.59,36.32,1.44
73.31,39.25,1.55,-2.81,51.39,4.71,31.24,0.59
66.92,38.04,0.0,1.8,49.81,3.62,38.0,0.42
33.21,37.2,0.0,1.97,51.27,6.16,30.16,0.13
66.06,38.04,0.0,1.87,50.65,4.48,26.64,0.47
88.35,38.07,1.84,-3.39,50.79,6.09,32.6,2.87
65.43,38.08,0.0,2.04,48.78,3.56,42.34,0.39
46.21,37.94,0.0,2.13,48.8,3.69,32.53,0.95
88.1,37.68,0.0,1.76,87.4,9.48,35.21,1.0
22.06,38.74,0.0,2.19,49.32,5.83,42.0,1.49
22.49,37.2,1.61,-3.43,49.11,7.27,46.42,3.79
21.86,37.2,0.0,2.06,48.93,5.45,41.29,1.33
30.79,39.81,0.0,1.77,50.62,6.23,42.72,1.59
52.76,37.95,1.5,-3.33,61.24,7.09,35.2,1.49
86.24,100.0,0.7,-1.31,50.68,7.48,30.02,3.66
41.56,38.11,1.51,-3.29,51.21,5.73,40.51,0.0
75.04,39.22,1.17,-2.55,51.5,4.26,37.86,0.64
35.84,38.03,0.0,2.06,59.9,6.85,35.21,1.47
74.71,38.11,0.0,2.32,54.93,7.06,28.26,1.58
91.43,38.68,0.0,0.83,75.95,8.5,34.57,1.14
60.26,38.98,0.0,2.06,50.38,5.99,30.6,1.64
69.24,38.24,0.0,1.86,48.46,5.61,42.79,0.0
58.98,100.0,0.6,-1.2,61.47,7.4,37.46,1.13
94.55,36.9,0.0,1.14,51.08,5.29,31.47,0.87
47.23,38.07,1.6,-3.02,48.05,4.81,45.2,1.21
76.25,38.78,0.0,1.8,49.79,5.85,34.2,1.76
70.42,38.04,0.0,1.89,50.24,5.78,46.52,1.64
30.02,100.0,0.53,-1.22,50.6,5.46,33.96,1.47
54.06,38.76,1.39,-3.1,58.0,7.19,32.45,1.8
66.27,49.72,0.81,-1.58,47.31,4.46,30.75,0.99
79.62,100.0,0.55,-1.07,87.59,11.32,39.33,1.78
97.0,38.27,1.46,-0.93,48.36,5.59,35.03,1.54
73.36,38.03,0.0,2.1,49.63,5.43,31.46,1.48
83.75,38.76,0.0,2.01,50.55,5.39,44.01,1.47
61.41,38.08,1.31,-2.84,48.48,7.14,36.56,4.34
75.4,36.27,1.88,-3.8,74.97,8.97,38.94,1.61
90.62,36.35,0.0,1.49,50.45,6.2,32.81,1.65
96.64,38.94,0.0,0.96,48.06,5.09,29.58,1.36
62.36,45.06,1.1,-2.18,74.71,8.79,26.03,1.33
70.91,37.81,0.0,2.31,48.29,4.63,43.65,1.14
56.48,38.08,1.55,-3.25,49.8,6.44,38.28,3.17
27.28,39.09,1.54,-3.21,51.13,7.04,40.92,3.85
94.13,38.21,1.51,-3.02,48.49,5.7,38.08,1.57
60.1,100.0,0.52,-1.04,48.85,4.05,27.13,0.43
50.94,38.75,0.0,1.68,49.94,5.66,27.21,1.34
62.03,38.56,0.0,2.08,48.84,7.02,46.1,4.5
60.66,37.5,1.62,-3.32,49.1,5.29,37.43,1.45
52.25,39.19,1.37,-2.82,97.7,11.72,31.17,1.49
29.18,38.56,0.0,1.75,52.01,5.78,40.27,1.2
79.79,100.0,0.6,-1.18,49.44,6.17,38.99,3.01
57.38,38.03,1.45,-3.26,48.63,5.47,31.66,1.28
42.99,38.27,0.0,1.9,48.49,6.25,40.49,0.0
67.87,38.95,0.0,2.19,49.32,5.75,44.29,1.61
35.83,38.56,0.0,1.85,48.27,5.27,37.26,1.27
49.56,37.84,0.0,2.22,48.47,6.08,34.78,1.52
70.64,54.49,1.1,-2.16,49.69,4.69,32.44,0.77
90.64,38.68,1.63,-3.15,60.67,7.76,35.6,1.39
64.4,38.98,0.0,1.98,49.29,5.67,40.07,1.72
28.61,38.03,0.0,2.0,48.87,5.03,41.92,1.44
54.39,36.9,1.51,-3.17,75.69,9.44,27.62,1.51
41.64,38.76,1.76,-3.42,51.3,6.19,30.94,1.19
68.86,52.22,0.91,-1.74,49.19,4.11,43.13,0.45
63.5,37.34,1.13,-2.23,48.99,5.23,32.99,3.47
38.21,38.07,1.66,-3.08,50.26,6.07,28.43,1.84
95.17,38.4,0.0,0.92,51.22,6.91,45.33,0.0
98.11,38.98,0.0,1.06,79.65,9.74,33.94,1.23
21.91,37.99,0.0,2.0,97.16,12.28,34.05,1.54
83.28,38.07,0.0,2.08,47.95,5.5,45.5,1.38
60.88,39.25,0.0,1.76,50.59,6.65,41.47,3.48
76.17,37.15,0.0,2.32,54.02,6.63,41.42,1.56
88.37,38.4,0.0,1.82,51.33,4.41,38.37,0.64
77.96,39.19,1.59,-3.39,71.21,8.95,40.66,1.79
28.06,36.9,0.0,1.87,48.97,3.68,33.94,0.96
91.13,100.0,0.52,-1.2,50.63,5.43,42.19,1.26
84.55,39.19,1.3,-2.65,63.83,7.79,39.16,1.63
24.97,38.08,1.48,-3.1,48.66,7.08,44.83,0.0
31.25,100.0,0.61,-1.22,49.91,5.98,37.53,1.62
46.95,39.34,0.0,1.87,47.31,4.87,29.38,1.16
62.6,39.81,0.0,2.11,47.8,6.55,31.25,3.99
36.6,37.51,0.0,1.87,48.98,5.73,28.66,1.47
77.46,36.62,0.0,2.0,51.28,5.51,39.64,3.42
21.85,38.5,1.62,-3.02,49.98,6.13,34.69,1.8
42.01,45.06,1.05,-2.15,91.64,10.82,42.39,0.62
38.97,38.97,1.22,-2.7,50.01,4.0,33.19,0.57
46.85,38.07,1.79,-3.16,48.45,6.45,32.55,0.0
31.61,39.19,0.0,1.68,101.15,11.65,29.32,1.07
52.57,38.76,0.0,2.02,92.22,11.75,42.63,1.59
56.55,38.42,1.55,-3.03,48.22,5.66,38.56,1.48
24.16,37.2,1.58,-3.02,92.53,11.13,37.72,1.21
74.59,38.7,1.58,-3.02,49.17,5.53,42.02,1.55
60.7,35.63,1.52,-3.08,50.39,4.06,38.51,0.44
90.01,37.95,0.0,1.82,47.93,6.31,44.3,0.0
66.3,39.09,1.52,-2.98,49.1,6.22,34.9,3.57
58.29,39.77,1.6,-3.03,50.14,5.47,31.42,1.34
78.82,38.12,1.32,-2.46,87.48,10.2,29.1,1.21
61.72,38.12,1.82,-3.21,51.06,6.25,42.27,1.74
44.7,37.97,0.0,2.09,47.78,4.78,25.26,1.05
70.03,37.51,0.0,2.13,79.97,8.26,28.82,1.11
74.25,38.22,1.48,-2.91,47.79,5.47,36.57,1.34
38.11,39.81,0.0,1.96,42.51,4.46,30.89,0.72
53.33,38.08,0.0,2.04,71.52,8.76,28.68,1.63
17.62,38.52,0.0,1.85,51.78,5.26,30.13,0.68
38.48,38.25,1.78,-3.57,47.9,5.75,30.48,1.35
65.54,38.76,1.34,-2.57,48.26,5.39,46.87,0.0
96.01,39.19,0.0,1.12,50.09,6.73,39.87,3.68
54.15,37.5,1.55,-3.24,49.12,6.23,31.43,0.0
39.17,38.76,1.19,-2.48,50.83,5.19,30.52,2.49
94.83,38.12,1.83,-3.41,73.07,8.66,33.98,1.63
52.31,39.21,1.42,-2.83,49.99,4.81,26.71,0.73
29.15,38.11,1.6,-3.3,49.05,5.24,26.61,1.52
87.95,38.68,0.0,1.95,47.9,5.7,35.61,1.47
69.95,39.19,1.34,-2.8,80.8,8.98,39.56,0.88
92.4,39.12,0.0,1.02,49.93,5.62,36.57,1.17
59.8,36.62,0.0,2.27,47.88,4.12,37.76,0.5
50.15,35.55,0.0,2.28,102.3,12.0,44.49,0.99
91.97,38.12,0.0,0.93,50.6,5.83,26.87,1.13
26.63,38.12,0.0,1.85,101.45,12.72,29.72,1.27
49.76,38.03,0.0,2.02,84.83,9.92,41.21,1.47
90.83,39.81,0.0,1.95,49.65,5.48,43.71,1.71
94.8,45.06,0.0,1.01,48.96,5.59,34.62,1.49
81.3,39.19,0.0,1.86,48.62,6.95,31.3,4.05
37.85,39.25,0.0,2.02,49.5,6.58,44.87,4.5
94.63,38.11,0.0,0.91,95.17,12.17,38.09,1.76
76.37,37.95,1.98,-3.72,52.18,5.81,41.26,1.62
33.64,39.25,0.0,1.82,48.25,5.97,39.59,3.85
29.9,35.55,1.36,-2.72,50.45,4.2,36.89,0.56
21.45,39.7,0.0,1.98,51.89,4.9,31.34,0.59
78.32,37.5,0.0,2.38,48.54,5.71,29.89,1.54
54.86,45.6,0.0,1.8,93.57,10.41,30.69,0.68
40.55,38.08,1.54,-2.6,46.85,4.9,44.28,1.41
96.56,37.2,1.5,-0.99,89.39,11.46,45.2,1.74
79.83,37.93,1.82,-3.54,50.89,6.53,45.22,3.31
79.36,38.03,0.0,2.04,78.2,9.13,35.48,1.53
39.16,38.25,0.0,2.37,50.76,5.73,39.62,1.36
46.36,38.98,0.0,1.92,51.33,5.64,40.83,1.1
78.58,38.6,0.0,1.78,51.06,5.39,27.84,1.06
49.12,37.68,0.0,1.84,47.68,4.9,40.95,1.01
28.22,35.55,0.0,2.06,69.05,8.37,33.68,1.02
82.09,37.5,1.42,-3.06,57.04,6.25,34.7,1.59
75.64,38.56,0.0,2.08,48.09,5.54,32.34,0.0
89.14,36.35,0.0,1.95,49.49,6.29,32.98,1.69
96.58,38.03,0.0,0.98,50.59,5.24,27.36,0.0
48.24,64.95,0.92,-1.77,51.11,6.04,27.86,1.67
42.91,39.81,0.0,1.99,48.12,6.68,27.13,3.95
71.85,36.35,0.0,1.7,49.66,7.24,42.87,3.56
22.76,37.15,0.0,2.15,51.95,7.52,44.46,3.39
88.91,38.08,0.0,1.82,70.34,7.93,31.37,1.26
29.23,37.99,1.52,-2.77,82.92,9.23,33.13,1.26
74.51,38.38,0.0,1.98,51.63,6.61,44.11,2.69
56.09,37.34,1.59,-3.49,49.13,6.24,28.29,0.0
54.12,38.12,1.67,-3.16,52.24,4.96,41.56,0.94
55.25,38.68,0.0,2.31,50.11,7.22,44.03,0.0
21.65,38.03,0.0,1.74,51.98,6.64,35.52,1.32
69.04,37.51,0.0,1.95,78.71,7.98,35.78,0.7
77.94,38.03,0.0,2.04,105.25,13.53,33.11,1.75
96.66,38.12,1.58,-1.01,71.26,8.67,32.95,1.41
43.07,45.06,1.1,-2.34,99.61,11.5,42.33,0.72
87.04,37.51,0.0,2.19,48.95,4.33,30.42,0.58
57.39,38.68,0.0,1.84,68.29,7.74,36.23,1.47
90.94,37.91,0.0,2.15,50.95,4.51,42.56,0.64
70.51,37.5,1.33,-2.71,66.64,7.04,35.88,1.02
79.1,38.67,1.34,-2.85,49.23,5.55,43.57,1.61
80.94,38.66,1.9,-3.59,50.68,6.54,30.27,1.32
37.54,37.99,0.0,2.27,48.03,5.55,34.09,1.47
75.18,37.28,1.56,-3.58,51.32,6.09,37.33,1.93
91.99,38.27,0.0,0.96,86.36,9.44,26.27,0.78
82.68,35.55,1.54,-3.05,49.06,3.67,31.81,0.72
59.32,38.68,0.0,1.93,70.84,8.45,32.95,1.58
39.63,38.07,0.0,1.91,51.63,6.0,32.24,1.63
68.28,36.9,0.0,2.04,48.53,4.98,45.38,1.24
68.69,37.97,0.0,2.01,47.9,5.72,34.87,1.4
71.39,38.68,1.61,-3.11,80.57,8.47,39.57,0.57
30.11,38.76,0.0,2.05,58.9,6.13,41.08,1.21
83.47,38.07,0.0,2.31,51.02,4.28,41.22,0.56
26.57,38.68,1.39,-3.09,47.99,6.21,36.96,3.0
28.83,38.22,0.0,1.96,48.84,4.77,39.88,1.11
41.23,39.09,1.23,-2.66,47.21,5.66,30.78,3.69
32.71,38.76,1.29,-2.91,48.27,5.76,26.36,1.37
65.46,38.07,0.0,2.19,81.39,10.31,35.46,1.59
97.68,38.24,0.0,0.98,59.01,5.25,31.57,0.48
89.97,37.59,1.37,-2.72,49.41,4.33,26.71,0.42
77.07,35.72,1.17,-2.31,48.61,4.05,26.39,0.89
88.06,38.68,0.0,1.95,48.66,4.66,43.78,1.16
85.97,38.4,1.38,-2.91,49.61,6.44,46.08,0.0
62.08,37.51,0.0,1.95,51.95,6.66,44.71,3.32
53.45,38.57,0.0,1.78,48.1,5.23,29.23,1.44
72.49,45.6,0.0,2.26,51.06,5.86,36.41,1.51
27.18,38.18,0.0,2.3,49.47,4.22,34.18,0.66
67.77,38.03,0.0,1.89,87.14,10.65,46.06,1.41
75.75,38.2,0.0,2.1,51.1,6.12,43.12,3.66
90.64,39.19,0.0,1.89,46.63,4.36,28.33,0.77
34.17,38.08,1.05,-2.32,46.88,5.26,35.11,3.04
95.23,36.85,0.0,0.92,50.75,5.56,28.28,1.1
81.53,37.95,0.0,2.22,50.83,5.92,25.32,3.71
80.16,36.78,0.0,1.88,52.09,6.05,30.06,1.48
55.18,36.9,0.0,1.9,48.86,6.47,37.27,0.0
65.69,39.11,0.0,1.77,47.24,4.8,34.64,1.2
95.26,38.24,0.0,1.03,52.93,6.24,43.85,1.48
23.64,37.57,1.78,-3.33,50.21,5.68,35.14,1.51
39.68,37.95,0.0,1.84,49.67,5.92,34.76,1.67
96.28,38.38,0.0,1.17,48.03,4.86,44.77,1.2
23.81,37.93,0.0,2.11,50.81,6.29,42.5,1.11
73.54,38.38,0.0,1.9,51.51,6.96,30.45,3.1
68.01,39.88,1.74,-3.72,51.65,6.34,39.3,1.79
55.24,38.6,0.0,1.75,50.61,6.21,39.25,1.73
31.18,38.07,0.0,1.97,50.32,5.65,28.69,1.38
95.37,38.76,0.0,1.05,50.29,6.47,38.71,0.0
43.78,45.6,0.0,1.79,72.9,8.67,28.61,1.23
23.95,36.18,1.56,-3.21,49.05,5.88,33.28,1.48
67.83,100.0,0.56,-1.26,48.99,5.64,34.31,1.46
24.32,39.33,1.74,-3.38,57.12,6.26,30.12,1.05
22.63,100.0,0.68,-1.4,48.89,7.04,36.44,4.21
50.51,38.03,0.0,1.89,48.58,5.44,28.33,1.51
56.79,37.5,0.0,2.32,87.52,10.44,26.91,1.36
87.71,39.19,0.0,1.62,49.17,4.77,39.95,2.68
36.65,37.93,1.25,-2.63,50.33,4.7,24.98,0.0
46.45,36.27,1.43,-3.45,100.49,12.95,44.41,1.78
19.8,38.76,0.0,-0.74,51.07,6.64,34.69,3.55
19.59,45.6,1.29,-2.27,49.83,4.53,33.4,0.93
81.64,38.2,0.0,2.24,48.18,5.64,28.46,1.53
31.39,39.25,1.58,-3.3,48.24,5.58,27.69,1.46
35.53,37.91,1.34,-2.72,49.3,4.91,36.84,0.0
69.8,39.09,0.0,1.94,49.58,5.58,36.83,1.66
90.25,38.03,1.3,-2.49,47.68,4.8,26.28,1.16
25.66,38.11,1.82,-3.49,49.73,5.66,43.05,1.53
22.41,39.81,0.0,2.03,48.5,5.39,45.4,1.23
88.84,38.15,1.53,-3.08,50.82,6.52,39.19,1.95
92.15,38.08,0.0,0.98,49.3,5.77,41.42,1.49
68.49,100.0,0.56,-1.05,48.59,5.33,31.08,1.57
35.03,38.85,0.0,2.37,48.48,5.31,29.28,1.14
25.08,37.5,0.0,2.08,50.66,4.42,40.53,0.65
95.46,37.15,0.0,0.92,91.13,11.77,32.43,1.57
66.69,38.06,0.0,2.13,47.23,4.89,40.66,1.21
64.84,37.91,1.57,-2.89,48.66,4.36,33.43,1.1
38.52,100.0,0.56,-1.15,51.17,5.92,41.97,0.0
52.63,37.51,1.66,-3.5,90.3,11.65,32.2,1.61
98.46,38.68,0.0,1.1,97.37,10.26,26.92,0.55
41.73,38.03,0.0,1.98,76.65,8.58,29.79,0.81
91.04,36.27,0.0,1.55,48.65,5.03,32.26,1.17
88.91,38.98,0.0,1.78,53.46,5.19,36.13,0.48
61.19,37.28,1.55,-2.7,47.75,4.6,45.21,1.07
78.16,37.15,0.0,1.98,57.85,6.74,39.46,1.65
95.68,37.68,1.34,-2.65,48.01,4.47,26.3,1.08
72.99,37.2,0.0,1.82,50.75,6.7,33.43,1.85
95.05,38.08,0.0,0.86,90.63,11.0,37.68,1.64
54.83,38.03,0.0,2.11,86.46,10.97,45.31,1.6
81.77,44.43,1.45,-2.94,51.1,5.06,44.78,0.94
72.06,38.76,0.0,1.9,48.1,5.82,36.22,4.1
95.1,36.9,0.0,1.08,52.14,6.65,33.72,1.84
47.7,38.07,1.93,-3.42,50.27,5.81,45.85,1.27
93.21,38.08,1.6,-3.02,50.25,6.5,42.45,1.53
48.02,37.51,1.51,-3.05,50.3,6.36,28.66,0.0
87.24,38.38,1.66,-3.33,50.27,5.87,32.67,1.21
52.73,37.91,0.0,1.97,47.61,5.84,28.28,1.52
94.71,39.66,0.0,1.03,48.47,5.63,32.94,1.63
27.51,39.25,0.0,2.04,48.95,4.49,27.22,0.99
37.5,37.5,1.24,-2.33,46.05,5.5,36.49,3.08
56.43,37.25,1.45,-3.03,49.26,5.36,36.48,1.36
27.64,38.76,0.0,1.97,48.78,4.93,31.66,3.64
46.92,38.98,0.0,2.07,51.13,5.2,29.66,3.17
83.33,45.6,0.0,2.17,47.84,5.48,43.68,1.25
93.62,35.55,0.0,0.93,47.44,5.22,45.15,3.88
86.47,100.0,0.72,-1.28,68.46,8.33,29.17,1.91
29.12,37.95,1.5,-2.96,81.32,9.84,37.95,1.55
80.3,39.19,0.0,1.83,48.97,6.07,30.74,0.0
88.72,37.51,1.24,-2.79,92.3,10.78,35.17,1.16
49.2,38.38,0.0,2.03,50.32,5.95,39.91,1.86
54.38,38.99,0.0,1.7,48.26,6.01,33.27,1.8
22.55,37.95,1.66,-3.49,89.38,11.41,35.14,1.7
29.14,38.27,1.39,-3.38,52.73,6.25,39.62,0.0
92.35,38.03,0.0,0.92,100.4,12.52,39.4,1.45
91.39,38.11,0.0,0.95,82.43,10.03,37.09,1.56
84.98,38.71,0.0,1.82,50.08,3.79,27.83,0.56
24.89,38.04,0.0,1.85,51.88,5.81,27.76,3.43
20.12,44.43,1.68,-3.21,64.41,7.35,26.32,1.08
44.32,37.75,0.0,2.27,50.05,3.86,41.24,0.59
87.54,37.51,1.72,-3.33,55.9,6.72,33.91,1.43
19.64,36.35,1.7,-3.56,51.36,5.41,25.12,0.0
85.11,37.51,0.0,1.79,53.27,6.65,38.65,1.23
51.38,100.0,0.52,-1.08,85.01,9.76,39.8,0.84
55.1,38.04,0.0,2.09,54.56,6.33,37.34,1.36
78.37,36.02,0.0,2.15,50.45,6.34,33.31,1.88
19.82,38.76,1.69,-3.11,49.51,6.06,28.61,1.37
62.47,39.09,0.0,1.98,48.52,4.43,41.99,1.24
50.8,38.07,0.0,1.71,61.77,7.13,34.7,1.57
86.09,39.19,0.0,2.04,50.23,5.88,33.9,3.42
25.26,39.09,0.0,2.0,49.75,6.34,42.56,4.12
72.86,37.5,0.0,1.63,49.2,5.73,31.86,1.3
94.33,39.09,0.0,1.01,99.55,11.13,42.11,0.7
95.58,38.41,1.36,-0.85,47.92,4.23,26.07,0.74
51.54,38.72,0.0,2.1,48.34,5.76,30.49,1.57
60.49,39.81,0.0,1.92,47.49,5.18,35.96,2.8
36.9,38.12,1.54,-3.26,74.34,8.84,43.92,1.65
93.69,39.61,0.0,0.98,51.12,5.44,26.46,1.4
43.5,38.98,1.83,-3.62,50.92,5.92,30.06,1.38
86.69,36.9,1.45,-3.31,72.12,8.62,34.56,1.56
54.38,37.99,1.76,-3.45,57.33,7.06,41.38,1.38
76.57,38.08,1.55,-3.38,66.58,6.9,29.64,0.83
80.65,38.81,0.0,1.99,48.13,4.19,43.2,0.7
94.94,38.56,0.0,1.03,48.21,4.11,33.27,0.89
39.02,39.25,0.0,2.07,49.87,7.13,35.73,0.0
37.49,37.68,0.0,1.65,50.53,6.72,28.35,3.51
88.05,38.56,0.0,2.26,50.64,6.0,42.93,1.44
71.73,37.13,1.75,-3.44,52.2,5.86,37.46,1.33
70.6,36.62,0.0,2.11,49.63,6.13,28.54,1.46
94.28,38.11,1.53,-2.96,47.15,5.6,37.65,1.34
30.96,39.9,0.0,2.12,83.5,9.06,32.28,0.96
84.98,38.65,1.69,-3.3,51.03,5.16,40.59,0.94
30.78,39.25,0.0,2.14,48.31,4.8,39.69,1.34
41.99,38.76,0.0,2.1,50.2,6.52,29.12,4.18
64.2,38.34,0.0,2.11,50.86,5.69,42.47,1.13
91.83,44.43,0.0,1.13,50.45,6.51,27.17,3.31
21.07,38.04,0.0,1.96,51.11,6.65,40.03,0.0
47.09,38.07,0.0,1.92,53.81,6.12,29.98,1.64
95.14,38.19,0.0,0.92,47.02,4.18,28.26,0.87
69.11,38.88,0.0,2.03,48.98,5.03,42.82,1.34
91.95,39.19,1.51,-2.95,55.59,5.38,38.78,1.22
51.63,37.5,1.66,-3.63,86.61,10.9,34.63,1.55
30.69,37.99,0.0,2.08,50.15,4.41,33.85,0.58
91.64,39.19,0.0,1.0,46.21,5.34,28.79,1.31
76.68,38.76,1.67,-3.08,50.75,5.6,31.21,1.44
85.65,100.0,0.59,-1.28,50.9,7.15,41.61,3.82
53.29,36.9,0.0,1.82,48.25,6.56,36.44,3.55
39.74,37.2,0.0,2.01,49.81,5.42,45.93,1.52
30.75,37.99,1.25,-2.25,81.76,8.95,40.98,1.01
24.64,37.68,0.0,1.93,51.83,6.85,30.9,0.0
90.18,37.24,1.33,-2.76,47.25,4.97,41.26,1.1
51.25,38.98,0.0,2.11,48.37,5.64,32.98,3.79
47.51,38.4,1.55,-3.13,50.04,6.06,34.37,1.57
22.88,37.93,0.0,2.04,50.36,6.22,29.91,1.47
45.15,39.21,1.31,-2.34,46.99,6.36,35.34,0.0
97.05,39.25,1.29,-0.87,85.02,9.64,25.72,1.0
84.24,38.08,1.59,-3.33,49.51,5.84,37.29,1.56
32.8,39.19,1.31,-2.6,68.77,6.67,30.44,0.41
71.23,38.07,0.0,2.08,49.84,6.31,38.75,1.31
23.33,37.97,1.46,-3.18,50.33,6.73,34.3,0.0
37.31,44.43,1.46,-2.67,47.71,5.48,40.25,1.52
19.69,37.51,1.54,-3.47,49.71,6.58,43.06,0.0
89.77,37.89,0.0,1.35,49.72,5.56,35.43,1.36
42.22,39.33,1.43,-2.78,48.48,5.46,32.73,1.32
27.33,37.95,0.0,2.08,104.06,11.93,29.53,0.64
81.36,100.0,0.55,-1.07,81.86,9.95,45.67,1.51
53.54,38.68,0.0,1.88,60.23,7.39,33.56,1.57
98.47,38.27,0.0,0.95,47.9,6.05,45.02,1.53
89.45,37.69,0.0,1.62,50.8,5.79,36.31,1.47
92.14,45.6,0.0,1.02,50.42,6.05,28.31,1.7
89.53,38.83,0.0,1.62,48.37,4.22,25.88,0.72
42.44,38.24,0.0,2.19,51.0,4.88,26.33,0.79
35.53,37.68,0.0,2.17,48.8,5.67,39.49,1.59
70.38,37.24,1.33,-2.7,62.83,6.29,36.02,0.72
36.18,38.27,1.56,-3.46,50.87,6.46,45.46,1.74
93.45,38.09,1.68,-3.43,49.06,6.76,30.27,0.0
66.97,39.33,0.0,1.89,48.45,5.78,44.42,1.53
65.74,38.18,0.0,2.27,86.32,9.31,33.58,0.6
71.28,38.07,1.22,-2.33,48.22,4.73,34.18,3.35
44.06,38.04,1.41,-3.1,50.56,6.53,28.48,0.0
22.54,37.2,0.0,2.0,51.94,5.91,30.72,0.0
83.53,100.0,0.41,-0.89,49.99,4.77,24.4,2.97
90.92,37.5,0.0,1.01,50.39,6.3,39.49,1.81
33.77,38.03,0.0,2.32,63.23,7.53,35.53,1.53
84.96,36.9,0.0,1.88,49.06,4.54,39.56,0.68
81.08,37.24,1.53,-3.29,52.64,6.27,32.01,1.43
93.84,38.65,0.0,1.06,100.93,11.12,31.18,0.47
63.29,38.98,0.0,2.21,51.11,6.96,42.1,0.0
66.35,100.0,0.58,-1.23,49.18,6.14,42.57,1.7
58.26,37.2,0.0,2.17,50.09,7.65,33.94,0.0
72.72,100.0,0.52,-1.05,50.22,4.2,33.15,0.53
95.24,38.98,1.15,-2.82,50.55,4.39,32.63,0.48
89.36,38.08,0.0,2.32,48.48,4.99,26.89,1.44
93.41,37.51,1.36,-2.61,47.47,5.43,45.81,1.34
92.92,39.57,0.0,0.95,49.17,5.52,31.23,1.51
18.9,38.76,1.63,-3.12,50.57,6.73,31.98,4.06
20.49,37.83,0.0,-0.55,48.52,5.63,39.88,1.33
49.79,38.57,0.0,1.89,48.08,5.22,39.22,0.0
55.42,44.43,1.49,-3.0,49.51,5.66,45.83,1.45
39.06,38.76,1.49,-2.93,73.91,7.96,30.97,0.73
46.23,37.34,0.0,1.96,50.58,6.05,34.48,1.13
69.08,39.86,0.0,2.09,51.54,5.87,44.31,1.72
97.47,38.65,0.0,1.11,47.59,5.56,29.63,1.47
31.39,38.98,0.0,2.0,47.24,5.7,39.55,1.57
25.72,39.39,0.0,2.14,51.43,5.19,39.62,1.56
38.55,36.27,0.0,1.96,49.2,6.22,42.77,3.81
83.25,37.2,0.0,2.15,48.94,5.63,44.2,1.26
84.96,79.95,0.61,-1.17,48.9,4.04,36.1,0.83
91.55,36.27,0.0,1.05,48.34,5.43,39.99,1.45
65.19,37.25,1.59,-2.83,49.9,4.38,26.9,0.71
72.04,38.08,0.0,1.88,50.2,5.92,40.02,1.65
52.59,38.03,0.0,2.08,48.95,5.92,38.73,1.75
72.59,37.79,1.35,-2.74,47.63,5.05,43.22,1.13
95.65,44.43,1.4,-2.76,48.53,6.03,34.9,1.33
36.27,37.5,1.45,-2.9,100.61,12.45,27.4,1.58
77.92,38.56,0.0,2.28,48.44,5.25,43.69,1.48
93.05,37.48,1.15,-2.46,50.06,3.64,32.56,0.95
31.57,38.03,1.51,-3.16,48.99,6.47,41.12,0.0
89.04,100.0,0.73,-1.27,60.84,7.09,46.31,1.65
74.38,100.0,0.71,-1.35,101.93,12.8,26.63,1.17
39.44,38.75,0.0,1.99,103.49,11.88,25.81,0.8
63.75,100.0,0.66,-1.28,50.72,6.15,45.98,1.65
81.28,38.98,1.51,-3.31,48.13,5.63,26.84,1.45
87.08,38.03,0.0,2.08,48.44,4.72,32.48,1.28
81.34,38.76,0.0,1.68,50.94,7.08,40.86,3.64
80.36,38.07,0.0,2.24,52.38,5.3,34.11,1.1
71.56,37.86,1.71,-3.5,50.66,5.7,30.69,1.49
68.88,38.98,1.75,-3.28,49.8,6.08,42.54,1.27
63.11,39.25,1.64,-3.16,47.8,5.45,39.66,1.48
71.71,36.9,0.0,1.73,48.56,6.44,26.59,0.0
79.04,37.5,0.0,1.91,94.65,11.73,42.03,1.56
51.68,37.68,1.64,-3.33,49.53,6.24,43.52,1.62
53.29,37.68,0.0,2.22,48.24,5.55,46.46,1.66
30.87,100.0,0.62,-1.13,50.13,6.42,34.56,4.1
50.61,38.98,0.0,2.0,49.46,3.84,36.43,0.42
72.2,39.09,1.56,-2.76,47.84,5.82,33.19,0.0
94.03,38.03,0.0,1.0,50.55,6.4,28.91,0.0
28.63,38.56,0.0,2.01,49.16,5.51,38.31,1.62
90.87,100.0,0.56,-1.1,58.04,6.9,32.88,1.7
85.09,38.39,1.69,-3.28,49.64,6.57,45.42,1.83
86.55,38.09,1.83,-3.65,50.5,6.65,31.59,0.07
55.29,37.8,1.38,-3.19,49.02,5.3,32.48,1.56
30.35,38.2,0.0,1.85,50.18,5.69,28.6,1.63
72.75,37.5,0.0,1.81,49.11,3.92,31.72,0.71
92.76,37.2,0.0,0.95,47.03,5.28,44.74,1.41
64.06,37.93,1.02,-2.14,48.75,4.98,38.33,0.0
23.21,37.5,0.0,2.14,50.95,5.38,38.06,3.27
87.55,100.0,0.73,-1.37,50.37,7.2,36.21,3.84
94.35,38.76,0.0,0.99,49.42,5.42,36.35,1.46
49.93,37.25,1.54,-3.19,50.48,6.19,36.3,1.84
76.95,37.2,1.65,-3.15,50.23,6.25,27.93,1.6
47.2,38.04,0.0,2.07,49.31,4.15,28.68,0.55
81.34,37.51,0.0,1.97,50.76,6.44,43.56,0.0
64.47,39.09,0.0,2.0,48.43,5.49,34.25,1.47
64.73,37.5,0.0,2.15,75.28,7.85,28.07,0.63
82.14,37.58,0.0,1.69,48.61,5.61,31.35,1.35
85.86,38.2,0.0,2.14,49.12,5.97,44.46,1.69
29.2,38.07,1.82,-3.31,51.21,6.75,42.1,3.54
49.31,45.06,1.3,-2.42,92.17,11.13,43.81,1.45
53.09,38.2,0.0,1.99,50.44,6.88,27.6,0.0
63.34,38.09,1.61,-3.3,48.44,6.11,40.58,0.0
45.72,38.56,0.0,2.0,50.52,7.1,33.71,3.3
93.47,38.03,0.0,1.11,103.8,13.39,35.14,1.63
97.54,36.9,0.0,1.03,61.02,6.59,32.91,1.13
45.06,38.76,1.45,-2.91,50.9,6.2,28.5,1.44
40.66,38.56,0.0,1.77,49.17,5.61,34.83,1.48
84.2,37.68,1.39,-3.03,47.35,5.29,26.05,1.31
50.12,38.08,1.33,-3.03,50.04,6.7,32.04,0.0
90.5,38.05,0.0,0.98,50.0,5.95,29.46,1.53
59.21,38.68,0.0,2.03,51.24,5.43,37.04,1.65
81.17,37.5,0.0,1.89,48.84,5.91,28.53,1.56
26.24,38.08,0.0,1.9,49.35,3.74,26.17,0.82
28.05,37.51,0.0,1.72,50.45,5.32,27.54,0.0
25.25,37.95,0.0,2.06,102.65,12.25,31.9,0.87
55.69,37.51,0.0,2.27,48.98,6.45,40.36,3.24
73.87,38.68,1.51,-3.15,51.62,6.14,35.91,1.23
27.53,37.68,0.0,2.01,49.3,4.16,24.73,0.44
91.03,38.27,0.0,0.96,84.21,9.86,45.97,1.36
83.86,38.68,1.48,-3.13,68.49,8.02,31.32,1.51
22.61,45.06,1.25,-2.52,51.51,5.57,29.55,1.35
28.88,38.03,0.0,1.94,48.12,5.52,44.57,2.87
73.49,37.21,1.69,-3.25,51.39,6.77,43.47,1.69
85.7,38.29,1.62,-3.47,52.56,5.01,30.67,0.86
28.34,37.2,0.0,2.12,49.26,6.48,38.04,4.19
86.8,36.6,1.44,-3.06,48.55,5.81,35.69,1.63
95.79,36.9,0.0,0.82,49.57,3.67,26.69,0.44
85.17,39.09,0.0,2.16,48.4,5.21,41.53,1.28
32.79,38.08,1.38,-2.43,47.01,5.93,38.81,4.06
96.89,38.07,0.0,1.03,48.83,7.44,29.97,4.38
85.86,38.68,0.0,2.06,68.07,7.01,27.28,0.67
76.84,100.0,0.53,-1.18,50.06,6.0,41.62,0.0
50.3,39.09,0.0,2.11,48.63,4.9,33.99,1.26
95.97,37.2,0.0,1.06,49.8,6.18,45.85,1.77
49.4,37.91,1.89,-3.41,51.04,5.78,31.96,1.68
45.8,45.06,0.0,2.05,48.83,5.7,34.31,2.87
33.89,36.35,0.0,2.28,49.83,6.86,41.71,3.35
40.5,38.03,0.0,1.86,50.65,5.51,34.93,1.1
83.95,100.0,0.48,-1.11,50.72,5.4,33.55,0.0
96.66,39.19,1.81,-1.3,50.5,7.41,34.31,3.51
78.81,38.99,1.68,-3.57,51.29,5.28,36.71,0.97
96.36,37.5,1.77,-1.35,97.86,12.57,39.17,1.54
30.94,38.08,0.0,2.09,49.05,6.71,28.53,0.0
79.84,38.97,0.0,1.91,50.49,5.99,26.51,1.44
28.85,38.08,0.0,2.06,48.4,6.68,40.19,4.02
19.95,38.99,0.0,2.27,49.38,5.35,38.06,1.21
39.47,36.35,1.55,-3.29,47.97,5.54,28.29,1.58
61.15,37.86,1.51,-2.7,49.33,4.23,38.69,0.45
66.73,36.35,1.75,-3.08,100.04,12.24,34.36,1.52
62.9,37.97,1.53,-3.38,49.17,5.68,27.04,1.65
67.47,37.68,1.2,-2.4,49.57,5.16,32.62,0.0
22.31,39.09,0.0,1.91,49.25,5.74,35.53,3.13
61.8,38.07,1.5,-3.35,50.64,6.04,45.2,1.49
30.57,38.17,0.0,1.95,49.5,5.73,35.28,1.49
69.19,38.12,1.75,-3.38,98.04,12.28,31.85,1.8
35.1,37.95,0.0,2.12,48.68,5.13,34.88,1.47
97.47,38.11,0.0,0.99,103.79,11.87,27.26,0.6
96.84,38.97,1.28,-0.76,73.31,8.05,42.38,1.04
51.06,37.97,0.0,1.78,48.2,6.02,26.78,1.56
52.26,38.4,1.57,-3.38,49.28,6.0,27.78,1.64
31.39,35.55,0.0,2.11,72.11,7.33,34.8,0.41
40.31,37.2,0.0,2.02,50.33,5.56,26.29,0.0
52.08,39.86,0.0,2.25,48.94,6.13,27.28,1.47
82.65,38.98,1.78,-3.27,94.0,11.72,29.44,1.36
89.44,37.96,0.0,1.65,49.0,5.65,44.84,1.71
84.5,38.76,1.82,-3.25,49.56,6.35,32.31,1.68
70.45,37.57,1.34,-3.22,50.44,5.92,28.98,0.0
29.98,38.61,0.0,1.75,49.35,4.53,28.71,1.15
38.78,37.5,0.0,1.86,49.86,5.59,41.96,1.38
72.76,38.12,0.0,2.14,49.92,6.61,30.2,3.13
60.15,37.46,0.0,1.89,50.44,5.96,37.46,1.73
41.4,38.34,0.0,1.63,48.86,5.71,34.61,1.51
28.15,37.86,0.0,1.91,94.65,10.82,29.2,0.86
74.46,38.56,0.0,1.7,48.15,5.29,41.0,0.0
32.45,38.11,1.47,-3.11,48.52,5.18,35.03,1.43
24.47,38.98,1.7,-3.02,94.48,11.84,36.73,1.45
82.4,38.03,0.0,2.19,82.7,9.13,36.62,0.7
54.92,38.03,0.0,2.24,93.71,11.81,45.19,1.31
35.53,38.68,0.0,2.28,49.79,6.92,38.27,3.52
67.81,38.04,0.0,1.75,48.82,3.78,33.6,0.72
32.16,45.06,0.0,1.91,49.78,7.3,33.04,3.31
83.37,37.93,1.89,-3.74,50.02,7.31,44.5,0.0
87.44,38.98,1.28,-2.56,47.1,5.0,34.76,1.48
26.92,37.15,0.0,1.76,51.65,4.78,42.8,0.66
39.56,39.09,1.67,-2.9,47.46,7.07,45.41,0.0
69.4,38.47,0.0,1.97,49.85,6.08,46.58,1.54
30.63,37.68,0.0,1.94,48.92,6.66,39.63,3.5
29.87,37.97,1.67,-3.34,49.72,6.35,34.84,0.0
36.44,37.91,1.75,-3.56,49.25,6.15,34.95,0.0
32.54,38.18,0.0,2.27,48.28,5.46,36.16,1.4
52.93,39.32,1.56,-2.98,50.4,5.95,45.84,1.47
31.43,38.08,0.0,2.17,47.99,5.64,44.68,1.35
97.95,36.9,0.0,0.85,61.74,6.54,43.36,0.91
91.74,37.51,0.0,1.02,63.66,7.13,28.41,1.5
69.06,38.98,0.0,1.93,50.46,4.19,43.61,0.56
92.51,39.25,0.0,1.15,67.14,8.12,42.99,1.52
31.49,38.11,0.0,1.91,48.62,5.44,27.63,1.54
23.33,39.84,0.0,1.65,49.58,6.05,29.7,1.34
50.06,38.09,1.71,-3.4,51.13,6.77,28.25,0.0
33.3,37.34,0.0,2.28,48.65,5.43,29.91,1.26
77.85,38.12,0.0,2.32,48.61,4.63,24.37,3.08
76.4,38.38,0.0,1.9,51.1,5.38,40.04,0.0
66.11,37.55,1.38,-2.55,50.39,4.14,29.0,0.58
79.82,37.95,0.0,2.23,50.86,7.64,30.85,0.0
84.78,38.08,1.39,-3.16,59.45,7.59,30.12,1.61
23.95,38.76,1.77,-3.52,86.22,11.09,36.91,1.58
75.59,37.49,0.0,1.87,49.45,5.54,41.45,1.64
63.92,39.6,1.7,-3.28,49.77,5.93,40.8,1.41
47.57,38.08,0.0,1.99,60.96,6.39,35.45,1.23
97.27,38.03,0.0,1.03,41.33,5.84,39.93,0.0
85.13,38.03,0.0,1.81,85.19,8.8,38.67,0.76
65.35,37.86,1.37,-3.25,50.57,5.66,41.06,1.01
80.77,36.8,0.0,2.1,48.95,3.94,34.89,0.47
48.01,45.06,1.31,-2.6,94.1,11.67,36.16,1.34
61.81,39.19,0.0,2.29,51.24,6.37,36.77,1.62
55.55,38.68,0.0,2.02,64.07,7.82,42.01,1.49
95.06,38.11,0.0,0.92,97.27,12.11,29.7,1.66
80.13,38.76,0.0,2.09,50.99,6.6,38.38,0.0
97.19,37.93,1.24,-0.7,49.33,4.7,39.29,0.52
28.81,44.43,1.41,-2.77,52.29,6.39,28.81,1.71
30.05,37.51,0.0,1.9,49.29,5.74,44.43,3.19
35.3,38.98,0.0,2.0,49.11,5.44,40.01,1.41
42.31,38.11,0.0,1.93,49.78,6.44,33.19,0.0
70.44,36.9,1.35,-2.59,59.13,5.51,42.98,1.02
96.66,39.06,0.0,0.95,50.51,5.85,34.96,1.67
67.72,38.76,1.28,-2.52,50.51,4.24,25.73,0.51
49.86,35.9,1.57,-3.24,48.7,5.09,39.45,1.52
63.9,37.87,1.54,-2.87,49.86,3.89,30.87,0.53
32.73,37.5,1.89,-3.54,48.73,5.83,31.5,1.58
68.94,37.34,0.0,1.93,47.53,4.53,36.73,1.33
38.36,38.03,1.19,-2.71,49.67,4.39,40.87,0.96
95.57,37.5,1.43,-2.73,49.41,4.87,34.03,0.93
28.77,38.04,0.0,1.92,48.11,5.31,31.74,3.6
66.82,36.35,0.0,1.91,48.34,5.91,38.01,0.0
88.57,38.08,0.0,2.02,48.1,4.46,31.3,1.04
20.51,37.91,1.3,-2.56,48.16,5.33,26.1,1.14
90.76,39.34,1.69,-3.41,49.47,6.02,36.07,1.63
78.59,38.2,0.0,1.77,49.88,4.29,27.53,0.77
89.79,39.37,0.0,1.48,47.36,4.66,41.4,1.35
86.22,38.08,0.0,2.02,67.5,6.33,25.74,0.7
28.71,38.76,0.0,1.72,50.69,5.68,36.84,1.31
35.72,36.9,0.0,1.89,48.39,5.94,30.83,1.46
51.67,39.9,1.63,-3.34,50.55,6.04,32.39,1.49
20.66,37.5,0.0,-0.28,50.81,6.11,36.34,1.46
64.7,38.03,0.0,2.03,83.65,8.44,33.01,0.83
66.6,37.2,1.55,-3.07,50.33,4.05,32.23,0.5
45.12,39.81,0.0,2.22,48.9,6.48,37.84,0.0
29.37,38.97,1.63,-3.11,48.44,5.63,41.66,1.6
41.23,37.5,1.38,-2.73,46.96,5.0,35.14,2.27
22.96,38.12,1.7,-3.51,87.53,10.2,41.99,0.74
61.06,37.3,0.0,1.75,50.43,6.18,42.67,1.67
37.02,37.95,0.0,1.92,48.93,6.21,28.9,1.59
30.94,37.97,0.0,2.15,50.25,7.24,28.19,3.49
65.1,37.51,0.0,1.97,75.09,8.08,36.09,0.86
92.14,38.18,0.0,0.99,49.22,5.45,43.76,1.31
19.08,37.57,1.73,-3.2,50.9,6.65,33.86,1.48
64.31,37.51,0.0,2.23,52.02,5.65,43.07,2.5
30.63,38.11,0.0,2.17,48.25,6.57,29.95,0.0
34.0,38.04,1.31,-2.43,48.81,5.34,39.1,0.0
23.37,37.9,0.0,1.79,50.73,4.24,23.95,0.48
53.85,37.68,0.0,1.96,47.85,5.42,34.32,1.42
83.69,38.56,0.0,1.89,50.27,5.93,36.56,1.56
92.13,37.68,0.0,0.97,96.6,12.52,27.03,1.51
44.03,39.21,0.0,2.26,48.3,5.54,30.59,1.47
60.42,100.0,0.42,-0.99,48.39,3.92,30.35,0.9
49.27,37.2,0.0,2.1,49.17,4.86,27.07,0.0
34.17,37.97,0.0,2.09,51.32,6.91,42.23,0.0
92.82,38.7,0.0,0.94,49.37,5.56,30.55,1.39
59.29,36.9,1.28,-2.8,97.25,12.02,28.97,1.29
35.54,38.07,1.69,-3.11,47.99,6.18,46.51,1.63
30.9,36.9,0.0,1.87,47.54,5.41,35.09,1.2
38.29,36.7,0.0,2.01,50.45,5.76,33.12,1.09
60.06,38.03,0.0,1.79,52.04,5.96,27.19,1.41
48.87,36.27,0.0,2.02,51.19,6.12,25.91,2.92
75.81,60.63,0.9,-1.92,49.48,5.32,30.04,1.26
35.22,38.08,1.27,-2.47,47.44,4.8,44.07,0.0
77.69,37.2,0.0,2.14,47.93,7.05,32.07,0.0
37.74,37.34,0.0,2.3,49.4,6.0,33.91,1.44
93.26,37.96,1.52,-2.83,47.6,5.15,41.09,1.44
27.05,37.91,1.49,-2.81,48.74,4.22,25.74,0.56
58.05,38.56,0.0,2.0,47.47,6.49,28.51,0.0
68.55,37.5,1.73,-2.89,47.82,5.43,45.47,1.36
60.6,38.08,1.54,-2.84,82.87,9.97,36.63,1.46
96.16,38.76,0.0,0.82,49.85,5.74,44.54,1.04
63.65,100.0,0.62,-1.26,49.84,6.53,33.02,1.57
61.35,36.9,1.53,-2.99,68.13,8.35,32.91,1.72
50.75,37.86,1.69,-3.48,48.68,5.48,28.49,1.64
52.67,36.35,0.0,2.0,50.29,6.22,43.2,1.76
64.04,45.6,0.0,2.0,49.47,6.08,45.76,1.54
65.49,37.14,0.0,1.94,48.75,5.32,33.16,1.42
50.71,38.76,0.0,2.05,48.88,6.05,26.94,0.0
87.37,39.4,1.34,-2.92,47.06,5.62,27.79,1.38
41.38,37.99,0.0,1.89,49.28,5.43,37.58,1.48
76.31,37.2,1.42,-2.54,85.96,9.58,43.81,1.03
91.0,38.27,1.36,-2.44,47.12,4.52,28.76,1.2
80.4,37.34,1.57,-3.4,49.9,5.64,30.21,1.46
62.1,38.98,0.0,2.14,51.23,7.01,38.12,0.0
31.84,39.19,0.96,-2.27,69.62,6.4,24.42,0.72
65.26,37.15,1.29,-2.81,48.91,4.26,41.07,3.5
88.65,38.59,0.0,1.87,49.54,5.79,44.2,1.47
60.61,37.5,0.0,1.67,93.86,11.82,43.39,1.51
78.03,38.76,0.0,2.03,50.32,6.53,41.88,4.4
94.65,38.38,0.0,0.91,47.86,5.1,31.76,3.1
31.39,38.58,1.41,-3.0,50.64,5.8,32.24,1.5
68.86,36.9,0.0,1.88,47.95,6.21,34.39,0.0
48.53,38.09,1.52,-3.23,51.06,5.7,25.13,3.04
45.47,38.04,1.69,-3.4,50.27,5.8,45.14,1.48
77.22,35.55,0.0,1.87,47.17,5.43,27.65,0.0
21.48,39.58,1.4,-2.89,51.79,6.46,42.14,1.52
67.23,38.98,0.0,1.94,50.46,5.26,43.6,0.0
94.36,38.03,0.0,0.89,50.17,6.12,37.16,1.38
74.45,42.97,1.31,-2.53,48.23,3.86,40.44,1.03
45.1,38.01,0.0,2.06,48.06,4.01,35.53,0.9
66.5,38.12,1.46,-2.96,50.83,6.24,30.11,1.52
61.46,38.18,0.0,1.91,81.14,9.84,32.46,1.55
89.76,100.0,0.55,-1.17,59.24,7.18,39.58,1.55
29.57,38.98,0.0,2.13,61.5,5.72,31.98,0.45
66.44,39.81,0.0,1.84,48.4,6.18,31.54,0.0
80.93,36.27,1.92,-3.46,68.87,8.69,44.24,1.62
68.16,38.76,0.0,2.26,62.25,5.47,44.02,0.83
66.55,37.2,0.0,2.04,49.74,4.95,27.37,0.0
21.32,38.85,0.0,2.27,49.66,4.22,34.37,0.81
97.21,100.0,0.57,-1.09,49.55,4.7,25.64,0.96
57.08,37.95,0.0,1.77,49.76,6.29,27.47,3.9
41.07,37.96,0.0,1.92,50.92,4.64,34.35,0.86
84.63,38.27,1.39,-2.59,49.74,4.63,24.49,0.6
97.37,38.68,0.0,0.96,95.89,10.35,29.46,0.74
88.13,38.11,1.49,-3.28,48.22,5.54,44.38,1.36
58.18,37.5,0.0,2.34,65.95,7.4,41.94,1.39
20.71,38.03,1.93,-3.57,51.81,6.62,32.63,1.77
83.37,38.09,1.77,-3.19,51.21,7.1,30.21,0.0
45.14,38.08,1.71,-3.2,50.02,6.46,40.9,3.34
87.56,37.7,1.27,-2.75,48.82,4.07,28.67,0.49
81.51,100.0,0.66,-1.15,79.22,9.43,30.09,1.43
83.12,37.68,1.9,-3.74,48.67,5.54,29.25,1.41
74.18,38.04,0.0,1.76,82.93,9.59,39.96,1.54
23.57,38.28,0.0,1.97,51.33,4.25,32.99,0.56
51.81,38.76,1.48,-3.22,50.98,7.16,40.04,0.03
41.73,38.98,1.77,-3.6,51.0,5.81,28.63,1.42
25.77,100.0,0.46,-0.96,48.08,5.7,40.67,0.0
78.96,38.65,0.0,2.2,72.39,7.07,37.05,0.73
52.89,37.5,0.0,1.9,56.18,7.23,34.54,1.58
95.89,37.57,0.0,0.97,51.73,5.65,29.79,1.52
36.84,100.0,0.49,-1.06,48.8,3.84,44.17,0.86
96.33,45.06,0.0,1.12,49.45,5.56,27.4,1.47
85.84,37.51,1.43,-2.88,95.42,11.48,30.93,1.23
38.1,37.5,0.0,1.97,51.06,7.03,37.82,0.16
57.95,45.6,0.0,2.13,95.68,10.36,36.46,1.03
29.35,45.06,0.0,1.98,48.76,6.4,38.28,4.01
88.79,37.15,0.0,2.03,71.43,8.03,27.12,1.08
48.44,36.35,1.09,-2.38,48.34,3.68,26.49,0.41
81.85,38.76,0.0,1.7,78.54,10.47,28.39,1.52
60.99,37.34,0.0,1.76,50.98,6.39,32.06,1.7
55.12,39.09,1.66,-3.23,50.16,6.8,43.77,4.22
67.4,38.11,0.0,2.26,49.75,4.1,38.67,0.43
23.65,38.76,0.0,1.85,50.95,5.92,29.56,0.0
87.63,38.97,0.0,1.82,47.98,5.05,30.61,1.34
94.58,35.55,0.0,0.97,47.6,5.8,36.6,4.25
90.57,38.38,1.7,-3.21,50.32,5.78,31.4,1.69
75.65,38.15,1.09,-2.55,50.77,4.42,34.02,0.68
35.39,100.0,0.59,-1.05,48.66,5.7,31.44,1.51
57.93,37.51,1.37,-3.12,85.43,10.5,39.09,1.31
96.33,36.62,0.0,1.0,48.07,4.55,34.78,0.0
97.45,36.27,0.0,0.98,50.9,5.68,34.49,1.09
65.34,36.27,0.0,1.69,50.71,5.97,35.33,1.57
70.9,38.04,1.42,-2.94,51.14,4.63,29.77,0.76
78.38,37.51,0.0,2.1,93.22,11.39,30.95,1.46
92.62,38.79,0.0,0.95,48.89,3.63,25.78,0.86
63.89,38.11,1.56,-2.77,48.45,5.13,35.88,1.47
92.75,38.38,0.0,0.87,50.08,5.52,29.0,0.0
72.41,38.07,0.0,1.91,92.27,11.62,31.98,1.14
43.46,37.95,0.0,1.81,50.28,6.58,31.77,1.31
66.05,100.0,0.63,-1.3,49.45,5.73,34.81,1.34
91.99,38.07,0.0,1.06,49.84,5.42,44.49,0.9
42.14,37.68,0.0,1.79,50.53,5.77,37.13,1.71
46.63,38.03,0.0,1.96,74.51,6.99,33.8,0.64
35.51,38.04,0.0,2.17,48.02,5.75,42.68,0.0
88.98,39.01,1.49,-2.75,47.38,5.57,46.37,1.53
94.69,38.98,0.0,1.03,50.85,5.18,32.78,0.98
89.52,39.08,1.4,-2.79,48.61,5.38,40.08,1.62
76.35,38.46,0.0,2.18,50.21,5.44,33.6,0.98
50.35,38.18,1.52,-3.01,51.39,5.01,26.76,0.84
39.91,100.0,0.0,1.89,49.84,5.49,35.04,1.46
65.2,37.2,0.0,2.16,47.77,4.83,26.42,1.23
62.22,35.67,1.56,-3.06,51.15,4.74,34.08,0.55
59.32,38.11,0.0,2.29,50.02,5.57,42.85,1.55
54.51,38.38,0.0,2.03,51.0,5.26,34.59,0.83
81.17,38.4,0.0,2.11,50.76,5.25,29.96,0.81
93.46,38.66,0.0,1.06,49.77,4.37,32.99,0.69
67.49,37.7,1.17,-2.88,51.0,4.34,30.97,0.65
97.46,36.62,0.0,1.13,47.38,5.27,31.45,3.7
96.41,38.68,0.0,0.97,93.07,11.68,43.65,1.22
87.13,38.98,0.0,2.04,52.0,5.12,26.95,0.77
95.58,37.5,0.0,1.02,51.55,4.72,39.42,0.69
86.81,38.56,1.49,-2.93,48.5,4.77,33.22,1.3
80.63,38.76,0.0,2.2,50.55,5.65,45.48,1.53
59.23,37.77,0.0,2.22,49.43,4.65,40.91,0.7
42.56,38.98,1.62,-3.14,75.82,9.61,36.34,1.66
83.82,39.48,0.0,1.81,48.84,4.12,37.1,0.45
52.01,38.98,1.68,-3.01,77.85,9.68,46.67,1.58
59.65,38.98,1.62,-2.81,70.6,7.55,25.01,1.0
24.21,37.57,0.0,2.23,50.87,4.88,28.44,0.71
27.54,38.11,1.46,-3.08,43.71,6.82,29.1,0.0
94.87,37.93,1.17,-2.32,48.74,3.55,43.73,0.96
63.27,38.07,0.0,2.28,77.4,9.08,39.29,1.39
86.56,38.76,0.0,1.86,50.35,4.89,38.66,0.77
48.23,39.09,1.21,-2.3,49.7,4.38,29.01,1.03
92.11,38.88,0.0,0.9,50.54,5.48,31.3,0.95
50.71,38.03,0.0,1.97,79.78,9.78,44.25,1.32
21.93,38.15,0.0,1.76,50.45,5.77,27.82,2.61
35.54,38.56,1.91,-3.59,88.12,10.72,28.0,1.79
79.63,38.07,1.6,-3.08,51.01,6.94,38.89,3.29
94.73,38.24,0.0,1.09,51.46,5.99,41.88,1.59
18.88,39.19,1.8,-3.25,83.18,10.67,38.28,1.35
54.24,39.09,0.0,2.16,48.96,6.21,39.47,1.61
74.0,39.09,0.0,1.92,63.64,7.57,46.05,1.43
72.05,39.15,0.0,1.94,49.64,5.85,42.67,1.58
47.12,38.98,1.5,-2.77,70.91,8.07,43.34,1.39
20.84,37.2,0.0,1.94,49.01,5.23,29.49,1.03
82.74,39.19,1.6,-3.25,49.66,5.23,26.15,1.3
86.83,36.9,0.0,1.87,48.04,4.05,43.37,0.99
60.56,37.91,1.35,-2.68,49.27,6.03,36.3,1.46
95.67,37.2,1.25,-2.8,47.88,3.9,33.37,0.69
26.66,38.76,1.33,-3.05,49.68,6.11,35.49,1.4
90.63,37.5,0.0,1.75,46.84,5.36,40.64,1.45
22.87,39.09,1.88,-3.66,52.14,6.62,43.05,1.2
52.66,38.63,0.0,2.01,50.45,6.07,33.83,1.79
58.19,38.98,1.46,-3.09,71.38,7.78,40.04,1.14
75.39,38.08,1.18,-2.73,67.74,7.28,38.9,0.71
64.15,39.19,0.0,2.21,50.82,5.99,40.27,3.25
29.55,38.03,0.0,1.96,49.24,5.59,34.73,1.65
36.26,38.75,0.0,1.71,99.15,12.5,40.61,1.74
31.8,38.81,0.0,2.24,49.92,5.38,35.92,1.38
80.73,38.08,1.64,-3.51,49.81,5.38,32.17,1.33
30.65,38.28,1.35,-2.82,48.41,4.7,37.1,0.97
22.77,38.11,1.55,-3.01,50.73,6.62,40.05,4.03
66.67,37.81,1.36,-2.69,48.7,3.88,27.47,0.74
68.13,38.76,0.0,1.99,49.06,4.65,31.91,2.87
56.17,38.08,1.41,-2.87,88.08,10.75,38.93,1.35
47.7,100.0,0.58,-1.08,47.81,5.14,44.87,3.09
78.4,100.0,0.69,-1.35,87.8,10.82,44.04,1.75
90.42,38.31,0.0,1.09,49.85,5.65,33.84,1.59
35.54,38.11,0.0,2.09,50.17,6.08,35.86,1.48
57.93,36.27,0.0,2.24,47.53,5.56,31.86,1.51
34.22,37.83,0.0,1.89,58.48,6.71,39.89,1.07
53.02,37.51,0.0,1.8,49.21,5.79,31.44,1.66
73.32,37.91,1.52,-3.2,49.4,7.03,46.31,0.0
83.3,37.2,1.43,-3.25,105.0,13.57,33.17,1.66
49.99,38.07,0.0,2.09,59.69,7.57,45.25,1.62
28.51,37.2,1.4,-2.66,87.57,10.72,29.77,1.13
72.98,45.06,0.0,2.13,51.34,5.74,30.59,1.73
47.77,39.3,1.37,-2.93,49.99,6.31,35.72,1.5
38.19,37.91,1.81,-3.28,49.2,6.47,37.87,4.02
43.32,38.76,1.89,-3.41,52.25,7.0,28.38,0.0
49.87,39.21,0.0,1.71,49.6,5.99,31.75,1.65
25.61,36.35,0.0,2.13,51.76,5.87,41.79,1.5
42.02,55.93,0.69,-1.57,48.85,4.14,24.94,0.86
92.56,37.5,0.0,0.93,49.92,5.98,36.52,1.74
36.72,38.07,1.49,-3.15,50.71,6.09,42.78,1.95
27.61,39.67,0.0,1.92,49.0,5.96,29.66,1.48
38.18,39.57,0.0,1.92,48.36,4.31,30.18,1.01
93.48,37.15,0.0,0.95,85.0,10.75,40.08,1.69
80.18,38.24,0.0,2.14,51.97,6.71,43.15,0.0
21.82,38.68,1.67,-3.01,49.5,6.67,27.65,0.0
52.62,37.0,0.0,2.12,49.18,5.76,36.56,1.59
20.55,37.34,1.99,-3.75,50.47,6.97,29.53,0.0
57.68,36.35,0.0,2.0,51.42,6.12,34.82,1.72
42.01,44.43,0.0,2.09,97.38,10.28,27.4,0.72
80.01,38.65,0.0,2.22,73.21,7.98,24.89,0.83
70.82,45.06,1.41,-2.86,67.85,8.17,33.43,1.29
42.07,38.15,0.0,2.04,51.23,5.13,30.32,0.75
21.65,38.27,0.0,2.07,49.9,7.1,39.81,0.0
84.79,45.06,0.0,1.91,49.37,5.16,43.23,1.35
46.33,39.09,0.0,2.06,48.54,6.57,43.06,0.0
63.04,39.09,0.0,1.9,101.23,12.36,40.2,1.38
77.56,37.5,1.41,-3.03,61.44,6.58,33.37,0.83
52.17,37.19,1.2,-2.41,49.41,4.01,36.15,0.43
71.84,37.15,0.0,1.96,48.69,5.07,38.59,1.4
96.56,37.2,0.0,1.13,83.84,8.93,30.16,0.83
31.23,38.98,0.0,1.93,50.94,5.61,29.72,1.73
39.88,39.4,0.0,1.8,50.36,5.91,43.12,1.61
63.19,38.11,0.0,1.88,50.92,5.38,31.15,1.05
95.07,38.98,0.0,1.05,50.21,6.8,34.12,3.34
57.58,38.08,1.45,-3.01,86.62,10.47,42.62,1.45
50.63,39.09,1.31,-2.94,50.57,5.99,25.45,0.0
56.21,38.75,0.0,1.91,49.67,5.25,30.09,1.28
46.23,38.04,0.0,2.23,49.84,4.6,30.79,0.62
94.3,38.03,1.58,-2.93,48.23,5.98,41.4,1.56
80.79,37.5,1.91,-3.47,51.26,6.32,43.81,1.58
83.26,37.93,1.49,-3.16,49.05,6.1,42.98,1.68
52.35,39.9,0.0,2.06,48.17,4.82,43.61,1.26
63.39,37.2,0.0,2.13,47.35,6.8,43.93,4.06
21.0,38.24,0.0,2.14,51.11,4.9,38.68,0.48
89.62,38.11,1.79,-3.32,47.86,5.82,43.51,1.25
70.08,100.0,0.56,-1.12,47.64,5.94,43.07,1.34
43.55,37.25,1.51,-2.95,52.05,6.2,28.0,1.57
45.38,37.57,1.53,-3.21,49.89,7.35,42.89,0.0
94.35,37.91,0.0,0.94,48.63,5.66,30.38,1.56
65.25,38.76,1.3,-2.47,48.66,3.54,37.38,0.89
94.51,37.2,0.0,0.98,80.79,8.89,36.91,0.9
27.66,37.97,0.0,2.26,48.59,6.85,40.55,4.26
79.27,39.72,1.56,-3.05,51.33,5.62,40.56,1.47
55.23,38.77,0.0,2.11,48.75,5.74,45.56,1.47
35.62,38.76,1.04,-2.21,48.27,4.64,29.8,1.26
22.82,38.75,0.0,1.89,76.34,7.99,28.35,0.79
93.77,37.17,0.0,1.04,49.85,6.66,45.64,1.79
77.94,37.91,1.55,-2.94,48.7,6.32,45.53,0.0
88.37,38.76,0.0,2.07,50.71,5.25,24.23,0.0
36.58,38.2,0.0,2.06,50.22,4.34,24.96,0.55
51.39,38.03,0.0,2.06,61.31,7.64,35.68,1.38
25.12,37.57,0.0,2.01,50.17,4.41,40.88,0.53
78.48,37.68,1.74,-3.18,49.31,6.39,28.88,1.49
78.37,37.93,1.46,-3.28,51.55,6.31,37.39,0.0
90.33,38.76,0.0,1.94,48.55,4.09,23.85,0.59
43.93,37.5,1.73,-3.24,51.2,6.19,38.53,1.48
63.18,38.76,1.56,-2.82,47.57,4.59,42.48,1.19
89.34,38.58,0.0,1.85,49.85,5.96,38.39,1.47
53.29,39.9,1.71,-3.46,50.54,5.46,43.94,1.49
31.23,38.58,0.0,2.12,49.88,3.87,27.29,0.41
57.2,39.25,0.0,1.78,49.32,7.06,41.03,0.0
48.45,38.98,1.32,-2.76,50.45,5.36,43.48,1.44
48.57,38.08,1.72,-3.12,96.61,11.53,30.06,0.87
70.49,38.37,1.24,-2.92,50.2,4.57,28.07,0.67
41.75,38.03,0.0,2.03,52.72,7.06,44.6,3.49
27.07,38.26,1.64,-3.35,51.4,5.97,38.7,1.54
32.9,37.5,0.0,2.04,51.97,5.02,39.32,1.03
54.19,38.76,0.0,2.04,48.93,5.68,46.28,1.51
22.16,39.22,0.0,1.92,50.4,4.86,24.18,0.68
37.42,38.04,0.0,1.91,49.3,6.27,45.95,0.0
24.88,38.08,0.0,2.21,50.53,4.73,28.22,2.25
36.48,38.11,0.0,2.27,48.06,5.85,37.97,2.99
83.27,38.24,0.0,1.92,51.85,5.65,30.0,2.27
53.17,37.26,1.41,-3.05,49.68,6.14,41.05,1.59
70.59,39.9,0.0,2.21,51.87,6.04,27.44,1.57
85.87,37.2,1.42,-3.26,78.41,9.02,32.7,1.55
90.37,37.38,1.76,-3.43,51.22,5.74,34.73,1.56
42.08,38.08,1.06,-2.42,100.84,12.12,29.59,1.14
73.82,38.03,0.0,1.82,97.81,12.89,33.85,1.93
64.25,38.08,1.71,-3.24,48.45,5.71,40.78,0.0
29.53,38.7,0.0,1.97,49.76,3.91,42.79,0.82
64.77,39.21,1.63,-3.11,49.48,5.9,34.52,1.82
45.82,36.27,0.0,2.09,50.96,7.13,27.08,0.0
30.86,37.5,0.0,1.91,50.86,4.08,26.48,0.55
73.43,38.18,0.0,1.81,96.35,11.66,31.48,1.37
85.71,37.15,0.0,1.62,67.85,6.61,43.13,0.54
48.61,38.98,0.0,2.25,50.44,4.8,34.92,0.56
92.66,39.19,1.26,-2.49,50.14,5.66,24.67,3.17
27.99,37.83,1.58,-2.99,50.72,6.05,45.25,1.15
74.67,38.12,0.0,1.91,49.42,5.51,33.31,2.77
90.94,38.07,0.0,1.57,77.39,9.66,34.95,1.07
93.99,37.71,0.0,1.02,51.15,5.41,33.1,1.44
31.04,38.68,1.53,-3.07,47.93,6.36,42.67,0.0
43.53,37.5,0.0,2.34,69.38,8.24,40.28,1.44
87.95,37.2,0.0,2.24,49.33,4.31,43.0,0.47
80.55,45.06,0.0,2.04,49.6,7.03,45.42,0.0
25.15,37.91,0.0,2.31,51.13,5.71,37.18,0.0
78.77,39.19,1.11,-2.41,50.09,4.3,34.26,0.54
70.1,38.08,1.13,-2.56,50.28,4.68,34.23,0.6
57.01,38.98,0.0,2.04,48.95,6.55,44.28,4.35
30.77,39.19,0.0,1.9,99.8,11.58,31.31,0.9
94.43,37.38,0.0,0.97,50.19,5.52,45.19,1.42
96.9,39.25,0.0,0.98,81.34,8.45,33.06,0.58
58.81,36.27,0.0,2.05,47.83,5.74,30.07,1.4
42.73,45.06,0.0,1.97,50.77,5.85,30.66,1.73
59.35,38.08,0.0,2.17,50.81,6.23,30.17,1.7
66.06,35.55,0.0,1.95,50.1,5.59,39.49,1.52
61.37,38.08,0.0,1.82,85.48,10.21,36.79,1.28
72.02,42.17,1.32,-2.4,47.44,5.19,28.65,1.27
42.41,37.2,1.37,-2.79,75.75,8.4,40.17,1.36
42.93,38.75,0.0,2.38,49.34,4.13,35.69,0.92
60.22,37.2,0.0,1.96,51.12,6.93,34.01,4.0
59.96,100.0,0.46,-0.87,47.37,5.01,38.56,1.16
21.58,36.35,0.0,1.89,50.04,5.9,41.82,1.33
75.59,38.38,0.0,2.05,51.33,5.54,31.31,0.0
84.27,100.0,0.57,-1.18,75.34,7.69,27.58,0.61
96.56,37.5,0.0,0.98,50.62,4.34,43.04,0.51
72.84,38.84,0.0,1.9,48.39,5.65,46.15,1.59
58.14,100.0,0.57,-1.19,47.65,7.07,38.61,3.53
39.89,38.76,0.0,2.11,49.87,6.47,36.81,0.0
78.1,100.0,0.0,1.95,74.03,9.31,27.47,1.43
23.51,37.2,0.0,1.87,49.51,5.36,29.59,2.78
47.53,38.98,0.0,1.87,87.91,9.99,43.54,0.68
55.56,37.5,0.0,1.96,51.34,6.82,34.28,0.0
65.5,100.0,0.55,-1.2,49.28,5.92,43.43,1.57
26.15,38.23,1.68,-3.33,51.67,6.07,27.04,1.1
37.91,37.93,1.38,-2.93,51.24,5.48,28.99,3.05
43.31,39.19,1.49,-2.82,50.08,5.16,29.77,1.04
24.2,38.75,1.77,-3.45,67.29,8.19,34.36,1.55
81.96,37.95,1.6,-3.09,52.12,6.34,38.29,1.73
61.03,38.56,0.0,2.14,48.58,6.19,45.46,4.08
61.31,38.93,0.0,2.05,48.91,4.42,31.34,0.52
75.22,38.18,0.0,1.79,99.86,12.08,33.46,1.6
60.38,36.54,0.0,1.89,50.78,4.37,26.69,0.61
35.48,36.9,1.7,-3.38,90.6,11.21,32.45,1.49
31.99,39.06,0.0,2.14,51.02,5.63,33.61,1.11
50.26,39.09,0.0,1.9,84.18,10.45,26.63,1.4
83.25,38.2,0.0,1.98,52.01,6.25,35.93,1.48
40.68,35.55,0.0,1.98,85.21,10.76,46.41,1.7
71.63,38.18,0.0,1.99,93.14,11.08,39.23,1.35
89.93,35.55,0.0,1.85,48.74,6.34,44.7,0.0
32.35,38.76,0.0,2.24,62.34,7.45,41.55,1.34
37.49,39.09,0.0,1.86,50.11,6.06,26.94,0.0
70.39,38.04,0.0,1.78,75.67,8.26,29.25,1.06
29.92,39.25,1.48,-3.06,48.01,5.36,39.0,1.6
57.33,38.04,0.0,2.23,57.78,7.01,27.18,1.54
61.56,37.2,1.77,-3.47,49.57,5.5,40.43,1.57
80.86,38.03,0.0,2.28,51.2,6.6,45.38,0.0
96.49,41.8,0.0,1.02,48.84,5.22,37.39,1.36
21.76,37.5,1.96,-3.81,49.59,7.81,43.09,0.0
64.0,37.95,0.0,2.21,49.52,4.5,37.57,0.59
78.42,38.11,1.77,-3.32,50.05,6.18,42.61,1.77
84.96,39.19,0.0,1.75,50.44,6.38,42.45,3.43
63.93,38.65,1.73,-3.28,49.22,5.67,43.83,1.41
95.41,39.09,0.0,1.07,101.62,11.41,37.53,0.51
69.61,37.2,0.0,2.03,47.68,4.91,39.98,0.0
32.88,38.07,2.0,-3.83,51.89,6.73,46.95,1.75
48.24,70.13,0.85,-1.6,51.02,6.11,33.97,1.5
65.03,100.0,0.6,-1.32,50.25,5.57,46.46,1.71
96.42,37.2,0.0,0.98,57.44,6.18,36.2,1.35
48.59,38.76,0.0,2.08,87.58,9.26,41.09,0.57
74.85,39.25,1.27,-2.71,51.33,5.28,41.33,0.79
45.11,39.78,0.0,1.91,50.98,5.44,39.83,1.16
27.13,35.55,0.0,2.14,67.71,7.74,40.94,1.4
85.69,37.34,1.58,-3.38,48.93,6.46,46.95,1.71
82.81,44.43,0.0,2.12,49.35,5.36,43.01,3.5
80.41,39.04,1.55,-3.13,49.12,5.42,38.27,1.44
80.84,38.68,0.0,1.84,104.41,13.23,43.21,1.67
95.96,37.51,0.0,0.96,78.07,9.47,37.27,1.54
67.84,36.73,0.0,2.11,47.8,4.87,26.69,0.95
70.18,39.81,0.0,1.87,49.17,6.67,34.11,4.5
33.83,36.9,0.0,2.08,47.9,5.29,26.8,1.48
65.69,37.92,1.73,-3.31,48.19,5.41,32.3,1.54
59.83,37.49,0.0,1.81,48.42,4.95,44.87,1.14
75.28,38.54,0.0,2.04,50.95,5.35,31.85,0.85
64.44,38.04,0.0,2.0,70.13,7.65,35.6,0.87
35.41,38.57,1.18,-2.65,48.82,3.61,43.37,0.67
22.96,38.68,0.0,2.07,50.84,5.35,32.53,0.74
78.68,37.2,1.61,-3.12,51.94,5.57,27.4,1.07
97.24,38.03,1.31,-0.74,47.87,5.62,27.58,1.45
82.85,36.27,1.54,-3.21,67.31,7.87,33.02,1.71
25.42,37.57,1.54,-3.25,49.84,6.56,29.61,0.0
79.28,38.49,0.0,1.91,50.67,4.91,33.4,0.7
95.85,37.11,0.0,0.82,50.25,4.57,31.96,0.74
36.62,36.9,0.0,1.95,48.95,5.99,33.08,1.39
21.77,45.6,0.0,2.18,48.72,5.66,44.65,1.47
61.97,39.25,1.77,-3.45,49.52,6.16,28.01,1.61
33.03,39.21,1.72,-3.03,49.64,7.4,40.21,0.0
78.94,38.27,1.56,-2.86,47.65,4.8,43.74,1.31
87.44,37.91,1.57,-3.09,47.46,5.5,40.76,0.0
64.54,45.06,0.89,-2.03,73.5,7.39,29.88,0.83
40.19,37.68,0.0,1.67,50.48,6.64,40.8,3.47
35.64,38.68,1.27,-2.74,47.36,4.37,31.69,0.89
76.74,38.03,0.0,1.78,103.24,13.41,41.11,1.65
55.41,38.38,0.0,1.82,50.7,4.83,42.37,0.6
32.97,39.25,1.72,-3.01,48.3,5.41,31.47,1.43
78.01,36.9,1.88,-3.67,82.25,10.56,36.28,1.58
98.34,38.15,0.0,1.15,48.37,5.15,28.53,1.41
70.31,37.51,0.0,2.26,48.78,4.08,39.9,0.91
69.4,36.7,2.07,-4.0,51.93,6.36,40.51,1.78
91.63,37.5,0.0,1.0,48.52,6.41,46.31,1.56
48.05,36.35,0.0,1.88,50.96,6.65,38.46,3.81
35.74,38.03,0.0,1.97,66.51,8.3,42.61,1.73
83.21,38.08,1.57,-2.97,60.89,7.01,32.26,1.61
53.88,44.43,1.54,-3.03,49.56,5.71,44.31,1.59
72.78,38.63,1.49,-3.37,51.17,6.15,28.09,1.79
90.62,45.6,0.0,2.09,50.24,5.78,37.59,1.4
69.02,39.19,0.0,1.97,50.3,4.64,26.74,0.72
53.6,37.5,0.0,1.83,50.56,6.77,44.02,0.0
92.49,36.9,0.0,1.11,48.77,5.53,43.17,1.38
40.94,37.51,0.0,2.28,49.68,5.76,37.87,1.41
55.66,37.68,1.71,-3.32,48.66,6.65,30.19,0.0
26.51,37.97,1.62,-3.36,49.68,6.48,34.75,0.0
66.74,37.5,1.81,-3.55,48.1,5.74,45.03,1.33
65.05,38.08,1.43,-3.01,77.84,8.95,38.2,1.19
67.13,38.03,1.44,-2.86,48.39,3.92,29.2,0.63
55.97,38.27,0.0,1.86,49.8,4.63,34.17,0.63
92.65,38.18,0.0,1.09,49.79,5.5,45.24,1.24
39.56,38.98,0.0,1.87,50.76,6.54,30.97,3.22
42.25,37.68,0.0,2.06,49.93,7.16,37.11,2.94
42.93,37.2,0.0,1.81,47.8,5.36,27.29,3.95
31.25,38.48,1.66,-3.5,51.36,5.84,46.21,1.77
53.23,38.08,1.39,-2.94,91.15,11.13,45.65,1.47
96.89,38.76,1.13,-0.71,47.83,3.62,37.15,0.95
51.23,37.99,1.57,-3.15,61.03,6.79,41.46,1.5
25.11,38.76,1.61,-3.01,49.16,6.74,30.55,3.97
36.44,37.83,0.0,2.22,61.45,6.34,30.84,0.67
64.85,37.76,1.74,-3.4,48.81,5.88,35.04,1.53
87.75,38.76,1.43,-2.99,47.93,6.15,33.57,1.56
76.67,38.11,1.75,-3.52,50.41,6.37,42.5,1.54
63.5,38.98,1.19,-2.32,53.31,4.69,31.09,0.59
93.92,39.19,1.24,-2.74,50.29,6.08,38.15,2.99
51.65,38.03,1.7,-3.2,50.56,6.48,28.02,3.6
27.47,36.27,0.0,2.0,52.17,7.04,32.97,0.0
53.85,39.33,0.0,2.14,49.93,6.01,38.86,1.38
56.95,37.95,0.0,2.04,49.41,5.6,28.79,1.39
20.88,36.9,0.0,-0.88,52.18,6.46,28.81,1.44
87.22,37.5,0.0,2.13,49.74,5.83,45.08,1.44
87.59,39.58,1.75,-3.47,50.11,5.79,33.35,1.72
24.08,38.68,0.0,2.2,50.86,4.5,25.07,0.52
22.08,39.37,0.0,1.84,50.84,4.4,42.07,0.56
32.08,37.97,0.0,2.31,50.5,6.66,35.65,3.82
60.57,36.9,1.52,-2.71,96.36,10.94,29.82,1.14
30.34,38.03,0.0,2.05,57.65,6.16,43.59,1.23
72.33,38.03,1.1,-2.31,49.52,5.37,25.9,0.0
68.16,38.98,0.0,2.07,51.27,5.05,31.51,0.7
49.58,36.35,0.0,1.91,49.45,5.95,42.88,1.46
51.81,38.03,0.0,2.05,88.43,10.75,31.43,1.44
33.34,38.04,0.0,2.33,47.99,6.17,32.0,3.74
86.35,39.8,0.0,2.19,50.52,5.24,42.29,0.86
93.42,39.52,0.0,0.95,49.38,5.92,34.71,1.39
54.41,38.39,0.0,1.76,51.08,5.45,44.24,1.08
68.81,38.0,0.0,2.13,49.36,5.54,40.75,1.28
49.74,38.76,0.0,1.93,48.55,5.68,42.35,2.81
74.28,100.0,0.0,1.89,67.32,7.88,27.49,1.54
94.78,37.51,0.0,1.04,50.21,5.73,36.05,1.65
22.3,36.15,1.65,-3.21,49.29,6.12,37.4,1.45
20.77,39.81,1.23,-2.71,50.41,5.05,30.72,0.53
83.24,37.5,0.0,2.08,49.29,5.53,38.47,1.4
94.91,37.57,0.0,1.03,51.25,6.23,27.11,1.57
30.96,39.17,0.0,2.24,50.66,5.5,45.31,1.54
43.29,37.68,0.0,2.0,50.15,6.36,32.69,0.0
66.28,37.95,1.51,-2.68,48.4,5.07,27.0,1.3
45.07,38.76,0.0,1.96,49.74,4.86,35.37,0.63
58.75,37.51,1.25,-2.81,47.64,5.27,43.15,1.37
48.48,37.51,0.0,1.88,48.91,3.98,31.46,0.39
38.2,44.43,0.0,1.96,93.19,11.03,37.28,0.88
94.15,38.11,0.0,0.87,93.26,12.17,34.56,1.79
20.06,38.15,1.94,-3.71,50.84,7.35,44.38,4.04
90.85,37.51,0.0,1.71,46.27,5.36,39.74,1.46
66.66,38.11,1.35,-2.61,47.85,4.32,44.81,1.24
54.7,36.62,0.0,1.97,49.81,5.45,32.38,1.34
30.82,38.75,0.0,1.99,90.1,10.86,41.41,1.5
51.4,37.95,0.0,2.04,49.2,5.59,39.14,1.56
86.14,37.51,0.0,1.9,55.44,6.06,26.01,1.01
45.74,36.9,1.72,-3.23,83.52,9.4,42.8,0.89
43.62,38.03,0.0,2.03,72.2,7.74,35.68,0.62
95.53,39.16,0.0,0.9,50.11,6.12,34.52,1.68
78.9,37.34,1.5,-3.06,50.1,5.86,28.27,1.45
97.05,36.27,0.0,1.0,50.81,5.67,31.26,1.52
19.33,38.79,0.0,2.11,51.64,5.94,42.25,1.49
82.46,38.24,1.21,-2.9,51.08,4.43,27.44,0.69
46.27,39.1,0.0,1.91,50.8,5.06,26.36,0.73
37.45,38.75,0.0,2.04,101.06,12.65,26.27,1.32
39.0,100.0,0.0,1.93,49.76,5.8,26.97,1.55
23.94,38.68,1.65,-3.5,48.93,6.63,36.02,1.71
67.49,38.08,1.43,-2.6,49.49,4.01,28.65,0.97
68.93,38.08,1.17,-2.3,50.15,3.8,30.01,0.52
85.29,38.74,1.57,-3.06,49.02,5.65,31.07,1.65
45.68,38.4,1.83,-3.38,50.27,5.75,38.97,1.44
73.32,37.74,1.13,-2.69,47.97,4.27,26.67,0.84
24.0,37.25,1.43,-2.9,49.16,6.04,43.29,1.65
34.85,38.38,0.0,1.62,51.6,5.09,33.65,0.78
94.51,38.4,1.2,-2.38,50.06,5.58,35.86,3.48
61.37,37.68,0.0,1.85,49.85,5.63,33.85,1.46
91.86,36.9,0.0,0.94,49.64,5.59,31.12,1.64
43.07,38.11,1.78,-3.51,51.61,6.08,39.78,0.0
37.61,36.35,0.0,1.92,48.83,5.34,26.47,0.0
82.14,38.98,0.0,1.89,49.6,6.42,33.79,1.84
40.01,37.5,0.0,1.91,51.57,7.45,29.71,3.73
63.04,37.2,0.0,2.26,48.18,4.48,41.25,0.96
33.84,38.68,1.16,-2.49,47.39,4.55,42.66,1.19
61.48,36.27,1.14,-2.37,86.15,9.01,36.47,1.04
34.02,37.2,0.0,2.07,49.42,6.33,29.31,1.64
89.27,38.03,1.5,-3.03,49.35,6.15,43.29,4.42
55.75,44.43,0.0,2.26,51.21,5.95,45.12,1.66
82.88,45.06,0.0,1.79,50.03,4.03,29.55,0.98
28.01,37.66,1.64,-3.19,49.84,6.21,29.9,1.57
34.17,37.91,1.37,-2.71,48.41,5.56,32.67,2.97
23.93,38.57,0.0,1.78,51.82,7.52,42.58,4.05
93.3,38.07,0.0,1.09,51.33,6.17,44.33,3.49
54.28,100.0,0.67,-1.27,48.99,6.63,32.44,0.0
94.35,39.39,0.0,0.93,50.08,5.63,33.27,1.67
60.76,37.91,1.74,-3.27,50.49,5.96,44.01,0.0
42.23,39.21,1.55,-2.92,47.82,6.01,33.02,3.37
20.13,38.08,0.0,1.85,51.58,7.04,38.1,3.21
24.41,100.0,0.0,2.05,51.4,6.39,30.69,0.0
50.31,38.08,0.0,1.97,48.82,5.39,43.36,3.27
72.75,39.19,1.9,-3.4,76.84,9.47,40.27,1.62
61.79,36.56,0.0,2.16,48.03,4.72,33.84,1.2
54.02,37.5,0.0,2.13,58.56,7.14,32.43,1.52
92.59,37.68,0.0,1.01,98.39,12.44,45.23,1.51
73.26,37.68,1.5,-3.31,50.24,5.83,40.08,1.16
92.29,37.59,0.0,0.82,50.1,5.31,31.62,1.25
24.99,35.55,0.0,2.19,65.22,7.51,45.03,1.49
56.66,38.92,1.48,-3.3,51.56,5.9,33.67,1.82
65.95,38.57,0.0,2.11,49.42,4.31,40.19,0.67
59.32,37.95,1.73,-3.42,54.22,6.75,43.35,1.62
32.61,39.19,0.0,1.84,46.78,5.16,44.61,1.05
76.68,36.35,1.64,-3.14,90.87,10.13,44.56,1.33
71.49,38.24,1.65,-3.48,86.4,9.42,43.57,0.68
80.69,44.43,0.0,1.99,50.83,5.0,36.96,0.0
71.36,38.07,1.35,-2.65,48.6,5.36,33.82,1.33
70.87,37.15,0.0,2.06,48.31,5.35,38.96,1.3
54.52,37.51,0.0,2.15,48.67,6.8,46.13,3.15
29.76,38.98,1.28,-2.53,47.62,5.57,26.29,1.27
69.46,38.03,1.02,-2.15,47.59,5.18,25.5,3.27
95.88,38.12,0.0,1.0,59.22,7.01,40.18,1.25
82.49,37.93,0.0,1.68,50.59,5.39,37.63,0.89
39.03,38.52,0.0,1.85,50.51,6.34,38.2,1.58
86.85,38.12,0.0,1.75,50.01,5.33,39.66,1.45
57.94,36.9,0.0,1.73,49.78,6.42,31.67,0.0
38.01,36.67,0.0,2.01,50.84,5.32,31.07,0.8
87.22,38.76,1.55,-3.25,49.67,6.56,38.2,3.5
65.23,38.2,0.0,2.13,47.89,7.11,34.44,3.91
91.04,38.12,0.0,1.28,50.17,6.24,37.12,1.65
89.49,36.27,0.0,2.08,49.27,4.35,25.02,0.92
80.58,38.87,0.0,1.76,50.86,5.4,29.14,1.53
80.21,45.06,0.0,2.11,51.91,5.02,28.73,0.87
96.37,44.43,0.0,1.0,48.12,3.84,27.99,0.65
74.89,37.09,1.87,-3.8,50.68,6.18,28.35,1.95
89.48,38.07,0.0,2.24,49.13,5.76,40.67,1.43
59.11,38.97,1.38,-2.97,48.91,5.06,35.41,1.48
51.31,45.6,0.0,1.69,87.4,10.58,40.6,1.56
58.06,37.15,1.48,-3.04,49.27,6.62,28.95,0.0
32.1,38.07,0.0,2.0,50.38,5.46,42.66,1.05
80.79,38.12,1.46,-2.68,49.02,4.07,27.84,1.07
35.42,38.98,0.0,2.02,49.44,6.26,38.85,0.0
63.2,38.07,0.0,1.98,48.33,6.26,30.72,1.55
93.07,37.76,0.0,1.12,48.13,5.69,45.06,1.37
46.81,38.68,1.5,-2.84,50.72,6.31,40.46,1.75
87.51,39.42,0.0,2.32,50.54,4.41,37.7,0.73
57.03,38.76,0.0,2.2,49.38,6.97,40.9,0.0
21.87,37.2,1.41,-2.71,50.6,4.57,26.56,0.66
49.19,36.35,0.0,1.99,50.86,6.52,31.15,0.0
49.64,39.33,0.0,1.84,49.89,5.5,26.11,1.31
28.65,36.27,0.0,2.25,52.46,5.54,44.62,0.0
78.38,37.71,0.0,1.87,50.3,5.94,45.15,1.45
39.93,44.43,0.0,1.72,95.53,10.47,41.25,0.56
30.32,37.25,1.63,-2.92,47.93,5.16,41.05,1.38
30.86,37.62,0.0,1.98,48.49,5.94,31.81,1.64
45.62,38.0,0.0,1.91,47.69,4.42,37.29,1.04
97.61,37.95,0.0,1.04,50.71,5.21,30.38,0.79
31.68,38.76,0.0,2.07,48.21,5.56,31.42,3.83
50.08,39.9,1.59,-3.22,50.66,5.66,44.34,1.67
85.29,36.43,1.64,-3.6,49.88,6.07,32.5,1.79
70.75,37.36,1.34,-3.24,51.79,5.12,41.26,1.01
93.59,38.98,0.0,1.05,63.8,8.45,37.61,1.81
19.87,38.73,1.43,-2.89,50.65,6.0,44.76,1.4
94.18,38.97,0.0,0.84,62.83,7.51,39.93,1.49
69.4,38.03,0.0,1.77,48.12,4.92,28.79,1.27
92.91,38.76,0.0,0.97,47.72,5.76,37.58,1.58
50.64,38.4,1.62,-3.19,49.35,5.83,39.54,1.59
63.75,100.0,0.54,-1.09,51.15,5.43,39.74,1.29
70.27,37.91,1.43,-3.05,50.35,6.32,41.15,0.0
45.78,37.51,0.0,1.72,50.84,5.01,28.36,0.87
39.06,36.97,1.15,-2.48,49.26,3.79,38.27,1.05
73.84,38.04,1.52,-3.14,50.66,6.41,32.33,1.41
71.49,37.68,0.0,1.98,61.13,7.66,32.11,1.38
87.57,38.08,1.86,-3.32,48.68,5.53,43.54,1.61
29.57,45.06,1.22,-2.42,50.02,5.75,44.12,1.58
57.94,38.57,0.0,2.02,50.94,7.07,42.73,1.39
73.67,37.57,1.83,-3.24,51.0,7.4,38.94,3.27
31.4,37.5,0.0,2.05,49.78,6.32,38.7,0.0
34.07,38.34,1.39,-3.17,50.07,6.16,38.45,1.51
27.05,37.2,0.0,2.07,50.54,6.11,34.99,1.58
32.35,38.98,0.0,2.06,48.88,5.86,26.51,3.38
57.14,37.2,0.0,2.05,49.32,7.3,42.48,0.2
96.78,36.9,1.56,-1.05,47.82,5.87,29.1,1.61
59.85,37.68,0.0,1.66,49.43,5.77,38.24,1.43
68.67,37.68,1.2,-2.83,49.8,4.72,38.71,0.51
25.03,38.15,0.0,2.24,48.7,5.08,41.69,1.13
37.21,39.24,0.0,2.06,50.24,5.84,37.15,1.61
91.57,37.95,0.0,0.93,49.51,5.73,36.86,1.33
46.54,45.06,1.47,-2.77,95.74,11.32,42.69,1.44
45.33,38.49,0.0,2.14,48.95,4.13,27.1,0.54
71.48,38.12,1.56,-3.47,49.43,6.72,32.09,1.91
34.4,37.61,0.0,2.31,49.4,5.73,37.85,1.63
62.49,37.32,1.49,-2.93,48.74,5.34,26.72,1.2
50.74,39.19,1.51,-2.88,98.98,12.13,35.09,1.49
28.71,36.35,0.0,1.81,50.13,6.16,42.05,3.36
50.09,38.76,1.72,-3.2,51.29,6.75,44.78,4.09
78.2,37.2,0.0,2.15,50.6,4.43,28.0,0.58
43.63,38.68,1.56,-3.18,51.28,5.63,31.65,0.97
66.55,38.05,0.0,2.24,49.15,6.0,27.18,1.42
69.1,36.35,0.0,2.27,48.96,6.83,27.93,4.3
46.6,37.51,0.0,1.73,50.44,4.66,33.09,0.67
59.58,37.34,1.5,-2.81,47.91,6.87,45.87,0.0
51.2,38.48,0.0,1.77,48.68,4.87,32.25,1.34
98.38,38.76,0.0,0.94,48.8,4.88,31.73,0.0
64.12,36.59,0.0,2.09,49.87,6.69,45.72,1.66
88.59,35.55,1.36,-3.26,50.56,4.84,42.99,0.84
42.72,37.72,1.67,-3.39,49.61,4.67,35.67,0.75
62.71,37.36,1.51,-2.66,47.44,4.58,42.69,1.01
31.38,38.98,0.0,1.85,48.28,5.09,44.2,1.29
47.34,38.77,0.0,1.65,49.39,3.7,42.68,0.91
31.28,37.54,0.0,2.05,48.07,5.53,30.28,1.59
58.22,37.95,0.0,2.11,50.11,6.47,41.41,3.95
73.6,38.07,0.0,2.16,93.83,10.56,27.06,0.86
26.3,37.2,0.0,2.2,52.15,4.72,28.86,0.81
32.97,38.08,0.0,2.03,49.88,6.53,38.55,4.11
94.92,37.91,0.0,1.09,48.55,6.07,39.55,1.41
91.98,100.0,0.58,-1.23,54.51,6.13,28.0,1.49
72.04,37.5,0.0,1.68,49.3,5.3,34.79,1.39
91.89,38.04,1.71,-2.91,98.38,12.14,39.95,1.33
38.53,38.12,1.58,-3.26,49.49,6.04,35.6,1.58
37.91,52.55,1.22,-2.15,47.8,5.69,34.94,1.45
45.75,37.5,0.0,1.94,48.09,5.62,32.41,0.0
60.12,37.82,0.0,1.95,51.81,5.45,42.73,1.14
64.7,37.2,1.88,-3.57,98.68,12.09,44.86,1.76
81.8,38.56,0.0,1.81,49.49,5.74,32.96,1.59
64.93,36.9,0.0,1.91,50.26,4.75,40.66,3.2
46.52,38.08,0.0,1.84,60.66,5.59,29.54,0.84
96.83,37.68,0.0,0.87,51.12,5.5,37.43,1.06
25.92,39.09,1.36,-2.9,51.63,6.56,37.74,0.0
68.9,38.17,1.67,-3.45,47.81,6.38,42.13,1.68
98.0,37.91,0.0,1.1,49.95,5.75,42.99,1.58
25.01,37.34,0.0,1.76,49.7,6.03,39.56,1.67
91.91,37.2,0.0,0.99,72.34,9.3,35.91,1.63
94.18,39.23,0.0,1.02,51.04,5.25,38.71,1.3
97.95,38.68,0.0,1.02,96.69,10.84,26.9,0.61
78.1,45.06,0.0,2.0,51.86,6.53,41.19,1.38
29.01,39.13,0.0,1.97,51.25,5.9,37.6,1.23
96.0,38.08,0.0,0.96,93.63,10.96,33.78,0.9
57.45,39.9,0.0,2.06,49.99,6.24,33.56,1.69
63.71,37.51,1.44,-2.92,79.69,8.69,39.21,0.94
88.28,38.07,0.0,1.93,50.28,5.31,43.09,1.29
45.86,38.75,0.0,1.87,49.32,5.85,35.06,1.65
86.97,37.44,1.53,-3.21,48.63,6.25,27.46,1.81
91.15,100.0,0.0,1.02,92.85,12.3,40.08,1.81
79.86,37.51,1.41,-2.93,64.85,7.9,26.76,1.31
67.1,45.6,0.0,1.95,50.52,5.86,29.1,1.41
50.85,36.27,0.0,1.98,49.35,5.06,36.62,3.25
51.57,37.0,1.79,-3.2,50.44,5.69,34.57,1.54
53.34,38.03,1.5,-3.45,50.61,7.23,29.56,4.27
76.48,38.16,0.0,1.96,50.63,5.53,35.76,1.53
22.32,38.4,0.0,1.97,51.15,6.45,27.57,1.52
54.98,37.97,1.46,-3.1,49.64,5.67,29.27,1.55
92.68,35.55,0.0,1.12,48.2,4.49,27.58,3.11
37.02,37.46,0.0,1.87,51.98,4.97,42.55,0.96
94.21,38.68,0.0,1.06,51.07,5.77,29.63,1.56
51.6,38.73,0.0,2.18,48.39,4.43,27.72,1.18
44.31,37.4,1.45,-3.33,52.15,5.37,32.1,1.08
45.7,38.98,1.41,-2.91,72.59,8.44,36.05,1.59
42.07,37.57,1.41,-3.32,50.87,5.81,40.58,3.38
40.13,39.9,0.0,2.09,98.33,12.46,32.38,1.75
46.4,37.95,1.68,-3.34,67.63,7.9,38.31,1.68
23.82,37.91,1.75,-3.27,48.91,7.74,29.27,3.68
92.79,38.68,0.0,0.93,50.35,5.82,33.96,1.41
92.31,37.2,0.0,1.02,47.08,5.15,26.25,1.11
27.91,39.09,0.0,1.85,49.77,5.26,41.39,1.45
87.07,37.5,0.0,2.04,48.27,3.69,40.26,0.34
58.78,37.93,1.43,-2.58,48.29,5.95,40.14,3.05
63.05,38.98,0.0,1.9,50.7,6.67,44.79,3.59
63.24,37.91,1.6,-3.16,48.52,5.24,35.16,1.39
81.76,38.03,0.0,1.99,51.39,6.3,34.87,0.0
73.95,45.06,0.0,1.92,50.95,6.01,44.67,1.71
42.15,37.81,1.51,-3.11,52.05,6.48,43.12,1.61
63.85,37.86,1.49,-2.87,51.03,4.79,27.31,0.76
31.89,38.03,0.0,2.01,49.01,6.77,41.12,4.23
72.55,36.9,0.0,1.74,48.89,5.73,39.32,0.0
56.93,35.55,0.0,1.85,48.53,5.09,35.15,1.29
94.01,37.13,0.0,0.96,49.08,5.8,36.65,1.4
64.92,37.34,0.0,1.93,50.25,4.6,31.26,0.74
76.93,45.6,0.0,2.33,49.93,4.1,39.79,0.54
92.31,38.07,0.0,0.93,80.58,8.57,33.46,0.55
70.06,37.99,1.77,-3.52,50.91,5.39,33.45,1.48
46.44,36.9,0.0,2.12,49.52,5.21,27.45,3.29
49.46,38.12,1.18,-2.6,61.72,6.79,27.05,1.34
91.02,38.16,0.0,1.01,51.31,6.19,45.08,1.19
95.16,39.19,1.51,-3.31,50.56,6.27,30.71,2.67
86.15,37.5,0.0,1.91,63.29,7.54,44.1,1.47
40.99,39.33,0.0,1.9,91.33,9.74,36.99,0.36
52.9,38.15,1.65,-3.21,49.37,6.75,45.81,3.42
87.92,37.46,0.0,0.98,51.05,5.45,25.68,1.1
53.06,39.58,0.0,2.09,49.45,5.92,33.75,1.64
81.55,38.15,1.92,-3.93,52.17,5.71,30.89,1.53
50.31,37.52,1.3,-2.63,47.85,3.56,41.93,0.38
80.21,38.03,0.0,1.79,50.92,5.76,43.18,1.73
38.66,38.11,1.33,-2.9,49.78,4.31,37.74,0.0
88.48,37.6,0.0,1.96,47.82,5.52,40.15,1.23
51.61,38.11,0.0,2.1,47.93,6.54,38.01,0.0
97.12,38.17,0.0,0.95,51.56,4.86,31.16,0.76
72.84,56.73,0.99,-1.87,49.59,5.45,41.59,1.34
91.57,35.55,0.0,1.63,48.94,5.68,40.7,0.0
46.68,37.5,0.0,1.91,47.79,3.46,29.72,0.78
58.72,37.86,1.23,-2.43,48.05,4.34,26.11,1.19
32.71,37.91,1.46,-2.83,47.99,5.64,42.75,0.0
91.15,39.25,1.3,-2.81,91.37,11.33,41.94,1.38
39.98,39.21,0.0,2.34,49.06,3.62,27.16,0.77
93.57,37.95,0.0,0.97,50.19,5.45,40.04,1.42
70.44,35.55,0.0,2.09,50.95,5.76,29.92,0.0
40.3,36.9,1.26,-2.41,87.82,9.01,24.66,0.74
63.83,38.68,0.0,1.77,79.27,8.74,37.21,0.75
90.68,38.76,0.0,2.01,47.61,5.13,43.64,1.21
40.55,38.03,1.29,-2.71,49.58,4.74,34.05,0.71
67.38,38.24,0.0,2.1,48.79,5.67,28.7,0.0
71.33,100.0,0.52,-0.89,47.07,4.18,38.15,0.95
26.81,38.04,1.5,-3.16,48.93,6.77,39.18,0.0
32.88,38.98,0.0,2.15,64.13,6.88,34.57,1.33
50.73,38.93,0.0,2.26,49.0,3.87,32.29,0.35
97.98,37.95,0.0,1.11,49.4,4.9,30.29,3.82
71.85,36.87,0.0,2.26,48.44,5.49,43.47,1.39
70.03,36.39,0.0,2.04,48.89,5.52,36.56,1.36
34.04,38.56,1.5,-3.4,89.09,11.52,30.03,1.39
79.02,38.56,0.0,2.2,48.43,5.75,46.82,1.63
48.67,39.08,1.73,-3.29,49.36,5.69,29.02,1.56
37.72,37.2,1.57,-2.93,78.91,8.23,41.85,0.64
55.11,38.77,0.0,1.71,50.32,6.02,46.35,1.68
89.06,37.51,0.0,1.93,47.7,5.23,27.91,2.91
68.99,38.6,0.0,2.27,49.56,5.84,42.19,1.56
54.99,100.0,0.52,-1.04,74.33,9.62,29.75,1.57
29.53,38.98,0.0,1.84,48.9,3.54,43.61,0.82
78.17,39.96,0.0,2.14,49.47,5.98,45.37,1.56
51.02,39.21,1.29,-2.71,49.65,4.5,33.51,0.52
29.28,35.55,0.0,2.15,70.64,7.31,33.91,0.73
66.36,37.5,0.0,2.06,48.61,4.52,38.35,1.01
47.37,36.35,1.08,-2.17,47.33,4.1,40.18,0.81
90.72,37.51,0.0,1.68,60.52,6.34,25.42,1.04
76.26,37.51,0.0,2.29,51.44,6.03,29.18,1.56
87.53,38.83,0.0,2.08,49.27,5.28,35.85,1.36
92.61,38.98,1.38,-2.82,48.57,4.66,25.55,0.0
44.15,38.83,1.79,-3.59,50.21,5.64,42.03,1.43
35.13,39.9,0.0,2.06,89.41,11.33,34.78,1.83
88.86,39.19,1.5,-3.1,58.69,6.67,43.12,1.31
48.12,37.5,1.36,-3.06,49.43,6.41,27.87,0.0
85.3,37.7,0.0,2.21,51.32,4.71,34.93,0.7
60.06,37.51,0.0,1.85,66.86,8.37,34.65,1.7
44.44,37.5,1.35,-2.7,93.31,10.57,32.12,0.66
48.33,38.38,0.0,2.13,50.51,6.29,27.8,1.8
62.59,37.43,1.87,-3.51,49.14,5.17,38.19,1.56
59.84,39.33,0.0,1.96,49.57,4.66,33.14,0.55
83.09,38.79,0.0,2.14,48.48,5.86,31.57,1.43
33.27,37.5,1.35,-2.75,45.83,6.24,41.56,3.56
53.62,38.67,0.0,1.87,49.31,5.89,33.08,1.46
26.91,37.25,1.72,-3.42,48.74,5.78,29.03,1.57
52.73,36.62,0.0,1.86,49.27,5.91,28.9,1.43
97.4,38.07,0.0,0.94,95.08,12.23,40.08,1.52
42.73,39.09,0.0,2.2,70.62,8.27,41.46,1.38
90.01,38.56,0.0,1.95,51.07,4.71,44.08,0.87
38.81,38.2,0.0,2.23,48.81,3.57,39.87,0.6
62.09,36.9,1.19,-2.52,95.68,10.39,33.69,0.71
33.3,100.0,0.0,2.12,49.08,5.84,39.48,1.66
35.5,38.2,0.0,1.88,50.94,4.28,29.66,0.66
37.31,37.99,1.55,-2.92,76.44,8.38,37.54,1.01
47.94,37.68,1.37,-3.06,49.24,6.14,36.57,3.79
27.44,38.95,0.0,2.07,51.16,6.1,46.85,1.63
97.09,37.57,1.4,-0.85,48.42,3.92,36.18,0.96
84.41,38.4,0.0,1.73,52.44,6.51,31.37,1.74
51.42,100.0,0.58,-1.12,49.84,7.06,30.41,0.0
61.01,38.57,0.0,2.02,50.43,6.17,28.76,1.61
84.21,37.91,0.0,2.03,51.83,5.36,37.9,0.93
68.04,37.97,1.33,-2.43,48.8,4.11,38.75,0.42
34.52,38.2,0.0,2.1,50.93,5.39,31.11,0.79
68.05,38.27,0.0,2.19,50.07,5.34,42.45,1.56
82.65,38.56,0.0,1.84,49.69,6.16,36.72,1.65
45.26,38.03,1.91,-3.52,52.45,5.73,46.28,1.12
94.02,38.98,0.0,0.96,48.73,7.22,34.77,3.89
36.88,38.76,0.0,1.69,48.73,6.12,36.78,1.64
51.38,37.2,0.0,2.1,48.18,5.65,27.45,2.74
39.97,38.57,0.0,2.1,49.42,6.88,46.08,3.11
88.05,37.0,0.0,2.17,49.0,5.67,33.86,1.45
81.57,38.68,0.0,2.08,47.67,4.45,42.07,1.07
73.22,37.95,1.72,-3.15,51.9,5.44,29.84,0.97
60.34,38.38,0.0,2.02,48.71,5.35,40.58,1.35
34.21,38.11,0.0,1.78,47.66,6.29,40.14,3.34
36.35,39.37,1.05,-2.31,48.4,4.09,41.58,0.77
53.25,37.2,1.48,-2.95,62.63,7.57,45.35,1.73
64.82,37.5,1.7,-3.08,72.72,8.84,41.2,1.32
23.89,37.5,0.0,2.09,50.99,4.66,31.42,0.43
24.63,38.98,0.0,2.07,50.94,5.56,33.72,1.12
38.95,39.81,0.0,1.95,49.85,4.03,36.2,0.59
62.91,38.76,0.0,1.88,57.83,7.34,31.54,1.39
41.12,37.34,0.0,2.19,48.05,5.52,35.86,1.45
72.7,38.08,0.0,1.78,99.52,12.72,42.96,1.59
78.19,38.42,0.0,1.99,48.41,4.49,28.39,1.29
78.14,38.04,0.0,1.88,90.18,12.02,30.02,1.91
58.86,38.76,0.0,1.83,103.39,13.1,37.77,1.5
55.96,37.51,0.0,1.96,49.91,6.4,45.94,1.87
64.58,44.43,0.0,2.0,47.46,6.32,40.58,4.01
65.93,38.98,1.43,-2.72,50.88,4.9,26.82,0.73
51.03,38.24,0.0,2.18,48.47,6.38,46.72,0.0
37.61,38.75,1.57,-3.27,51.35,5.95,38.77,1.35
62.54,37.68,0.0,2.13,49.69,5.86,45.17,1.54
47.26,38.98,1.5,-3.01,83.87,10.76,40.11,1.51
93.53,38.02,0.0,0.91,49.37,3.92,42.46,0.47
75.51,100.0,0.66,-1.33,50.44,6.2,40.93,3.15
34.62,38.98,0.0,2.05,49.06,6.83,26.91,4.12
39.43,38.92,0.0,1.9,50.36,6.05,36.75,1.88
33.96,36.9,1.52,-3.23,92.07,11.77,39.45,1.61
44.84,38.98,0.0,2.33,51.67,6.59,33.12,3.68
49.65,38.76,0.0,2.14,88.57,8.94,35.95,0.85
67.21,38.27,1.67,-3.04,50.17,5.71,41.42,1.57
46.85,38.69,1.58,-3.18,50.44,5.48,26.73,1.47
27.87,38.8,0.0,1.87,50.98,5.58,33.05,1.38
32.63,39.25,0.0,1.85,48.39,5.55,28.83,1.27
93.31,36.62,0.0,1.02,50.78,7.01,40.15,3.0
23.75,38.98,0.0,2.2,51.36,6.77,40.69,3.4
60.14,38.04,0.0,1.96,50.93,5.94,43.54,1.79
44.67,38.03,0.0,2.18,73.15,7.38,26.05,0.58
47.65,45.6,0.0,1.93,80.24,10.18,28.84,1.57
28.54,37.91,1.32,-2.99,48.56,4.67,39.34,0.59
35.51,38.97,1.36,-2.42,48.66,4.98,27.49,1.29
24.98,39.9,0.0,2.13,78.07,8.81,35.0,0.93
90.86,38.97,0.0,2.12,50.6,6.03,39.34,1.27
95.11,38.38,0.0,0.87,47.64,5.54,42.44,3.98
34.46,37.2,0.0,2.31,47.9,5.21,29.16,1.55
50.72,100.0,0.7,-1.28,50.4,6.65,36.06,2.52
88.48,100.0,0.56,-1.28,62.53,7.61,34.89,1.77
25.92,36.27,1.5,-3.17,48.33,5.7,44.99,1.61
51.62,37.84,1.33,-2.59,48.46,4.43,24.24,0.45
35.47,37.2,1.1,-2.25,80.95,8.32,34.05,0.48
51.77,37.5,0.0,2.06,48.92,7.16,45.78,0.0
28.32,38.12,1.76,-3.4,82.47,10.33,35.82,1.56
59.17,37.6,0.0,2.23,49.5,4.2,43.58,0.59
36.03,38.76,0.0,1.75,48.1,5.95,33.65,1.59
38.63,37.99,0.0,2.26,48.68,5.62,35.91,1.4
59.44,39.22,1.31,-2.84,50.66,5.57,39.8,1.39
55.37,38.98,0.0,1.74,46.92,5.04,25.83,1.08
39.05,37.57,1.3,-3.01,50.18,4.91,25.13,2.52
36.43,38.04,1.45,-2.89,49.34,5.63,28.64,2.66
91.9,39.54,1.3,-2.66,46.94,5.49,28.7,1.45
52.58,37.93,1.82,-3.12,48.18,6.7,42.24,0.0
97.71,38.98,0.0,1.06,50.87,6.23,43.42,0.0
58.48,38.18,0.0,1.69,75.24,9.57,45.11,1.67
23.27,37.97,0.0,1.96,48.43,5.43,33.76,3.72
33.0,37.99,1.5,-2.76,79.69,8.18,41.59,0.55
61.32,38.76,1.24,-2.71,49.91,5.05,33.34,1.17
34.61,37.5,1.41,-2.89,45.75,5.89,27.11,3.55
36.15,100.0,0.59,-1.16,48.15,5.53,46.28,1.48
91.51,37.24,1.43,-3.16,46.9,5.06,41.55,1.14
64.31,37.51,1.36,-2.7,48.92,3.85,36.16,0.54
34.11,37.2,1.36,-2.46,82.1,8.42,30.91,0.66
97.21,37.15,1.17,-0.68,100.22,11.07,26.76,1.0
21.19,39.62,0.0,2.03,50.25,4.52,24.74,0.6
89.0,38.06,0.0,2.04,50.62,5.74,43.06,1.53
39.72,37.2,1.33,-2.88,49.84,4.46,40.42,3.57
94.97,38.98,1.33,-3.14,82.49,8.94,34.13,0.79
24.43,38.61,0.0,1.95,48.68,5.71,31.57,1.59
30.25,39.21,0.0,1.83,50.52,5.53,44.85,1.57
22.98,38.03,0.0,1.75,52.0,6.16,39.47,0.0
52.42,38.56,1.71,-3.39,69.57,7.69,45.95,1.36
77.96,38.98,0.0,1.95,50.29,6.3,32.86,0.0
63.88,39.25,0.0,1.93,49.99,5.77,33.7,0.0
65.53,37.95,0.0,1.88,51.0,6.1,26.26,3.07
87.19,100.0,0.55,-1.29,66.32,8.52,39.47,1.84
28.27,37.2,0.0,1.7,49.02,6.63,36.98,3.2
88.75,39.19,0.0,1.85,48.65,4.66,26.55,0.0
94.52,37.51,0.0,0.85,73.31,8.59,36.5,1.27
67.21,38.31,0.0,1.88,51.26,6.33,43.79,1.61
98.46,37.2,0.0,1.14,49.21,4.39,33.27,0.47
59.3,37.51,1.75,-3.06,83.89,10.58,29.41,1.41
67.37,39.81,0.0,1.88,48.36,6.61,29.54,0.0
69.29,100.0,0.49,-0.97,47.29,5.82,28.63,1.53
34.22,37.99,0.0,1.73,48.6,5.41,32.25,1.29
63.22,38.98,0.0,1.75,49.61,5.59,31.62,1.57
84.09,38.98,0.0,1.92,48.5,6.58,28.52,4.27
97.89,45.06,0.0,1.1,49.63,5.86,46.7,1.72
95.29,37.34,0.0,0.92,97.52,11.46,34.39,1.34
66.78,37.25,1.24,-2.46,50.78,4.54,32.18,0.56
52.65,36.27,0.0,1.8,48.05,4.53,35.07,0.0
68.7,38.38,0.0,2.23,51.62,6.5,29.68,4.29
43.17,38.72,0.0,2.1,50.43,5.57,44.98,1.57
64.65,38.12,0.0,1.93,49.84,7.33,30.89,0.0
37.9,100.0,0.62,-1.18,50.63,5.08,32.88,0.0
67.67,37.2,0.0,2.17,48.49,6.49,39.65,1.57
90.13,100.0,0.0,2.01,89.96,10.64,27.48,1.47
77.26,38.03,0.0,2.06,50.98,5.77,31.01,1.72
93.47,100.0,0.71,-1.28,48.95,5.85,45.89,1.33
24.81,38.76,0.0,2.06,50.11,5.82,43.14,3.46
70.01,39.73,0.0,2.33,48.52,5.24,37.84,1.54
27.69,100.0,0.56,-1.14,50.17,5.74,42.71,3.31
95.96,37.68,0.0,1.04,49.72,6.26,41.85,1.84
87.75,100.0,0.73,-1.29,64.19,7.79,45.35,1.76
32.42,38.11,0.0,2.05,47.96,6.44,29.81,3.96
79.0,38.42,0.0,2.15,49.23,3.82,32.49,0.95
54.32,37.91,1.42,-3.01,50.86,5.87,28.61,1.46
24.08,38.68,0.0,2.02,50.94,4.87,27.44,0.0
70.95,38.12,1.63,-3.21,96.35,12.47,29.71,1.75
78.24,39.0,0.0,2.23,48.87,5.96,34.81,1.69
37.07,38.15,0.0,2.05,50.25,5.94,32.4,1.61
53.24,45.06,0.0,1.69,48.81,5.31,45.49,1.46
78.16,39.19,1.44,-3.08,49.57,6.37,33.91,1.5
70.67,38.3,0.0,1.97,48.46,6.07,34.95,1.48
74.5,38.68,1.39,-2.74,78.22,9.05,29.58,1.08
30.85,39.09,0.0,1.92,54.4,6.62,35.64,1.61
23.45,39.21,0.0,1.72,48.89,6.69,40.03,4.04
52.76,38.98,0.0,2.15,47.42,4.0,25.77,0.94
37.13,39.33,0.0,2.25,87.26,10.76,44.07,1.03
91.88,37.26,1.39,-2.54,43.28,5.11,28.05,1.08
91.51,37.91,0.0,1.73,50.55,4.48,43.29,0.47
94.08,37.5,0.0,0.95,50.99,6.66,35.33,1.92
41.3,36.35,0.0,1.83,48.22,6.57,39.28,0.0
92.44,38.56,0.0,1.02,49.08,5.07,28.84,1.24
54.63,36.27,0.0,1.98,47.42,5.81,28.83,0.0
24.86,38.75,0.0,2.04,78.65,9.19,26.54,1.45
50.32,36.62,0.0,1.67,49.19,5.55,30.75,1.58
77.61,36.27,0.0,2.1,49.27,5.94,34.77,1.7
54.0,37.95,0.0,2.14,48.91,5.32,36.68,1.45
59.52,37.68,0.0,1.96,50.45,5.4,37.58,1.51
34.41,100.0,0.56,-1.23,50.08,5.83,38.33,1.52
70.36,37.5,0.0,1.99,48.53,5.72,31.22,1.45
31.12,39.19,1.64,-3.0,47.75,5.02,46.22,1.42
54.39,37.93,1.3,-2.92,48.08,6.61,31.28,0.0
71.69,38.08,1.32,-2.36,70.8,6.9,39.52,0.79
38.81,38.08,1.74,-3.27,47.24,5.61,41.79,1.41
36.67,37.68,0.0,2.04,50.49,6.32,40.23,3.21
38.05,39.9,0.0,2.03,95.06,11.63,37.14,1.44
91.44,38.76,0.0,1.11,47.24,4.94,39.18,0.98
83.86,36.35,0.0,2.37,48.33,5.61,28.82,1.61
89.43,38.08,1.46,-3.15,48.57,5.79,38.43,1.42
90.36,39.19,1.59,-3.1,56.78,6.26,38.8,1.42
50.53,39.09,1.39,-2.75,51.51,4.24,35.85,0.64
72.63,36.8,0.0,2.01,47.14,5.06,41.22,1.27
54.6,37.02,0.0,2.01,47.8,4.78,43.95,0.98
26.61,38.98,0.0,1.97,50.73,5.05,36.77,0.74
42.38,36.35,0.0,2.18,50.02,4.47,40.94,0.0
91.58,38.98,0.0,1.63,57.35,6.11,27.93,1.47
90.97,37.2,0.0,2.17,50.13,5.51,44.7,1.55
70.63,37.42,0.0,2.02,51.57,4.62,43.58,1.08
78.35,37.95,1.74,-3.62,52.25,6.64,35.49,1.67
47.78,37.51,1.48,-3.21,96.67,11.83,33.33,1.57
41.3,37.86,0.0,2.04,49.63,5.41,35.67,1.68
65.41,37.99,1.3,-2.96,50.96,4.38,26.05,0.75
93.11,37.84,0.0,0.96,50.39,5.9,45.09,1.34
60.65,38.03,0.0,1.83,104.05,13.34,39.84,1.28
79.1,38.03,0.0,2.35,51.24,5.86,30.04,1.73
57.39,37.5,1.44,-3.27,49.61,5.25,36.29,1.25
22.04,38.68,1.9,-3.55,49.99,6.6,32.87,1.77
40.65,38.03,0.0,1.93,52.85,6.71,35.8,0.0
76.93,100.0,0.64,-1.37,94.72,11.93,40.35,1.71
20.05,37.91,0.0,-0.46,48.56,5.81,40.5,1.23
51.67,38.98,0.0,2.24,48.32,3.8,28.07,0.67
58.15,39.25,0.0,1.82,49.52,6.34,41.09,3.28
58.86,39.25,1.46,-3.11,49.69,5.65,40.28,1.59
92.21,37.51,0.0,0.94,65.34,8.08,36.97,1.57
97.55,37.2,0.0,0.99,86.39,9.76,33.74,1.29
75.6,38.68,0.0,2.26,50.36,5.79,37.62,1.49
37.77,38.98,1.63,-3.19,81.38,9.34,30.96,1.06
27.64,38.97,1.72,-3.36,48.6,6.2,41.44,1.52
93.0,38.18,0.0,1.01,50.19,6.01,37.69,1.49
24.62,37.69,0.0,2.14,51.44,4.52,28.84,0.58
64.34,38.12,1.6,-3.42,103.59,12.73,30.58,1.47
44.67,38.08,0.0,1.84,59.12,5.43,41.95,0.57
75.74,38.47,1.43,-2.59,47.63,4.78,42.79,1.27
47.18,37.61,0.0,2.09,47.72,5.02,27.56,1.32
20.47,37.51,0.0,-0.62,49.43,5.95,44.36,1.52
87.81,38.53,0.0,2.02,48.32,5.98,31.37,1.5
57.9,100.0,0.48,-1.08,65.48,7.83,31.75,1.29
82.4,37.5,0.0,1.78,59.3,5.45,27.55,0.48
91.32,39.09,0.0,1.44,90.47,11.28,26.9,1.38
70.9,39.16,0.0,2.19,47.73,4.88,44.04,1.45
35.98,39.33,0.0,2.1,85.37,10.91,41.88,1.45
56.77,36.27,0.0,2.14,47.29,6.41,34.56,3.68
80.39,39.19,0.0,1.91,49.54,6.36,39.54,0.0
41.07,38.56,1.9,-3.54,82.32,10.52,33.48,1.79
32.92,36.35,0.0,2.26,51.6,4.88,42.16,0.95
26.27,37.5,0.0,2.2,48.92,4.79,29.54,3.43
55.25,38.03,1.61,-3.53,50.95,6.32,31.47,1.62
87.94,38.08,1.76,-3.44,55.72,6.39,41.53,1.63
90.65,37.95,0.0,1.89,49.24,5.81,38.81,3.36
55.84,37.5,0.0,1.82,62.07,7.39,37.82,1.47
29.71,37.25,0.0,1.95,62.54,6.39,44.06,1.05
34.11,37.34,1.41,-2.75,48.88,4.9,30.35,3.7
39.99,38.11,1.57,-3.08,50.84,4.79,39.3,0.0
85.74,45.06,0.0,1.78,49.48,5.57,28.31,1.38
91.62,36.9,1.56,-2.87,67.62,7.8,31.73,1.47
95.77,45.06,0.0,0.97,48.79,5.58,40.32,1.54
62.93,39.25,0.0,2.05,50.72,5.67,30.37,3.85
91.96,37.85,0.0,0.91,47.37,5.58,29.19,1.5
27.42,36.27,1.67,-3.28,48.42,4.98,38.86,1.43
80.91,38.03,1.6,-3.57,50.15,5.95,38.98,0.1
63.73,39.81,0.0,2.18,48.14,6.18,40.99,0.0
46.96,38.76,0.0,2.01,49.63,4.73,36.14,2.34
78.41,38.07,0.0,1.97,55.32,6.06,28.18,1.16
24.91,37.25,0.0,1.89,58.54,5.61,28.05,0.52
81.34,38.03,0.0,1.99,81.2,9.55,32.84,0.88
24.82,44.43,1.34,-2.78,57.93,7.66,30.6,1.86
57.93,38.98,0.0,1.77,49.75,6.24,37.46,3.29
95.12,38.08,0.0,0.84,49.68,4.31,32.68,0.61
68.16,100.0,0.56,-1.14,48.52,5.59,36.01,1.52
93.1,38.98,0.0,1.11,61.75,8.07,43.5,1.79
68.1,38.1,1.58,-2.75,47.91,4.99,28.53,1.35
81.84,38.03,0.0,1.79,51.37,5.1,40.47,0.78
56.93,37.56,1.64,-3.18,48.79,6.16,43.89,1.48
62.5,37.95,0.0,1.94,51.11,6.0,47.11,3.97
74.1,39.5,0.0,2.17,47.48,5.76,39.52,1.22
45.2,38.76,1.52,-3.3,52.3,6.78,36.48,3.67
47.99,36.27,0.0,2.17,51.52,7.04,36.56,3.83
69.02,38.98,0.0,1.85,50.79,5.04,26.67,2.61
44.07,37.51,0.0,2.03,50.26,5.9,26.46,1.44
23.87,37.86,1.73,-3.21,71.28,8.36,37.52,1.26
42.72,56.83,0.88,-1.7,49.14,3.95,36.49,0.73
70.13,37.5,0.0,2.18,79.82,8.72,33.27,1.02
20.21,37.91,0.0,1.86,51.08,6.87,45.31,0.0
77.9,39.81,0.0,1.79,48.97,4.14,29.97,0.37
74.76,37.68,1.81,-3.72,49.96,5.82,44.99,1.56
67.25,38.76,0.0,2.09,49.69,5.06,40.33,2.87
73.2,37.99,1.42,-2.78,49.54,6.12,41.02,1.49
75.28,39.08,0.0,2.29,49.59,5.75,43.16,1.69
90.7,38.68,0.0,1.46,48.62,6.11,38.11,1.66
33.19,37.34,1.57,-3.03,47.24,4.98,27.3,1.13
64.22,37.51,0.0,2.05,50.63,6.5,42.64,3.1
40.27,38.98,1.46,-3.23,50.56,5.45,32.05,1.14
96.64,100.0,0.57,-1.14,48.91,4.49,42.17,1.15
20.57,39.21,0.0,-0.28,48.69,6.13,37.29,0.0
24.51,39.81,0.0,1.99,50.05,5.42,45.2,1.56
76.31,100.0,0.63,-1.27,96.3,12.34,42.82,1.56
23.11,38.88,0.0,1.75,52.09,4.56,33.09,0.7
74.81,38.65,0.0,2.17,67.54,7.8,28.35,0.93
92.37,38.26,0.0,1.02,48.92,5.68,27.59,1.57
27.31,38.56,1.11,-2.69,90.56,9.81,30.46,0.98
53.29,37.5,1.97,-3.64,84.98,10.61,39.16,1.63
95.69,39.27,0.0,1.05,47.01,4.9,37.18,1.43
50.82,37.86,0.0,1.96,50.72,4.54,41.33,0.59
91.2,36.35,1.76,-3.66,79.55,10.2,42.52,1.84
38.8,39.21,0.0,2.24,49.7,4.21,30.93,0.49
54.04,38.04,0.0,2.13,52.86,6.76,27.65,1.51
68.39,100.0,0.69,-1.3,48.78,5.61,31.64,1.33
80.47,37.51,0.0,2.17,50.65,6.59,32.34,0.0
97.16,38.52,0.0,1.03,48.12,5.31,31.89,1.44
36.71,38.68,0.0,2.34,50.42,6.99,44.36,0.0
82.0,37.34,0.0,2.17,69.38,8.03,32.72,1.53
86.0,39.09,0.0,1.99,48.63,5.12,42.46,1.2
33.82,37.51,1.55,-2.74,46.81,4.82,41.81,0.89
76.18,38.18,0.0,1.77,101.61,12.92,32.16,1.78
69.51,37.68,0.0,2.08,57.83,5.44,44.59,1.15
53.21,37.57,1.48,-3.41,48.97,6.79,27.12,0.0
80.51,38.2,0.0,1.91,48.52,4.91,33.55,1.26
43.06,37.34,1.74,-3.55,50.49,6.62,31.46,3.68
97.93,38.27,0.0,0.95,101.8,12.67,33.29,1.68
63.67,37.5,0.0,2.25,74.21,7.78,33.38,0.85
72.08,39.09,0.0,1.97,59.99,7.4,30.56,1.46
74.86,37.2,0.0,2.15,49.79,5.47,39.31,1.38
57.08,37.15,0.0,2.06,49.27,5.36,33.16,1.68
54.79,38.76,0.0,2.22,96.59,11.9,39.78,1.65
81.23,35.55,1.45,-2.99,48.21,4.43,30.23,1.1
55.01,38.98,1.56,-3.17,74.47,8.82,45.81,1.32
20.23,69.9,0.85,-1.52,48.85,5.58,27.52,1.51
97.23,38.76,1.15,-0.68,47.98,4.95,27.21,2.05
79.89,38.04,1.5,-3.03,49.91,5.97,33.67,1.66
44.37,37.5,0.0,2.04,71.29,8.79,45.91,1.53
60.26,38.09,1.49,-3.08,49.03,6.9,29.91,0.0
96.32,36.62,1.74,-1.14,47.16,6.05,33.45,0.0
50.3,37.95,0.0,2.06,48.71,5.66,29.14,1.35
24.59,45.6,0.0,1.95,49.51,6.68,43.58,1.7
46.73,37.99,1.52,-3.01,66.48,7.77,46.57,1.66
91.76,38.4,1.33,-2.75,48.59,5.97,43.7,0.0
55.33,37.98,0.0,2.09,48.67,6.0,27.4,1.6
89.86,100.0,0.68,-1.27,50.39,5.35,30.16,1.51
22.48,36.35,0.0,1.82,50.58,5.95,39.82,1.55
41.67,38.97,1.36,-3.12,51.06,4.64,39.5,0.82
86.93,39.09,0.0,1.76,49.03,5.52,26.21,1.15
51.31,37.51,0.0,1.95,50.3,5.44,36.67,1.16
25.67,38.76,0.0,2.02,50.24,4.98,30.55,3.36
65.06,36.77,0.0,1.82,48.49,3.81,38.52,0.97
59.12,38.44,0.0,2.35,51.36,5.53,36.3,1.08
92.9,44.43,1.41,-2.74,49.02,5.59,45.37,1.43
45.53,37.97,0.0,1.88,47.2,4.66,26.24,1.35
88.32,39.61,0.0,1.88,49.08,3.61,37.24,0.65
53.26,38.55,0.0,1.87,47.7,5.94,33.55,1.61
87.01,37.23,0.0,2.22,50.44,5.38,32.06,1.11
86.32,38.76,1.43,-2.86,48.89,5.74,45.33,1.69
92.45,37.95,1.48,-2.93,47.43,4.07,27.06,0.88
45.23,37.2,0.0,2.22,48.55,5.91,34.63,0.0
19.39,39.25,1.74,-3.24,50.81,6.18,42.85,1.36
91.15,38.76,1.18,-2.3,76.86,8.06,40.0,0.97
48.77,38.98,1.51,-3.24,82.05,10.57,42.66,1.62
97.42,37.95,0.0,0.96,50.35,4.75,27.11,0.0
37.04,39.19,1.45,-2.83,66.17,7.34,40.58,1.0
39.97,38.27,0.0,2.2,48.38,5.94,40.42,3.0
26.13,37.91,0.0,2.11,50.6,5.53,33.95,2.8
79.12,38.38,0.0,1.73,49.14,4.64,34.64,0.0
75.76,38.03,1.54,-3.33,50.21,5.37,41.57,0.0
97.97,38.65,0.0,1.03,47.9,5.62,40.21,1.43
28.65,39.25,0.0,2.22,48.16,4.66,40.98,1.0
58.17,45.06,0.0,2.27,51.05,6.51,27.15,3.86
88.57,37.06,1.79,-3.56,51.24,5.97,32.71,1.49
86.1,38.98,0.0,2.06,51.27,4.93,43.49,0.76
43.49,39.57,1.67,-3.08,47.83,5.57,33.22,1.45
76.01,39.24,0.0,1.91,48.78,5.43,28.93,1.62
90.57,38.03,1.89,-3.73,48.88,6.06,34.16,1.64
66.55,37.67,1.74,-3.21,48.99,5.19,35.03,1.57
34.91,37.95,1.49,-3.02,75.87,7.26,35.46,0.99
94.17,36.27,0.0,1.06,50.14,5.72,38.78,1.63
43.99,38.84,0.0,2.35,51.61,6.23,30.37,1.76
65.94,37.24,1.46,-2.81,65.92,6.59,28.74,0.98
55.15,39.21,1.68,-3.08,50.7,5.82,30.08,1.16
90.35,37.83,0.0,0.96,49.79,5.43,36.56,1.48
34.8,37.16,0.0,2.13,50.4,5.31,38.22,1.27
62.97,39.2,0.0,1.84,47.91,4.95,33.45,1.37
69.23,37.97,1.37,-2.99,47.67,5.26,42.1,1.41
87.96,44.43,0.0,2.21,49.86,6.48,32.76,4.27
74.66,36.41,0.0,2.05,47.74,5.52,26.29,1.25
33.82,38.38,0.0,2.01,49.13,5.89,45.83,1.5
20.66,37.2,0.0,2.16,51.72,6.08,34.54,2.31
39.48,38.07,0.0,2.19,47.6,4.73,28.41,1.41
91.83,38.97,0.0,0.96,53.8,5.77,34.76,1.21
68.78,36.47,0.0,1.93,47.69,4.56,44.03,1.03
35.89,35.55,1.84,-3.92,52.06,6.27,33.59,1.38
77.74,38.27,1.19,-2.76,47.56,5.71,45.83,1.3
81.16,38.07,0.0,1.92,52.19,5.35,25.09,0.83
27.36,37.51,1.75,-3.36,47.98,5.01,31.63,1.43
82.32,37.5,0.0,2.2,49.01,5.88,44.49,1.47
50.61,45.06,1.12,-2.59,90.51,11.05,40.44,1.46
49.65,45.06,0.0,2.08,51.42,4.82,31.7,0.64
35.63,37.93,1.02,-2.28,49.56,4.5,37.38,3.37
84.4,37.57,1.83,-3.23,49.91,5.47,31.46,1.27
42.79,38.2,0.0,1.86,48.13,5.33,34.83,3.35
66.77,38.4,1.48,-3.26,51.25,5.05,26.03,0.0
65.14,38.07,1.63,-3.47,50.05,5.68,35.5,1.59
85.98,39.09,1.51,-3.26,50.58,5.65,44.31,1.41
76.08,37.5,0.0,1.89,89.15,11.37,37.23,1.38
76.61,37.2,0.0,2.01,47.98,6.21,27.09,3.76
34.51,38.04,0.0,2.37,48.09,5.61,28.86,3.45
87.28,37.34,0.0,2.11,74.88,7.39,42.96,0.53
25.62,38.76,0.0,1.93,102.92,11.67,26.39,0.69
46.32,37.51,1.46,-2.94,98.15,12.39,45.65,1.56
21.68,38.98,0.0,1.69,50.84,6.25,38.37,1.75
81.72,38.07,0.0,2.26,59.99,6.79,37.08,1.3
75.78,38.98,1.5,-3.3,56.97,6.85,41.8,1.53
61.1,38.07,1.51,-2.94,47.82,5.92,44.71,1.41
49.94,39.41,1.64,-3.37,50.05,6.0,30.35,1.39
79.87,38.98,1.39,-2.78,97.02,11.58,30.85,1.58
96.85,37.0,0.0,1.0,48.87,3.99,24.27,0.44
27.11,37.51,0.0,2.29,50.97,4.85,25.96,0.62
45.25,37.86,1.95,-3.88,52.88,6.05,30.69,1.49
72.95,44.43,0.0,1.99,51.56,7.18,36.21,0.0
25.46,57.25,0.0,2.13,51.38,6.11,30.12,1.04
22.63,39.25,1.46,-2.85,50.04,6.04,38.02,1.48
91.24,45.06,0.0,1.06,48.84,4.35,40.67,0.0
35.18,38.41,0.0,2.09,49.99,4.31,40.08,0.58
62.39,37.34,1.11,-2.24,48.2,5.79,27.94,0.0
97.42,44.43,0.0,1.05,47.46,4.75,31.45,1.15
22.93,38.76,1.72,-3.28,49.49,5.62,30.81,1.28
58.12,38.17,0.0,2.12,49.45,4.96,38.59,0.86
53.39,39.19,0.0,2.2,49.29,6.63,35.9,0.0
70.49,38.18,0.0,1.68,91.82,10.8,26.96,1.15
63.5,38.0,1.1,-2.62,49.28,4.65,31.03,0.99
36.08,38.98,1.25,-2.84,50.48,4.34,31.73,0.59
31.72,38.12,1.7,-3.55,79.12,9.61,34.86,1.67
88.07,93.4,0.64,-1.26,50.26,6.02,37.87,1.21
64.84,100.0,0.53,-1.21,49.83,5.3,36.92,1.48
50.13,37.51,0.0,1.9,48.72,5.08,44.71,1.15
51.22,37.51,0.0,1.76,47.87,5.87,34.25,3.71
46.12,37.68,0.0,1.87,49.59,4.43,25.6,0.53
95.78,37.51,0.0,1.0,49.53,5.57,37.94,1.72
95.59,36.9,0.0,1.07,54.22,7.02,31.97,1.64
95.85,39.19,0.0,0.92,50.3,5.41,45.28,1.56
51.47,37.25,1.65,-3.17,50.08,5.74,35.59,1.81
79.06,37.68,0.0,1.82,75.59,9.06,45.55,1.34
78.47,39.09,0.0,2.13,69.63,6.94,37.95,0.69
61.19,38.2,0.0,1.94,48.39,5.33,33.49,0.0
92.96,36.35,1.9,-3.79,78.08,9.42,36.31,1.78
90.43,38.03,0.0,1.23,48.88,6.07,40.33,1.47
71.5,38.05,0.0,1.92,50.59,6.27,37.54,1.78
52.29,39.86,0.0,1.61,48.28,5.82,27.26,1.72
55.45,39.19,0.0,2.06,49.29,6.37,32.42,3.91
53.0,38.27,0.0,2.33,50.15,5.59,34.93,1.1
91.43,39.81,0.0,1.54,50.16,6.04,38.87,1.51
31.21,38.68,0.0,2.01,48.27,5.62,45.22,1.37
46.79,45.6,0.0,2.18,78.23,9.58,33.79,1.57
88.51,39.85,0.0,1.99,50.02,4.37,41.67,0.46
89.13,37.51,0.0,2.1,47.44,3.89,25.9,0.75
18.75,39.57,1.53,-2.98,50.02,6.64,44.33,1.54
48.48,38.98,1.44,-3.09,50.51,5.48,41.45,1.36
87.4,39.19,0.0,1.9,50.21,7.23,34.49,4.22
23.29,39.09,0.0,1.96,49.22,5.15,27.34,1.04
49.02,38.2,0.0,2.07,49.13,6.6,35.02,4.22
83.47,38.12,1.08,-2.27,50.13,4.28,27.94,0.46
43.59,38.98,0.0,2.0,51.71,5.84,41.41,1.61
55.05,100.0,0.0,2.12,49.04,5.64,33.92,1.39
64.74,38.68,0.0,1.81,80.04,8.38,35.41,0.56
76.38,36.9,1.64,-3.52,84.36,10.4,46.22,1.67
51.66,36.27,0.0,1.87,48.75,5.1,28.21,0.0
26.75,38.09,1.42,-3.01,50.24,5.49,39.39,1.34
42.74,38.56,0.0,2.09,49.51,7.33,40.78,0.0
21.54,38.56,0.0,2.03,49.65,6.28,30.51,1.51
79.37,39.09,0.0,2.04,70.56,6.79,32.65,0.51
82.27,45.06,0.0,1.72,50.61,7.11,28.73,0.0
55.58,38.27,1.12,-2.62,48.11,3.92,37.42,0.66
55.7,36.27,0.0,2.14,46.95,5.39,34.63,3.82
75.74,100.0,0.57,-1.2,98.41,12.01,32.49,1.54
56.86,38.03,1.92,-3.81,50.49,6.23,34.97,1.76
69.54,100.0,0.54,-1.1,48.29,5.28,33.99,1.38
32.36,38.98,1.27,-2.44,50.1,4.5,41.71,2.59
20.33,37.63,0.0,2.29,50.39,5.88,45.38,1.53
94.6,38.97,0.0,0.85,64.6,7.37,31.33,1.69
59.27,39.0,0.0,1.92,50.63,6.25,41.29,1.67
91.57,45.6,0.0,0.95,50.11,5.55,39.64,1.53
41.76,100.0,0.56,-1.12,51.03,5.94,27.59,1.75
53.66,100.0,0.68,-1.33,78.41,9.32,39.43,1.36
72.38,37.25,1.74,-3.58,51.98,6.55,43.39,1.3
80.92,38.12,0.0,2.15,47.58,5.1,36.3,1.23
93.47,39.25,0.0,0.96,71.01,8.37,38.9,1.52
69.59,38.68,1.31,-2.92,50.42,4.62,27.38,0.62
54.11,36.9,0.0,1.81,48.64,6.14,39.57,4.12
89.63,39.25,0.0,2.25,59.6,6.33,42.12,1.26
27.74,37.68,1.47,-3.22,46.94,6.58,41.93,3.97
25.69,37.15,1.72,-3.08,48.94,5.98,43.81,3.8
35.77,38.11,0.0,2.1,48.69,4.27,32.3,0.86
97.89,37.15,0.0,0.92,98.54,11.01,25.27,0.52
70.02,39.35,0.0,1.94,49.58,6.17,27.01,1.47
44.09,39.09,1.31,-2.73,49.06,5.42,43.48,1.38
22.99,38.07,0.0,1.9,48.73,6.36,32.89,3.97
95.65,38.37,1.31,-0.89,48.75,4.08,31.62,0.7
91.22,38.68,1.57,-3.14,48.9,5.74,42.56,1.57
82.69,37.5,1.57,-3.38,50.9,6.3,32.99,1.68
80.44,37.4,0.0,2.06,51.51,6.17,41.93,1.63
77.56,38.03,0.0,2.01,50.24,5.98,27.5,1.81
49.61,45.6,0.0,1.97,83.59,10.77,46.94,1.82
41.6,38.68,0.0,1.94,50.7,5.28,43.24,1.54
71.22,38.24,0.0,1.98,48.96,6.1,45.44,0.0
41.2,37.68,1.65,-3.54,51.79,5.89,37.78,1.27
90.75,37.57,1.85,-3.42,48.98,5.77,34.24,1.49
94.78,37.98,1.31,-2.4,48.21,4.61,32.44,1.35
58.51,38.5,0.0,1.9,49.09,5.46,43.96,1.36
52.64,73.99,0.9,-1.64,50.6,6.26,39.21,1.66
95.6,40.95,1.27,-0.86,49.22,6.06,29.74,1.62
34.5,37.99,1.27,-2.8,78.89,8.23,31.93,0.67
91.26,37.5,0.0,0.96,73.82,8.76,27.38,1.44
78.78,36.35,0.0,2.0,47.67,4.85,25.86,0.91
20.28,100.0,0.0,0.26,50.21,6.75,41.25,4.23
42.76,36.35,1.66,-3.33,47.41,5.04,34.93,1.17
61.22,38.38,0.0,1.73,48.83,5.46,34.62,1.55
72.43,45.06,0.0,2.19,48.82,5.01,30.28,3.65
79.95,38.98,1.33,-2.84,48.25,5.57,39.25,1.49
54.68,38.07,1.54,-3.17,49.26,5.78,42.37,1.68
42.68,38.98,0.0,1.87,80.82,10.0,45.36,1.55
97.06,36.64,0.0,1.01,48.61,4.27,27.81,0.38
48.21,100.0,0.57,-1.12,91.8,10.59,43.41,1.26
39.14,37.2,0.0,1.94,51.05,5.68,31.71,1.63
76.24,38.76,0.0,1.78,48.52,6.37,43.51,0.0
51.54,37.15,1.52,-3.04,50.19,6.89,33.74,0.0
38.88,38.56,0.0,1.99,49.05,5.51,36.6,1.45
23.96,37.2,1.83,-3.51,51.11,6.86,44.78,1.8
79.24,38.07,0.0,2.29,52.09,6.09,38.71,1.36
21.56,38.76,0.0,1.85,97.53,12.27,26.7,1.36
60.31,38.08,0.0,2.16,50.74,6.33,27.27,1.67
51.8,39.3,0.0,1.81,49.66,4.61,38.44,0.55
86.06,36.9,1.93,-3.73,49.78,5.94,34.5,1.52
90.69,37.68,0.0,1.71,91.32,11.47,42.59,1.46
49.53,36.35,1.29,-3.01,48.95,4.04,30.09,0.46
21.82,39.19,0.0,2.01,89.09,10.92,34.23,1.32
89.88,37.2,0.0,2.05,49.87,5.39,37.88,1.51
66.28,38.08,0.0,1.95,48.29,3.69,42.28,0.88
80.34,37.51,0.0,1.93,49.8,5.87,32.21,1.72
96.17,38.24,0.0,0.91,56.1,5.58,37.43,0.88
43.71,37.5,0.0,1.84,49.5,4.48,33.49,0.67
75.34,38.27,0.0,2.0,57.03,5.84,28.04,0.75
95.39,37.2,0.0,1.06,49.83,6.07,30.07,1.58
69.26,45.06,1.56,-2.97,69.61,8.1,39.52,1.01
22.28,39.79,0.0,2.01,52.4,6.4,37.83,1.11
33.36,37.68,0.0,2.07,48.12,5.33,44.59,1.48
36.86,38.18,0.0,2.11,50.48,5.85,36.14,1.75
92.98,38.07,0.0,1.0,49.44,4.34,37.89,0.55
58.08,37.65,1.53,-3.1,48.45,6.01,29.02,1.67
58.49,39.09,1.66,-3.33,51.01,6.17,39.11,1.79
53.23,38.75,0.0,2.29,50.1,5.38,36.17,1.27
96.94,37.9,0.0,1.12,48.67,3.65,31.2,0.4
47.46,36.9,1.51,-3.21,82.01,9.85,30.9,1.19
96.77,38.38,0.0,1.08,48.15,5.53,41.42,1.45
67.88,38.07,1.75,-3.54,49.4,6.39,39.01,0.0
63.02,39.09,1.68,-3.27,49.18,6.74,39.2,3.22
52.83,38.37,1.52,-2.85,50.5,6.08,33.4,1.24
48.85,38.24,0.0,2.11,47.88,6.01,30.56,0.0
50.88,38.68,0.0,2.08,48.98,7.03,28.21,4.35
95.17,37.5,1.71,-3.19,48.78,5.02,37.45,1.14
95.0,38.98,0.0,0.94,70.36,8.58,40.99,1.58
92.96,38.04,0.0,0.87,75.4,9.11,45.4,1.37
91.34,37.2,0.0,0.88,70.56,8.81,29.0,1.86
28.51,38.98,0.0,1.9,49.52,4.11,32.81,0.45
20.67,39.3,0.0,1.85,52.77,5.13,38.52,0.84
88.0,39.09,0.0,1.94,84.11,10.04,33.99,1.58
66.07,38.03,0.0,1.96,54.95,4.81,37.79,1.0
33.97,38.27,0.0,2.21,51.26,5.43,28.45,2.97
90.77,37.2,0.0,1.93,47.37,4.28,31.18,0.88
27.53,38.12,0.0,1.92,103.15,12.57,26.4,1.25
95.42,38.27,1.59,-3.05,48.5,5.73,29.27,1.46
94.33,37.15,0.0,1.07,50.55,6.37,31.43,1.67
79.09,38.03,1.62,-3.02,50.23,6.82,37.72,4.33
41.92,37.5,0.0,1.92,50.94,5.95,30.99,2.53
85.77,37.95,0.0,1.85,52.23,5.51,36.33,3.78
26.81,36.9,1.85,-3.34,100.09,13.54,35.8,1.7
19.42,39.21,1.44,-2.61,48.87,5.46,34.17,0.0
39.76,39.81,0.0,1.65,49.37,4.73,29.54,0.0
93.45,37.77,0.0,1.04,50.9,5.57,28.03,1.67
42.93,38.04,0.0,1.94,50.11,5.33,31.53,1.1
37.42,38.98,0.0,2.12,49.93,5.6,34.9,1.51
46.57,39.51,1.4,-2.8,47.37,4.79,33.56,1.27
65.83,37.5,0.0,2.04,103.18,13.15,39.3,1.45
96.45,38.07,0.0,1.12,48.84,6.63,27.35,3.32
77.88,37.34,0.0,1.99,63.19,7.81,38.47,1.48
62.1,39.3,0.0,1.93,51.77,4.42,35.72,0.67
64.07,39.33,0.0,2.05,47.28,4.72,25.95,1.26
92.28,38.65,0.0,0.95,97.86,11.28,38.26,0.84
80.62,36.62,1.75,-3.36,49.66,6.34,32.64,1.77
92.44,38.04,0.0,1.08,48.19,5.69,28.95,1.34
78.85,37.2,1.07,-2.47,75.9,9.04,42.15,0.52
95.61,36.72,0.0,0.92,50.52,6.09,33.21,1.54
54.22,37.34,1.87,-3.46,48.83,6.27,43.0,0.0
61.2,38.17,1.47,-2.51,48.52,5.21,33.47,1.37
87.21,37.11,1.21,-2.74,47.83,4.36,25.17,1.05
84.25,38.24,0.0,1.99,51.31,5.6,29.67,2.43
93.53,37.2,0.0,1.11,77.63,9.33,31.59,1.6
35.13,37.76,1.64,-3.34,48.33,5.36,37.04,1.63
76.47,36.27,0.0,1.82,48.17,5.39,43.24,1.57
24.37,37.86,0.0,1.97,88.08,11.61,36.24,1.63
56.19,38.04,0.0,2.15,56.21,6.5,43.03,1.38
71.93,36.27,1.98,-3.47,78.23,9.82,43.27,1.8
54.95,38.56,0.0,2.3,47.0,5.82,27.48,4.05
92.68,38.97,1.42,-3.0,78.39,9.11,46.08,1.39
29.93,39.19,0.0,1.91,98.75,10.88,25.44,0.82
50.27,37.51,0.0,1.73,48.44,5.06,44.65,0.0
73.79,36.27,0.0,1.8,48.02,4.85,27.47,1.35
81.32,39.19,0.0,1.89,49.69,6.82,34.78,3.9
24.03,100.0,0.62,-1.14,48.94,6.9,30.73,0.0
65.35,36.27,1.5,-3.1,84.31,8.67,39.16,0.63
28.64,37.5,1.34,-2.94,46.99,5.99,43.24,0.0
33.56,38.54,0.0,1.97,48.1,5.97,37.52,1.57
88.14,36.9,1.85,-3.48,70.63,8.48,38.45,1.45
32.31,37.5,0.0,1.8,49.71,6.18,34.79,3.9
86.92,38.8,1.77,-3.48,48.34,6.14,27.66,1.79
55.81,38.56,1.2,-2.6,66.18,7.35,35.52,1.07
44.6,37.68,1.82,-3.34,49.78,6.61,33.0,4.31
43.01,39.19,1.48,-2.97,59.69,7.51,29.57,1.72
50.42,39.08,0.0,2.29,48.61,6.16,44.76,1.42
81.21,38.07,0.0,2.03,47.35,5.42,27.45,1.4
92.92,100.0,0.55,-1.26,49.73,5.27,33.75,1.51
90.9,38.76,0.0,1.48,47.8,4.19,35.81,0.92
40.77,37.5,0.0,1.99,50.19,5.54,45.85,1.51
87.63,38.2,0.0,1.77,49.99,6.19,38.14,1.68
38.18,38.08,0.0,2.09,50.16,7.29,39.26,3.57
93.48,37.93,1.39,-2.56,47.74,5.02,34.65,1.24
90.5,38.04,0.0,2.19,67.74,7.44,45.04,1.05
38.14,38.24,0.0,2.07,50.36,5.84,33.87,1.75
93.34,36.62,1.52,-2.99,48.24,6.33,35.42,3.74
98.24,38.03,0.0,0.96,49.55,4.78,27.07,2.82
26.12,38.27,1.57,-3.02,51.81,5.16,43.02,2.1
55.8,45.06,1.56,-2.82,83.86,10.24,34.87,1.4
54.3,39.9,0.0,1.95,48.56,5.96,31.0,1.65
97.25,37.24,1.1,-0.62,48.73,4.1,24.32,0.35
63.87,100.0,0.0,1.69,52.71,5.4,31.53,0.95
50.6,38.11,0.0,2.14,47.51,5.61,36.79,3.65
49.17,38.04,0.0,1.97,47.75,4.58,30.54,1.3
26.11,39.09,0.0,1.9,50.1,6.39,31.67,0.0
44.61,38.56,1.58,-3.27,77.74,9.96,32.12,1.75
95.67,35.55,0.0,1.08,48.25,6.89,45.28,3.66
60.8,37.95,0.0,1.89,49.83,6.14,35.09,1.26
29.96,36.9,0.0,1.89,47.49,4.82,40.76,1.25
72.34,38.24,0.0,2.08,49.14,6.53,36.02,0.0
25.36,84.99,0.63,-1.14,50.04,4.56,28.33,0.53
27.19,39.81,0.0,2.13,49.59,6.29,41.68,1.41
57.0,37.5,0.0,2.09,63.89,7.63,42.81,1.36
95.18,36.35,0.0,1.11,62.54,7.47,40.88,1.64
90.21,44.43,0.0,2.25,50.33,6.8,28.1,4.18
18.78,38.98,1.46,-3.1,50.12,6.33,42.66,1.29
26.66,39.21,0.0,2.15,50.02,6.8,28.68,3.15
60.72,39.19,1.49,-2.69,87.44,10.4,40.52,1.16
95.46,37.5,0.0,0.89,52.48,6.8,40.88,1.99
67.35,100.0,0.52,-1.14,48.94,5.65,34.46,1.51
39.99,37.51,1.24,-2.61,104.36,11.62,26.46,0.64
46.33,38.12,1.44,-2.92,47.79,5.55,34.19,1.35
97.97,39.19,0.0,1.04,50.28,6.7,41.05,0.0
38.44,38.12,1.72,-3.1,72.88,8.55,32.35,1.49
84.99,38.19,1.67,-3.35,48.59,5.39,41.79,1.43
30.49,39.09,1.87,-3.71,51.53,6.22,27.6,3.71
35.27,37.94,0.0,1.8,51.7,6.09,35.93,1.67
68.48,39.09,0.0,1.65,48.1,5.07,43.26,1.16
91.74,38.07,1.67,-3.13,50.34,6.91,38.26,4.04
66.0,37.51,0.0,1.96,76.46,8.27,31.86,0.73
67.91,38.56,0.0,2.13,51.78,6.77,38.49,0.0
70.87,37.2,1.3,-2.43,49.43,4.38,24.99,0.98
37.88,38.98,1.29,-2.75,93.31,10.99,31.17,0.84
62.13,35.55,0.0,2.11,49.53,5.72,38.28,1.55
98.06,37.2,0.0,1.07,87.95,11.05,26.79,1.55
32.47,100.0,0.65,-1.2,49.77,5.35,30.49,1.48
33.96,45.6,0.0,2.15,61.16,6.54,43.46,1.12
67.12,38.76,1.2,-2.43,102.66,11.29,24.86,0.5
28.03,38.55,1.44,-3.22,51.02,5.3,38.57,1.49
48.36,39.09,0.0,1.67,81.33,9.74,27.84,1.43
20.15,37.58,1.42,-2.8,51.76,5.17,43.71,0.58
83.52,37.5,1.64,-3.13,54.99,6.67,44.42,1.5
65.3,37.5,0.0,1.94,49.3,4.5,26.42,0.99
27.59,44.43,1.22,-2.63,54.13,6.51,31.29,1.73
62.36,38.68,0.0,1.95,51.45,5.69,44.75,1.27
86.08,38.98,0.0,1.98,51.05,5.15,27.17,0.91
79.18,37.15,1.6,-3.41,50.7,5.5,37.84,1.59
25.38,39.39,0.0,2.07,50.49,5.93,37.17,1.64
62.46,37.15,1.58,-2.79,48.6,6.46,26.14,3.09
62.12,39.5,0.0,1.95,51.14,6.46,38.25,1.86
96.87,37.95,0.0,0.82,50.98,5.69,33.96,2.14
60.68,38.04,1.86,-3.32,48.77,5.65,27.71,1.58
81.08,39.29,1.3,-2.63,49.68,6.15,38.69,1.57
50.99,37.51,1.64,-3.3,92.39,11.78,32.37,1.71
30.88,37.37,1.48,-2.99,46.09,5.88,40.83,1.79
58.71,36.62,0.0,2.0,48.48,4.8,27.17,0.71
71.93,38.2,0.0,2.0,51.12,7.3,34.08,0.0
69.25,37.5,1.26,-2.58,68.11,7.17,37.06,1.03
43.45,38.18,0.0,1.99,54.91,5.49,38.89,0.88
26.54,38.76,0.0,1.79,103.96,11.35,29.69,0.51
85.31,39.81,0.0,2.08,47.82,5.46,45.09,1.26
97.15,38.24,0.0,0.99,58.47,5.38,38.5,0.55
67.17,38.98,0.0,2.08,51.28,6.16,31.89,2.48
84.22,35.55,1.51,-2.74,49.19,4.13,40.37,0.5
93.41,38.1,0.0,0.83,50.62,5.99,41.9,1.39
74.21,39.09,0.0,2.31,50.48,6.07,28.31,1.63
38.72,37.86,1.92,-3.52,60.2,7.46,43.46,1.52
59.15,37.51,0.0,2.15,51.19,6.68,34.28,1.94
96.0,38.27,0.0,0.87,95.29,11.25,27.03,1.19
38.62,38.98,0.0,2.01,50.64,6.66,32.6,4.5
59.25,38.65,0.0,2.29,48.93,3.88,34.7,0.75
91.82,38.56,0.0,0.81,48.34,3.61,25.66,0.88
49.61,36.63,0.0,2.17,47.16,5.37,27.22,1.3
83.33,100.0,0.53,-0.93,76.78,7.42,27.17,0.75
96.35,38.07,0.0,0.92,50.19,5.29,23.52,2.35
86.09,100.0,0.0,2.17,85.87,8.82,28.29,0.39
33.01,38.75,1.71,-3.27,56.43,6.29,41.05,1.37
45.66,38.98,0.0,1.93,85.57,10.08,41.09,1.15
65.92,38.56,0.0,1.8,47.73,4.32,32.06,0.85
29.68,37.68,1.25,-2.93,48.15,6.09,27.99,0.0
20.67,37.86,1.71,-3.19,75.58,9.34,44.06,1.55
90.94,38.04,0.0,1.99,47.2,5.1,41.4,1.46
75.68,37.5,0.0,1.97,50.25,5.41,34.71,1.35
33.38,37.99,0.0,1.88,49.19,4.71,26.05,1.12
61.45,38.68,1.68,-3.21,89.15,10.97,37.54,1.41
38.93,37.34,0.0,2.38,49.95,5.65,36.71,1.35
66.68,100.0,0.67,-1.2,48.86,5.47,42.63,1.43
65.95,38.33,0.0,2.15,48.3,5.85,44.47,1.5
60.78,37.2,0.0,1.74,49.69,4.14,30.48,0.44
65.59,38.65,0.0,1.81,53.66,6.19,30.67,1.36
80.1,37.2,1.76,-3.43,50.15,6.06,30.56,1.73
66.13,38.98,0.0,1.94,51.36,6.26,26.14,2.63
73.64,38.65,0.0,1.8,66.18,7.93,33.59,1.11
72.54,38.18,0.0,2.06,94.82,11.47,34.55,1.31
32.53,38.76,1.24,-2.27,77.47,9.17,28.31,1.39
29.79,37.2,0.0,1.9,50.72,6.21,39.26,1.62
88.05,38.24,0.0,1.76,48.9,4.74,44.44,1.01
70.82,38.56,0.0,2.01,50.81,5.36,28.71,3.76
50.13,38.04,0.0,1.99,47.37,5.73,27.85,1.43
91.95,36.88,0.0,1.01,48.78,5.92,42.05,1.45
88.29,38.65,1.61,-3.15,50.54,5.73,33.94,1.48
68.95,37.5,0.0,1.9,78.55,8.94,30.13,0.95
32.52,38.27,1.88,-3.66,52.41,7.5,37.94,0.07
78.25,35.95,1.14,-2.43,49.77,3.88,36.07,0.5
79.09,37.15,0.0,2.11,59.5,7.1,29.02,1.47
96.57,38.04,0.0,1.0,51.06,5.98,41.82,1.7
87.35,38.4,1.53,-3.22,49.33,6.53,31.43,0.0
75.55,36.62,1.59,-3.14,49.85,4.52,25.26,0.79
75.34,38.04,0.0,2.04,48.38,5.6,27.01,1.43
76.07,39.09,0.0,1.86,50.83,6.07,36.35,1.17
49.21,39.19,0.0,2.1,49.35,3.81,44.33,0.97
59.35,38.98,1.55,-2.98,56.89,6.22,36.7,1.39
95.58,38.04,0.0,0.99,50.34,6.0,32.04,1.65
61.21,37.97,1.69,-3.23,48.9,5.97,43.11,1.74
37.73,35.55,2.08,-3.98,51.83,6.24,34.53,1.79
69.43,38.98,1.79,-3.26,63.27,7.89,34.82,1.15
77.19,37.5,1.65,-3.6,51.91,5.04,26.94,0.92
54.44,38.34,0.0,2.1,48.12,5.92,42.45,1.65
35.13,37.5,1.75,-3.43,51.12,5.01,32.64,0.7
91.38,39.19,1.28,-2.54,49.6,5.3,41.84,0.0
31.29,37.68,0.0,1.87,47.42,5.11,43.4,1.29
49.37,39.09,1.26,-2.57,50.02,5.2,32.04,0.0
52.81,38.03,1.6,-3.27,49.16,6.08,30.89,1.54
58.97,37.2,0.0,2.0,47.5,4.69,30.6,0.0
27.96,37.34,1.43,-2.93,47.63,6.86,43.2,0.0
85.1,38.12,0.0,2.04,48.8,5.83,32.4,1.56
48.14,38.04,0.0,1.91,48.59,4.13,31.77,0.96
53.11,37.2,1.47,-2.97,49.86,6.88,42.3,4.14
68.3,38.76,0.0,1.91,49.57,4.48,30.26,0.57
71.43,37.2,1.86,-3.82,50.94,5.88,28.46,1.03
37.76,38.07,1.69,-3.27,50.29,6.31,35.98,0.0
75.78,38.97,0.0,2.28,48.65,5.68,29.08,1.74
31.95,44.43,0.0,2.01,83.73,10.33,33.11,1.49
64.59,37.51,1.52,-2.9,49.46,4.37,40.47,0.79
64.03,38.76,1.22,-2.52,48.14,4.64,38.87,0.94
90.07,38.23,0.0,1.42,49.69,5.61,34.01,1.56
58.13,37.81,0.0,2.05,49.15,6.31,43.53,1.64
26.44,39.9,1.63,-3.04,61.86,8.03,46.13,1.48
91.77,37.95,0.0,0.87,50.16,6.44,36.48,0.0
75.44,38.76,0.0,2.02,48.45,5.71,31.93,1.42
65.42,39.25,1.44,-2.83,48.94,5.28,38.08,1.53
62.73,38.03,0.0,2.08,50.69,4.72,24.95,0.82
41.03,38.28,1.41,-2.93,51.52,5.05,28.57,0.92
95.17,36.26,1.83,-1.34,50.83,4.99,33.1,0.67
56.06,38.14,0.0,1.83,49.95,6.18,34.2,1.77
63.0,37.5,1.82,-3.52,74.54,8.55,34.81,1.26
42.95,37.91,1.7,-3.57,48.69,6.72,28.06,3.96
49.66,38.15,1.45,-3.24,50.01,6.72,42.29,0.0
46.11,37.91,1.74,-3.3,50.96,6.07,37.13,1.73
54.85,38.03,1.95,-3.48,50.31,6.85,42.51,0.0
74.34,39.74,0.0,1.97,49.73,6.32,44.35,1.82
70.26,38.24,0.0,1.98,44.18,5.88,41.88,0.0
79.95,38.08,0.0,2.1,60.49,7.06,45.42,1.59
21.44,39.81,0.0,2.14,49.13,4.78,26.86,0.97
92.16,37.5,0.0,1.0,49.22,5.8,45.13,1.73
33.35,38.76,1.51,-2.73,48.56,5.67,41.67,3.91
57.48,100.0,0.66,-1.23,48.52,6.54,35.49,0.02
66.02,37.15,0.0,2.0,49.18,4.17,30.12,0.48
54.29,38.03,0.0,1.7,50.07,6.44,33.5,1.8
31.25,37.2,0.0,2.03,49.56,7.19,32.03,4.05
55.7,37.93,1.61,-3.08,48.08,6.53,39.78,0.0
67.97,37.57,1.18,-2.47,49.04,4.57,24.17,2.62
93.64,38.24,0.0,1.04,50.82,5.85,38.75,1.5
53.86,39.33,1.4,-2.77,50.24,5.59,31.71,1.18
58.97,38.03,0.0,2.17,86.56,11.85,34.43,1.66
98.25,39.19,0.0,1.04,51.05,4.36,35.16,0.73
84.23,38.12,0.0,2.36,48.28,5.96,40.34,1.39
63.74,39.25,1.68,-3.11,49.36,6.07,29.61,1.64
94.55,37.5,0.0,0.9,52.37,5.97,35.14,1.21
47.58,37.97,0.0,2.04,47.0,5.89,42.93,1.36
60.43,39.47,1.74,-3.49,49.96,5.46,36.41,1.34
21.59,37.68,1.73,-3.21,47.88,7.1,29.86,3.75
35.61,37.2,1.24,-2.74,48.6,6.23,27.97,3.37
94.91,37.51,1.11,-2.23,48.2,4.06,42.34,1.01
35.22,39.77,0.0,1.98,49.77,5.94,29.72,1.75
33.29,38.03,0.0,1.98,49.99,5.71,32.23,1.64
68.01,37.96,1.83,-3.31,51.35,5.02,41.61,0.97
90.11,38.09,0.0,2.07,50.07,5.78,44.42,1.53
84.48,37.15,1.7,-3.61,49.65,6.15,33.83,1.58
91.83,39.68,1.07,-2.6,46.83,4.18,31.79,1.12
90.34,38.07,0.0,1.99,75.71,8.88,31.86,1.53
58.94,37.5,0.0,2.15,89.23,11.53,41.6,1.47
69.93,38.07,1.35,-2.57,47.69,4.6,35.94,0.94
90.93,38.65,0.0,1.44,93.24,11.61,32.26,1.37
93.93,39.19,0.0,1.06,48.39,6.43,35.99,0.0
76.0,38.76,0.0,1.81,49.75,6.43,35.7,3.33
78.59,36.27,0.0,1.92,49.5,6.11,44.18,1.75
61.83,100.0,0.56,-1.22,51.01,4.48,41.22,0.7
33.08,38.03,1.65,-3.33,48.67,5.29,38.62,1.33
90.29,37.34,0.0,2.12,77.42,8.75,41.65,1.01
74.2,37.51,0.0,2.0,85.98,10.69,40.01,1.26
26.06,39.33,1.63,-3.03,55.54,6.2,44.13,1.35
81.02,38.97,0.0,2.07,50.74,5.53,39.45,1.11
22.66,38.12,0.0,2.05,95.32,11.76,36.1,1.19
41.66,38.07,0.0,2.18,47.4,5.28,34.97,1.52
46.75,37.15,1.66,-3.29,50.99,6.41,34.75,4.08
74.88,39.25,0.0,2.25,49.41,5.22,39.51,1.58
60.15,39.09,1.66,-3.06,50.46,6.36,41.83,1.65
48.87,39.81,0.0,1.75,49.46,5.94,30.1,0.0
79.3,38.04,0.0,1.97,52.58,6.73,27.73,1.69
55.01,38.09,1.85,-3.64,50.36,6.73,42.08,0.0
96.03,37.93,0.0,1.09,50.03,5.38,27.78,1.66
23.11,45.6,0.99,-2.23,50.76,4.94,40.7,0.64
27.45,37.9,0.0,1.92,50.56,6.27,28.23,1.73
53.7,36.14,1.67,-2.98,48.49,5.16,26.27,1.25
38.76,38.45,1.17,-2.51,49.12,3.73,41.02,0.5
86.29,38.24,0.0,2.04,49.81,3.79,32.83,0.79
44.75,38.79,1.12,-2.55,46.72,4.85,40.89,1.08
82.25,38.27,0.0,2.05,65.62,8.16,41.32,1.79
63.87,37.34,0.0,2.04,50.82,5.61,26.47,0.89
76.17,37.51,0.0,2.13,48.46,5.35,33.69,1.48
92.31,38.98,1.25,-2.66,84.16,8.99,34.22,0.45
24.83,36.35,0.0,2.09,49.22,5.95,44.41,3.0
73.91,36.27,1.49,-3.37,76.69,9.54,39.78,1.72
86.1,39.36,0.0,1.94,51.82,5.06,24.65,0.86
44.89,39.03,1.81,-3.17,50.32,5.69,40.84,1.41
93.64,38.68,0.0,0.95,51.51,6.11,27.61,1.7
66.49,38.08,1.58,-2.83,76.31,8.76,35.29,1.21
94.47,36.85,0.0,0.88,49.4,5.92,36.0,1.32
26.47,37.68,0.0,1.83,50.66,5.54,39.66,3.34
52.93,38.24,1.52,-3.07,50.71,6.1,41.22,1.78
37.73,37.68,1.12,-2.29,44.6,4.8,30.47,0.0
96.49,38.98,0.0,1.02,74.76,9.02,28.2,1.73
95.25,39.25,1.65,-1.16,51.31,5.25,29.31,0.89
55.2,80.45,0.83,-1.54,49.02,5.75,43.62,1.57
95.79,38.76,1.44,-2.59,47.53,4.72,23.89,0.0
72.63,100.0,0.55,-1.22,100.7,11.4,25.13,0.7
37.57,39.09,0.0,2.04,66.23,7.41,29.55,1.1
57.25,38.08,0.0,1.66,78.72,9.85,28.73,1.55
46.59,38.46,0.0,2.12,49.48,5.97,39.08,1.64
18.93,37.68,1.67,-3.22,50.82,7.66,39.23,0.0
71.12,39.95,0.0,1.98,48.77,5.07,32.43,1.33
30.71,37.2,1.69,-3.49,48.69,6.41,38.58,0.0
29.65,39.88,0.0,1.93,47.68,4.79,31.8,1.04
46.14,38.07,0.0,1.82,52.55,5.98,31.4,1.45
50.99,38.89,0.0,1.79,47.69,5.15,31.38,1.44
57.13,38.98,0.0,1.75,99.59,12.84,43.08,1.58
79.39,36.02,1.29,-2.57,50.32,4.44,36.4,0.55
38.93,100.0,0.52,-1.07,50.01,4.64,36.86,0.58
41.26,37.68,0.0,1.81,50.69,6.06,27.76,1.52
50.55,38.12,1.12,-2.24,49.97,4.16,31.57,0.47
51.18,37.5,1.42,-2.97,49.24,5.88,32.09,0.0
19.57,37.15,1.66,-3.19,50.95,7.59,26.43,3.4
22.47,38.53,0.0,2.08,48.93,5.0,42.59,1.2
89.94,38.03,0.0,1.87,50.07,6.64,46.46,3.63
78.42,38.03,0.0,2.26,51.23,5.82,42.85,1.66
68.5,38.12,1.28,-2.78,47.4,5.43,39.67,1.3
70.23,100.0,0.51,-0.92,48.05,5.55,32.39,1.21
78.95,38.97,0.0,2.12,49.76,6.1,36.17,1.47
40.55,38.09,1.3,-2.97,48.62,5.45,33.77,1.24
20.68,39.19,1.45,-3.14,81.32,10.4,27.53,1.56
93.78,38.4,0.0,1.06,49.88,6.29,31.63,1.81
21.47,36.39,1.82,-3.64,51.71,5.7,41.87,0.85
56.2,36.9,0.0,2.09,48.91,7.03,45.08,0.0
22.03,36.9,0.0,2.12,51.91,6.14,32.84,1.65
18.76,38.87,0.0,1.91,52.15,5.95,34.12,1.61
58.79,39.3,1.64,-3.38,50.02,5.14,43.9,1.33
61.23,37.51,0.0,2.08,51.95,7.17,31.68,4.5
84.87,38.39,1.55,-3.29,49.78,5.61,27.96,1.77
57.31,38.75,0.0,2.15,49.19,5.31,46.32,1.5
74.23,38.15,1.42,-2.51,50.15,4.07,33.56,0.59
52.57,38.97,1.87,-3.43,49.55,6.29,34.3,1.65
88.74,38.98,1.19,-2.28,86.91,10.06,36.34,1.29
63.61,39.32,1.58,-2.93,50.06,5.86,45.85,1.61
49.14,38.58,1.48,-2.9,48.48,4.67,44.69,1.08
65.39,36.51,1.65,-3.3,48.12,5.18,39.39,1.19
37.02,39.9,0.0,1.9,93.21,11.74,40.11,1.62
40.47,36.9,1.87,-3.63,49.46,5.85,38.37,1.52
42.04,37.99,1.4,-3.05,72.04,8.69,35.36,1.44
35.02,39.34,0.0,2.25,48.74,3.67,30.99,0.77
38.04,37.14,0.0,1.77,50.24,5.58,45.9,1.67
41.74,100.0,0.7,-1.34,50.95,7.55,27.46,0.0
27.95,37.51,1.41,-2.61,47.83,6.16,28.87,4.1
55.09,37.2,0.0,1.87,48.35,6.89,45.37,4.5
60.04,37.51,0.0,2.22,49.44,6.74,35.12,0.0
44.24,44.43,1.1,-2.54,50.96,4.16,37.21,0.56
61.45,38.49,0.0,1.9,50.22,5.92,40.47,1.41
56.79,38.18,0.0,1.8,71.93,9.15,28.72,1.59
56.55,38.68,0.0,2.17,66.18,8.26,33.49,1.41
21.26,38.45,0.0,1.99,52.28,6.12,45.62,1.54
96.3,39.19,0.0,0.9,50.11,5.77,42.84,1.68
35.4,39.19,1.64,-3.09,67.69,6.79,27.77,0.73
67.92,45.06,1.34,-2.9,70.93,7.18,41.99,0.81
28.64,37.15,0.0,1.73,50.12,3.88,23.62,0.42
36.08,38.08,0.0,1.93,49.93,6.45,34.58,0.0
28.98,37.51,0.0,1.84,49.64,4.97,34.16,0.0
80.66,38.76,1.76,-3.22,88.0,11.42,34.39,1.72
64.22,38.98,0.0,2.0,51.4,6.09,45.23,1.8
92.19,37.93,1.28,-2.67,47.75,5.42,41.11,1.5
81.27,36.62,0.0,1.88,48.65,4.35,27.4,2.89
93.05,38.03,0.0,1.14,49.9,6.86,30.4,3.98
20.39,39.81,0.0,-0.38,49.48,4.51,27.13,0.7
79.6,39.19,1.64,-3.14,49.14,6.17,35.91,1.7
90.72,37.5,0.0,1.48,72.6,8.51,29.03,1.4
52.28,37.2,0.0,1.86,47.89,6.6,42.11,0.0
85.33,38.68,1.66,-3.43,66.87,7.68,40.31,1.25
72.24,45.06,1.45,-2.96,66.2,8.48,29.41,1.65
96.12,37.51,0.0,0.94,50.17,5.65,26.44,1.47
32.78,38.98,1.05,-2.51,96.36,10.31,37.97,0.97
66.98,38.03,0.0,1.98,55.93,5.73,27.19,1.27
87.18,38.04,0.0,1.99,64.64,6.31,40.49,0.42
67.72,38.04,0.0,2.2,73.29,7.01,24.91,0.41
72.71,37.2,0.0,2.02,49.33,5.56,42.68,1.42
97.19,38.04,1.2,-0.63,94.29,10.11,28.98,0.4
66.9,38.07,1.59,-3.03,47.07,5.05,36.19,1.29
53.91,38.07,0.0,1.94,65.92,6.89,31.78,0.69
64.19,39.09,0.0,2.05,47.76,5.52,38.78,1.37
42.94,39.21,0.0,2.07,48.09,5.36,44.13,1.19
60.68,36.62,0.0,1.97,47.85,3.69,29.24,0.35
75.19,45.06,1.44,-3.05,62.73,7.39,44.19,1.81
29.94,44.43,0.0,2.0,79.89,9.72,45.03,1.65
23.08,37.91,1.17,-2.44,47.85,4.38,43.11,0.82
93.91,37.2,1.41,-2.89,70.15,8.42,38.29,1.37
41.39,36.27,1.5,-3.48,51.31,6.15,32.23,1.56
50.63,38.79,1.42,-2.54,48.7,3.89,38.28,0.93
88.24,38.24,1.31,-3.07,69.94,8.66,35.67,1.59
54.25,38.04,1.64,-3.07,49.49,5.59,44.62,1.68
32.45,38.98,1.08,-2.49,85.6,8.64,28.16,0.67
98.06,36.62,0.0,1.14,46.99,6.29,39.33,0.0
96.36,38.09,0.0,0.95,47.78,4.4,38.09,1.03
67.63,38.03,0.0,2.05,47.75,5.35,37.72,1.37
42.89,36.27,1.98,-3.56,104.68,13.12,42.96,1.6
41.84,38.03,1.42,-2.87,50.37,4.87,32.32,0.8
45.51,45.06,0.0,1.65,51.24,6.03,37.86,1.89
63.04,100.0,0.7,-1.37,51.3,6.14,32.03,1.17
79.5,37.91,1.39,-2.86,48.44,6.29,38.87,0.0
94.84,39.3,0.0,0.96,51.07,5.29,38.71,1.43
43.11,38.76,0.0,2.31,49.76,6.84,36.64,0.0
76.5,38.07,1.6,-3.13,51.12,6.56,32.53,2.95
94.36,36.27,1.3,-2.61,53.81,4.45,29.92,0.61
23.75,38.08,0.0,1.96,51.53,5.49,34.03,0.0
54.99,38.08,1.49,-3.04,49.88,6.81,33.57,0.0
31.58,37.5,1.69,-3.04,46.6,6.83,40.64,4.15
67.63,44.43,0.0,2.07,48.63,6.38,45.54,3.96
73.88,38.98,1.42,-2.95,48.99,5.52,29.75,1.33
95.35,37.57,0.0,0.99,51.51,5.73,45.64,1.62
71.86,100.0,0.36,-0.89,47.73,3.69,33.63,0.65
43.29,36.35,0.0,1.99,49.76,6.76,37.58,4.5
49.9,37.2,0.0,1.97,49.67,5.84,40.82,0.0
67.15,37.91,1.34,-3.12,50.19,6.41,36.09,0.0
51.95,39.44,1.18,-2.59,50.49,4.27,33.79,0.57
74.46,37.15,1.46,-3.05,50.46,5.53,34.07,1.66
54.42,37.72,0.0,1.76,48.07,5.13,40.62,1.11
20.43,37.2,1.44,-2.85,50.14,4.97,32.71,0.52
59.04,37.2,0.0,2.17,51.41,4.27,39.81,0.58
59.46,37.91,1.31,-3.04,50.44,5.57,32.98,2.9
19.58,37.59,1.54,-2.88,50.81,5.79,42.26,0.83
97.24,38.11,1.19,-0.66,47.66,4.07,25.44,0.82
77.09,39.35,0.0,2.12,48.23,6.02,43.86,1.82
37.44,38.56,1.69,-3.62,85.96,10.83,44.63,1.73
38.66,37.95,0.0,1.63,49.31,6.11,38.72,1.77
48.0,37.91,0.0,1.87,47.64,4.66,45.14,1.06
54.1,36.99,1.53,-3.12,49.41,5.67,41.29,1.33
74.87,37.95,0.0,1.93,50.55,6.26,27.96,1.69
43.52,38.38,0.0,1.78,49.92,6.32,39.15,1.67
60.83,37.2,0.0,1.96,52.04,6.14,31.93,1.78
35.33,45.06,0.0,2.34,51.31,7.02,43.7,3.92
90.86,37.51,1.57,-2.97,52.61,6.17,31.6,1.29
71.12,37.51,0.0,2.0,48.58,4.72,27.59,1.13
63.59,44.43,0.0,1.84,47.61,4.53,27.71,1.05
79.9,38.15,1.66,-3.58,52.16,5.7,40.69,1.14
70.9,37.97,1.5,-2.6,47.54,5.14,38.46,1.39
48.98,35.55,0.0,2.25,100.46,12.7,36.6,1.25
35.77,38.27,0.0,1.8,49.63,5.02,34.77,0.0
92.99,38.47,0.0,1.0,50.41,4.3,29.48,0.5
96.46,37.93,0.0,0.94,49.57,6.12,28.31,1.67
72.02,38.98,0.0,1.95,47.74,5.71,38.91,3.23
19.8,38.53,0.0,1.87,52.06,6.1,35.35,1.18
70.11,38.68,0.0,2.15,85.5,10.27,29.53,1.22
38.87,38.08,0.0,2.09,49.87,5.92,40.88,1.62
30.69,38.12,0.0,2.13,49.31,5.72,32.33,1.52
46.73,38.98,0.0,2.12,86.69,10.07,25.38,0.94
21.06,37.99,0.0,-0.6,95.47,11.95,33.71,1.36
92.6,39.19,0.0,0.96,47.16,6.0,31.52,1.63
88.19,37.95,0.0,2.21,48.0,5.53,30.94,2.85
28.94,100.0,0.0,1.79,48.9,5.69,41.97,0.0
37.84,38.26,1.61,-3.28,49.87,5.96,32.4,1.73
20.53,38.04,1.49,-2.85,50.17,7.23,31.67,3.14
24.07,38.04,0.0,2.2,51.92,6.6,26.66,3.79
70.25,38.76,0.0,2.08,64.35,7.58,32.86,1.23
36.42,39.26,0.0,1.93,50.25,5.63,45.53,1.61
41.19,37.5,0.0,2.1,66.3,8.81,27.41,1.66
30.74,38.68,1.44,-2.67,47.15,5.36,36.63,1.27
90.02,39.79,1.52,-2.92,48.67,5.65,34.51,1.53
57.85,38.07,1.73,-3.25,48.67,5.69,44.23,1.46
97.02,37.68,1.31,-0.89,48.47,3.56,38.35,0.78
26.58,37.97,0.0,2.23,48.38,6.72,40.86,0.0
20.71,38.98,0.0,-0.31,50.18,6.86,43.17,4.45
27.55,38.11,0.0,1.73,49.85,5.02,37.24,3.14
40.66,45.06,0.0,2.09,50.43,5.76,42.14,1.7
87.44,90.57,0.61,-1.25,50.77,5.5,41.1,0.99
51.49,38.11,1.87,-3.32,50.64,7.41,28.24,0.0
30.24,37.2,0.0,1.75,49.08,4.49,26.65,0.97
80.22,38.77,0.0,1.75,51.65,6.79,47.3,1.82
93.23,38.08,0.0,1.03,83.22,10.16,36.83,1.28
92.78,38.07,0.0,0.97,51.13,5.87,45.89,4.04
89.46,39.03,0.0,2.26,50.26,4.6,39.16,0.54
53.88,38.18,0.0,2.18,66.3,8.43,31.43,1.66
20.41,39.02,0.0,2.15,49.94,4.35,35.14,0.44
34.18,37.2,0.0,1.94,51.1,6.88,29.61,4.5
51.54,38.68,1.64,-3.47,50.33,6.3,35.25,0.0
44.85,38.11,1.73,-3.47,51.6,6.56,25.71,0.0
90.98,39.19,0.0,1.44,49.6,4.77,30.04,0.0
51.98,35.55,0.0,1.84,104.2,11.12,28.88,0.65
52.66,39.25,0.0,2.04,48.83,6.13,29.05,0.0
58.84,38.4,1.25,-2.88,47.65,6.16,36.5,0.0
37.89,37.5,0.0,2.05,59.88,7.46,39.1,1.61
37.95,39.19,1.3,-2.47,48.57,4.32,27.92,0.5
76.33,37.51,1.78,-3.53,68.04,7.99,41.06,1.47
84.23,37.51,0.0,2.02,51.49,6.09,46.49,1.63
43.52,38.24,0.0,2.27,50.45,3.97,32.56,0.61
97.84,44.43,0.0,0.99,47.1,4.88,34.36,1.38
68.55,38.42,1.43,-2.92,51.54,6.04,32.1,1.7
55.4,37.7,0.0,1.89,48.46,5.05,34.54,1.42
28.11,38.76,1.4,-2.89,48.6,5.92,41.41,4.24
78.25,38.38,0.0,1.85,49.82,5.02,30.31,3.46
83.81,38.56,1.38,-3.0,48.44,5.29,27.04,1.44
96.11,38.4,0.0,0.94,51.39,6.91,29.2,3.86
88.72,96.51,0.62,-1.29,50.09,6.05,33.51,1.57
92.28,38.38,1.51,-3.19,49.73,6.24,31.3,1.63
82.75,38.76,0.0,2.12,50.76,5.3,41.03,1.31
76.95,38.68,0.0,1.88,97.52,12.25,33.8,1.59
46.41,38.27,0.0,2.27,48.43,5.64,42.63,1.55
46.51,38.76,0.0,2.02,86.15,9.56,31.45,0.73
18.31,39.12,0.0,-0.42,51.29,6.12,43.61,1.39
75.9,38.03,0.0,2.08,101.41,12.61,31.25,1.73
72.64,38.65,0.0,1.64,64.55,7.87,29.17,1.4
34.88,39.33,0.0,2.07,84.18,9.96,32.27,1.63
49.59,36.9,0.0,1.99,48.17,5.25,27.06,0.0
64.36,45.06,0.0,1.96,51.06,6.14,46.6,0.0
49.33,37.0,1.48,-2.84,47.98,3.91,38.97,1.1
41.99,39.05,0.0,2.03,49.34,3.55,28.63,0.36
54.33,77.97,0.86,-1.68,49.76,5.98,43.06,1.48
38.29,37.2,0.0,2.21,50.56,6.12,36.61,2.89
30.99,39.09,0.0,1.96,50.39,6.83,40.27,3.66
37.61,39.42,0.0,1.87,49.81,3.93,38.51,0.77
46.24,36.77,1.6,-3.07,47.54,5.86,40.17,1.37
62.42,38.98,0.0,1.77,49.37,5.83,30.31,1.45
68.89,36.9,1.56,-2.9,60.21,6.74,35.73,1.06
47.75,39.19,1.45,-2.99,102.13,12.77,40.88,1.37
39.4,38.12,0.0,1.8,47.95,4.69,36.89,1.3
50.27,100.0,0.49,-1.11,87.36,9.44,43.53,0.55
42.06,39.25,1.64,-3.22,50.87,4.72,43.51,0.68
68.81,37.15,0.0,1.87,48.04,5.06,39.68,1.17
82.46,36.9,1.91,-3.6,50.54,6.22,46.74,1.64
58.19,37.68,0.0,2.09,49.39,5.19,44.78,1.41
89.96,37.51,0.0,1.98,47.42,6.04,27.24,0.0
35.77,38.7,0.0,1.97,50.6,6.39,45.93,1.64
36.68,37.2,1.67,-3.19,48.95,6.14,37.58,1.47
63.5,37.83,0.0,1.87,102.74,12.36,31.38,1.2
94.52,36.9,0.0,1.06,49.9,6.5,38.1,1.77
38.98,45.06,0.0,1.82,52.17,7.2,31.16,3.69
60.93,37.42,0.0,1.91,48.69,5.55,33.68,1.58
91.02,35.55,0.0,2.0,49.47,6.39,25.48,3.17
31.73,37.2,0.0,1.94,51.46,7.24,37.08,0.0
50.88,39.21,0.0,1.81,49.92,6.25,42.94,1.57
61.15,38.98,0.0,2.05,50.12,7.21,41.38,0.14
37.15,45.06,0.0,1.83,52.13,7.28,27.29,4.16
83.67,75.59,0.68,-1.26,48.38,4.71,45.76,1.36
53.07,38.24,0.0,2.04,49.85,6.52,32.24,0.0
51.82,37.2,0.0,1.93,50.25,6.94,32.31,0.0
46.77,44.43,1.39,-2.53,51.35,5.18,39.91,0.9
96.57,39.09,0.0,0.95,49.48,4.64,34.85,0.6
61.03,38.76,0.0,2.07,54.12,6.85,33.37,1.84
78.89,38.98,0.0,2.04,49.9,6.76,27.36,0.0
92.69,37.15,1.59,-3.18,48.88,5.22,26.28,1.27
85.14,37.68,0.0,2.09,85.12,9.59,26.63,0.83
58.99,38.57,0.0,1.88,50.02,6.43,28.06,1.69
52.52,38.12,0.0,2.32,51.19,6.58,40.57,0.04
80.46,37.91,0.0,1.95,48.22,5.38,32.89,1.36
64.19,38.04,0.0,2.03,51.23,5.52,41.34,0.91
19.23,38.57,1.61,-3.4,51.44,7.23,41.45,0.0
24.78,37.99,0.0,1.74,101.8,13.21,44.71,1.78
21.88,38.68,0.0,2.17,50.82,5.92,40.36,1.0
50.95,37.2,0.0,1.68,50.23,7.05,37.46,0.0
30.95,37.68,1.63,-3.18,47.17,6.15,28.9,0.0
41.81,38.72,0.0,1.95,51.2,5.48,25.78,0.95
96.66,38.65,1.74,-1.31,48.9,6.15,29.48,1.75
38.86,36.9,1.44,-2.69,88.33,9.76,32.27,1.03
32.92,38.71,1.84,-3.51,51.05,6.47,45.41,1.69
28.3,39.25,1.61,-3.09,48.61,5.76,29.48,1.62
94.2,37.51,0.0,1.13,49.63,5.38,37.6,1.46
71.31,38.98,0.0,2.25,49.19,4.2,41.6,0.89
81.95,39.54,1.35,-2.96,50.19,5.93,43.43,1.54
50.66,38.6,0.0,1.85,49.0,4.28,32.09,0.92
53.4,38.03,1.85,-3.47,51.14,5.93,43.06,1.74
32.52,38.07,1.56,-3.01,49.37,6.23,41.35,1.74
43.63,35.55,1.69,-3.58,50.8,6.18,27.43,1.76
90.41,36.9,1.43,-2.82,48.59,5.87,37.72,1.43
47.12,38.98,1.33,-2.64,50.36,5.71,38.95,1.55
30.39,38.75,1.28,-2.63,59.5,7.11,44.52,1.46
46.83,38.03,0.0,2.09,49.27,3.58,43.5,0.9
66.82,37.78,0.0,1.89,50.25,3.9,29.05,0.5
47.12,38.12,0.0,2.15,49.05,6.87,38.15,3.61
83.21,38.24,1.82,-3.34,75.42,9.11,36.88,1.67
82.2,38.43,0.0,1.97,51.89,5.63,32.91,1.45
52.65,38.27,1.58,-2.93,47.74,4.95,27.39,1.26
86.9,39.19,0.0,1.94,49.94,4.85,35.94,0.0
25.78,38.11,1.76,-3.22,50.68,6.46,30.16,0.0
80.32,37.28,0.0,2.05,50.7,5.89,39.59,1.41
33.86,38.15,0.0,2.29,50.29,5.73,32.56,1.5
62.62,36.35,0.0,2.07,48.32,5.4,31.53,0.0
31.95,39.81,0.0,1.97,51.48,5.7,38.02,1.54
39.75,37.51,0.0,1.97,49.5,6.24,34.31,1.51
71.0,38.65,0.0,2.36,61.4,7.15,44.8,1.42
37.25,39.79,1.24,-2.49,49.53,4.27,33.01,0.44
80.19,38.11,1.56,-3.19,49.88,5.91,40.99,1.66
37.6,38.12,0.0,1.78,49.3,4.05,24.09,0.57
89.95,38.98,0.0,2.01,54.33,4.94,37.39,0.8
40.88,38.75,1.3,-2.57,47.92,4.9,29.8,1.36
78.91,37.83,0.0,2.22,48.02,4.42,44.81,1.06
66.0,38.76,1.12,-2.33,103.52,10.98,25.42,0.46
47.91,38.24,0.0,2.26,47.75,4.8,28.59,1.13
91.35,38.76,0.0,1.11,48.66,5.34,33.24,3.41
31.55,37.97,1.67,-3.31,49.45,6.5,40.8,3.41
29.02,39.81,0.0,1.83,49.77,5.96,34.19,1.64
29.79,37.99,0.0,2.17,50.79,4.2,34.76,0.64
94.18,37.32,1.58,-2.68,47.16,4.8,32.9,0.99
40.55,38.76,1.44,-3.17,72.91,8.13,40.45,0.99
80.27,38.11,0.0,1.92,65.49,8.13,44.4,1.58
89.13,37.2,1.51,-3.23,75.24,9.05,43.98,1.48
95.6,39.23,0.0,0.9,49.6,6.36,40.02,1.6
44.77,38.57,1.67,-3.04,50.15,6.28,36.83,1.7
66.54,37.15,1.52,-3.07,52.57,4.66,29.27,2.04
51.4,38.96,0.0,2.12,49.21,4.25,39.25,0.4
28.82,38.75,0.0,1.9,86.7,10.76,32.15,1.71
89.35,39.91,1.73,-3.29,50.18,6.26,29.39,1.59
62.55,38.76,1.48,-2.69,48.4,4.63,31.56,1.0
97.0,37.5,1.3,-0.88,50.3,4.26,25.61,0.83
25.62,39.33,0.0,1.72,67.7,8.21,36.35,1.42
55.85,38.18,0.0,1.98,70.32,8.58,45.02,1.56
76.18,39.13,1.44,-2.8,49.11,5.39,44.89,1.53
84.91,44.43,0.0,2.1,49.08,6.63,40.91,3.88
26.27,37.83,1.72,-3.3,50.99,5.41,25.29,0.92
31.49,100.0,0.52,-1.13,50.15,6.55,31.01,0.0
87.75,45.06,0.0,2.02,50.05,5.68,43.4,1.45
95.98,39.19,1.11,-2.27,52.49,4.41,37.28,0.5
83.05,37.68,0.0,2.02,82.65,10.41,31.38,1.31
90.47,38.76,1.34,-2.73,48.78,6.91,30.88,0.0
51.34,38.12,0.0,2.23,51.22,6.57,29.42,3.54
65.05,39.15,1.36,-3.04,50.77,4.75,42.11,0.72
66.17,45.6,0.0,2.12,50.6,6.16,29.21,1.49
56.88,44.43,0.0,2.24,51.8,6.19,35.88,1.23
21.71,45.06,0.0,1.76,51.18,4.9,25.41,0.56
63.13,39.19,0.0,2.15,51.24,6.46,28.92,3.93
23.77,38.15,1.51,-3.31,50.1,6.91,33.34,0.0
72.02,45.06,0.0,2.2,50.98,6.66,34.18,1.66
74.99,37.51,0.0,1.93,48.66,6.25,46.27,0.0
42.06,38.03,1.31,-2.86,51.24,5.15,24.9,0.0
40.16,38.76,1.49,-3.25,51.22,5.53,35.3,0.92
96.94,38.56,0.0,0.91,48.89,4.03,33.64,0.51
68.72,36.79,1.8,-3.3,48.98,6.06,33.16,1.36
76.67,36.27,0.0,2.05,48.76,5.83,32.63,1.59
54.41,38.03,1.67,-2.97,48.77,5.13,46.04,1.55
26.7,37.99,0.0,1.91,105.93,13.44,34.54,1.34
67.83,37.77,0.0,2.32,50.62,5.43,29.02,0.96
86.17,39.29,1.42,-3.16,49.87,5.93,50.25,1.56
26.16,37.68,1.57,-3.04,47.54,6.08,30.57,0.0
88.94,38.04,0.0,2.28,48.54,3.3,36.26,0.86
79.46,38.07,0.0,1.97,56.71,6.37,40.36,1.16
44.37,38.11,0.0,2.06,49.72,6.47,32.7,0.0
51.81,38.75,1.5,-3.2,51.37,5.7,28.28,1.71
33.54,38.76,0.0,1.86,47.9,7.13,30.65,3.25
64.57,37.68,0.0,2.02,53.08,5.82,29.75,0.96
92.68,38.98,1.41,-2.57,49.02,3.79,30.81,0.81
26.85,38.04,0.0,1.96,50.23,4.77,41.4,0.0
93.9,38.98,0.0,1.16,49.98,5.77,41.78,1.75
23.31,36.9,1.56,-2.91,46.95,6.03,26.88,1.26
71.7,39.66,0.0,2.1,48.22,4.24,41.73,0.96
73.12,39.19,0.0,2.0,48.19,5.65,29.54,3.44
54.48,39.81,0.0,1.73,49.6,6.88,29.16,0.0
59.07,38.12,1.88,-3.57,51.02,6.37,44.99,1.66
91.25,37.2,1.81,-3.55,95.65,12.49,39.3,1.77
28.37,38.98,1.59,-3.04,100.94,12.55,34.21,1.49
40.82,38.15,1.33,-2.59,48.5,4.85,40.13,0.0
75.21,39.19,0.0,2.08,48.28,6.05,43.7,3.43
29.25,38.68,0.0,2.18,48.7,6.68,31.16,3.87
52.53,37.91,1.58,-2.64,47.12,5.14,28.47,2.81
71.55,37.95,1.67,-3.38,51.26,5.07,44.39,0.82
73.44,38.03,1.21,-2.42,50.05,5.22,32.28,0.0
24.3,38.03,0.0,1.75,51.16,4.49,26.38,0.48
20.54,38.56,0.0,-0.74,103.59,13.07,31.22,1.56
92.7,37.57,0.0,1.02,49.23,6.02,41.43,1.81
61.94,37.71,0.0,1.89,48.32,5.03,28.03,1.25
75.81,36.35,0.0,1.7,48.84,4.29,35.78,0.47
46.12,38.37,0.0,2.14,51.63,5.34,40.89,1.03
89.03,38.46,0.96,-1.95,47.98,4.18,29.07,1.18
56.11,38.15,1.8,-3.48,49.22,6.02,28.0,0.0
26.57,37.2,0.0,2.08,48.75,6.92,44.9,0.0
98.35,39.25,0.0,0.94,83.79,8.84,42.79,0.7
86.17,85.21,0.63,-1.23,49.99,4.49,33.65,0.54
67.09,37.51,0.0,1.99,77.16,8.18,25.11,0.64
44.98,37.97,1.11,-2.24,48.43,4.91,38.63,0.0
41.12,37.2,0.0,1.66,49.37,4.53,24.13,0.0
91.3,38.97,0.0,1.52,52.43,5.74,40.36,1.29
31.92,37.5,1.5,-2.86,49.16,4.44,27.55,1.05
57.05,38.98,0.0,2.23,49.35,7.0,35.71,0.0
78.16,39.01,1.44,-3.19,48.05,5.61,45.95,1.49
96.7,38.03,0.0,0.9,50.57,5.64,26.42,2.49
92.6,37.95,0.0,1.03,49.79,5.6,39.03,1.25
29.83,39.21,1.57,-3.2,50.29,5.86,34.35,0.0
76.51,37.25,1.83,-3.46,51.78,6.73,37.91,1.79
36.08,39.09,1.84,-3.48,48.95,6.98,43.68,0.0
49.19,39.9,0.0,2.03,49.71,3.69,27.85,0.82
66.39,38.76,0.0,1.92,50.49,4.88,40.98,0.76
78.25,45.06,1.21,-2.5,58.92,7.26,40.6,1.56
34.45,37.57,0.0,1.73,49.98,6.13,31.93,1.54
48.87,38.04,1.77,-3.51,50.71,5.9,32.79,1.66
46.14,39.19,1.61,-3.06,104.25,12.8,37.14,1.36
19.61,39.87,1.86,-3.67,51.73,6.57,32.85,1.83
70.03,38.4,1.53,-3.13,51.71,6.83,34.83,3.34
52.0,100.0,0.54,-1.23,49.71,7.24,29.27,3.9
62.33,38.98,1.17,-2.35,53.92,5.05,30.46,1.0
31.64,38.03,0.0,2.09,52.85,6.57,29.96,1.48
73.29,37.2,1.97,-3.67,50.62,5.49,39.04,1.46
63.15,100.0,0.61,-1.15,52.63,6.11,41.18,0.97
54.18,38.2,0.0,2.26,50.73,6.71,40.34,4.13
44.65,37.91,1.87,-3.37,48.51,6.83,31.13,0.0
79.26,37.51,0.0,1.79,94.4,11.87,45.44,1.49
96.05,42.31,0.0,1.17,48.54,5.11,31.71,1.31
90.08,39.51,0.0,1.47,47.8,5.8,40.8,1.47
68.29,37.51,0.0,1.98,49.78,5.16,29.72,2.71
75.01,38.4,1.74,-3.61,51.43,6.46,46.72,4.5
53.3,38.76,0.0,2.25,48.43,5.39,44.53,1.53
65.12,38.04,0.0,2.11,51.32,4.35,24.04,0.67
61.0,37.2,1.83,-3.7,102.41,12.98,30.52,1.58
64.72,38.03,1.64,-3.32,47.42,6.18,40.11,0.0
69.45,37.2,1.42,-2.72,48.61,4.88,26.53,1.29
97.32,37.2,0.0,0.9,50.4,4.89,37.67,0.84
96.25,38.03,0.0,0.88,50.86,5.8,37.45,3.68
86.23,36.27,0.0,1.8,51.31,4.78,33.63,0.74
44.64,38.09,1.27,-2.4,49.18,4.73,31.38,0.0
77.75,37.5,0.0,2.07,52.76,6.11,33.66,1.71
90.4,38.04,1.49,-3.2,100.56,12.39,26.71,1.37
38.02,100.0,0.0,1.84,50.06,5.39,33.27,1.57
44.54,39.07,1.78,-3.38,48.38,5.22,28.53,1.55
37.31,39.25,0.98,-2.23,48.29,4.11,31.21,1.1
24.52,37.34,0.0,1.9,51.88,6.26,40.22,1.27
26.38,38.98,0.0,1.82,52.27,6.95,44.26,3.4
73.96,38.03,1.79,-3.48,50.85,5.5,35.38,1.14
60.42,38.8,0.0,2.23,50.88,6.03,28.4,1.63
77.92,38.68,0.0,1.94,99.23,12.24,40.38,1.58
74.04,39.81,0.0,1.79,49.97,6.7,35.99,3.26
24.09,39.25,1.39,-2.87,49.61,6.05,35.54,1.53
44.13,36.35,0.0,1.87,50.36,6.88,44.26,0.0
81.98,45.06,0.0,1.77,50.87,4.08,34.63,0.47
68.38,36.27,0.0,2.07,51.14,5.01,36.3,0.92
89.88,36.98,1.76,-3.15,48.18,4.84,35.91,1.37
74.9,38.07,0.0,1.89,50.08,5.94,34.28,1.56
92.04,38.3,1.19,-2.38,47.75,4.64,35.78,1.11
18.7,38.98,0.0,-0.23,50.13,4.63,38.55,0.7
45.78,38.03,0.0,2.16,73.56,7.09,39.61,0.44
67.51,37.5,0.0,2.21,48.47,4.82,39.3,1.08
92.58,38.08,1.53,-3.01,47.28,5.97,41.44,1.68
44.44,38.98,0.0,1.8,51.43,6.01,37.3,1.6
90.53,37.91,1.89,-3.73,51.12,5.4,31.6,1.07
18.03,39.48,0.0,-0.77,50.69,6.21,28.84,1.11
41.72,35.55,1.92,-3.6,50.86,5.91,42.01,1.8
20.36,35.55,1.67,-3.48,52.47,7.03,28.21,1.69
34.01,36.35,0.0,2.21,50.93,4.63,36.35,0.67
81.24,39.81,0.0,2.17,47.16,5.16,28.96,1.1
92.76,38.73,1.19,-2.43,48.15,4.35,43.71,0.98
94.45,39.25,0.0,0.98,74.24,8.75,37.23,1.44
61.14,39.09,0.0,1.9,98.95,10.76,34.71,0.86
76.29,39.39,0.0,1.97,50.72,6.1,37.93,1.6
87.61,39.19,1.37,-2.65,48.63,4.81,45.52,1.37
78.11,37.51,1.75,-3.16,66.52,7.93,34.17,1.34
71.01,37.93,0.0,2.05,50.26,5.62,45.39,1.57
36.46,37.57,1.05,-2.59,48.59,4.52,31.24,3.77
82.65,38.03,0.0,1.79,51.41,5.35,41.95,3.72
95.92,36.62,0.0,1.11,49.2,4.98,27.72,0.0
96.77,36.9,0.0,0.98,47.7,4.76,39.83,0.96
46.22,38.97,1.5,-3.21,50.53,5.82,42.0,1.65
76.02,37.5,1.54,-2.95,62.9,6.09,35.62,0.6
31.01,38.57,0.0,1.96,48.16,5.17,41.29,3.35
96.02,38.76,0.0,0.98,61.83,7.02,28.8,1.49
75.78,37.95,0.0,1.81,50.87,6.1,35.45,1.62
73.47,38.4,0.0,2.15,49.42,6.19,45.48,1.76
42.92,44.43,0.0,1.82,98.31,10.68,33.11,0.97
76.34,39.09,0.0,2.34,66.71,7.7,37.28,1.07
37.74,39.21,1.42,-2.88,48.34,6.68,40.53,0.0
44.8,39.19,1.34,-2.95,50.47,5.27,27.07,1.31
47.23,37.97,1.2,-2.7,49.65,4.62,39.94,0.6
34.84,36.35,0.0,1.92,50.46,4.23,27.8,0.47
80.25,38.98,0.0,2.14,49.27,5.34,40.27,1.5
23.86,45.06,1.27,-2.65,51.79,5.89,40.78,1.33
96.59,38.68,1.49,-1.08,54.18,5.41,39.78,1.03
72.16,38.98,1.72,-3.15,49.38,5.27,36.23,1.51
80.44,37.2,0.0,1.69,52.96,4.71,32.47,0.53
46.13,37.51,0.0,1.99,51.07,4.38,41.83,0.52
79.2,38.04,0.0,2.02,92.26,12.02,43.33,1.79
30.06,36.9,1.17,-2.56,47.67,3.55,32.65,0.74
81.47,37.2,0.0,1.89,53.45,4.57,24.69,0.46
91.4,36.24,0.0,0.86,49.9,5.64,44.93,1.41
79.42,38.28,0.0,1.81,47.84,5.63,36.78,1.47
30.83,37.51,0.0,1.85,48.53,4.9,44.89,1.02
91.76,45.06,0.0,1.11,48.4,4.8,40.54,3.09
73.06,39.55,0.0,2.11,47.5,5.02,37.74,1.31
17.69,39.1,1.2,-2.51,50.47,4.19,32.45,0.75
41.16,38.4,0.0,2.12,51.51,5.59,42.47,1.05
84.74,38.08,0.0,2.16,51.31,4.6,35.92,0.58
66.27,39.25,1.12,-2.26,47.83,4.92,36.18,1.12
94.41,38.07,0.0,1.1,51.39,6.73,31.08,3.95
26.96,39.25,1.34,-2.95,49.03,5.89,36.76,1.55
91.23,39.25,0.0,1.07,50.06,5.8,43.64,1.71
91.13,45.6,0.0,1.5,50.7,5.38,27.84,1.55
63.96,38.15,1.8,-3.07,48.43,6.19,32.48,3.46
45.93,39.63,0.0,1.76,51.16,5.48,38.85,0.9
66.86,36.81,0.0,2.13,48.1,3.99,43.95,0.83
73.31,37.68,0.0,1.82,65.08,7.37,44.7,1.25
26.75,39.33,0.0,2.04,69.83,8.79,31.0,1.65
61.94,39.19,0.0,2.0,50.69,7.06,42.77,3.25
57.88,37.25,1.58,-3.23,48.98,5.09,45.29,1.19
73.59,38.03,0.0,1.7,67.69,8.3,43.8,1.67
52.85,37.2,0.0,1.9,50.79,6.19,37.55,1.5
56.56,39.81,0.0,2.08,49.88,5.39,41.27,0.0
43.8,38.57,1.48,-3.15,50.81,6.43,27.15,1.63
60.02,39.21,1.51,-3.06,50.26,6.03,37.18,1.49
80.69,100.0,0.67,-1.23,83.57,10.35,35.51,1.67
29.23,38.76,1.72,-3.31,80.59,10.06,34.36,1.42
73.57,38.56,0.0,1.93,48.49,4.82,40.45,3.17
91.57,38.18,0.0,0.83,48.76,5.55,37.35,1.33
34.76,39.21,1.31,-2.99,49.08,6.74,29.95,4.31
42.55,38.03,0.0,2.0,77.71,7.94,27.9,0.63
33.78,38.03,0.0,2.13,56.29,6.6,28.4,1.54
71.31,37.5,0.0,2.36,80.88,9.05,38.9,1.17
37.64,38.68,0.0,2.11,51.2,6.49,43.41,0.0
93.17,38.65,1.61,-3.49,50.02,6.35,45.88,1.61
86.72,38.11,0.0,1.9,74.31,7.24,42.5,0.38
71.76,55.49,1.06,-2.05,49.94,5.39,31.16,0.99
91.49,37.5,1.56,-3.36,103.37,13.44,35.57,1.81
43.47,37.2,0.0,2.09,50.85,4.25,42.87,0.54
51.8,38.98,0.0,1.88,47.83,5.7,27.78,0.0
76.0,38.07,0.0,2.09,50.39,6.06,34.57,1.6
75.98,38.68,0.0,1.98,95.79,12.06,39.9,1.54
23.74,38.98,0.0,2.06,53.5,6.14,44.67,1.53
65.29,38.98,0.0,1.99,51.87,6.27,34.58,3.78
55.9,45.06,0.0,1.98,50.28,6.95,29.74,0.0
51.31,37.83,0.0,1.68,84.48,10.26,38.53,1.72
36.28,38.76,0.0,1.92,68.91,8.9,40.83,1.69
63.15,38.38,0.0,1.92,49.77,5.88,46.97,1.77
35.83,37.68,0.0,2.03,50.6,6.49,43.76,0.0
44.58,37.51,1.81,-3.44,50.38,6.5,43.88,0.0
81.31,38.98,0.0,2.25,49.34,5.52,31.96,1.69
68.6,37.86,1.51,-2.97,50.36,5.77,46.41,1.74
35.54,39.09,0.0,1.84,63.55,7.77,35.96,1.79
67.78,38.03,0.0,1.71,56.87,6.67,32.26,1.29
44.27,39.09,0.0,2.23,48.33,5.63,28.29,3.73
75.87,37.11,1.6,-2.85,47.55,5.58,33.04,1.47
52.37,37.83,0.0,1.89,86.31,10.56,29.7,1.83
79.82,37.57,1.59,-2.92,50.0,5.41,34.33,1.44
93.45,38.76,1.09,-2.25,74.86,7.18,42.39,0.76
42.31,39.25,0.0,2.19,51.26,7.13,41.12,3.89
62.62,36.27,1.23,-2.74,85.53,9.09,36.29,0.7
69.93,39.94,1.98,-3.51,51.3,6.24,30.94,1.81
84.43,38.98,1.5,-2.92,91.91,11.62,33.95,1.44
85.78,37.2,0.0,1.67,49.31,5.89,35.73,1.54
55.59,37.86,1.58,-3.13,47.22,5.58,41.86,1.44
64.66,45.06,0.0,1.97,48.16,5.23,29.81,1.4
49.84,37.5,0.0,2.05,50.37,5.56,34.71,1.37
52.8,38.93,0.0,1.78,43.38,5.96,44.69,1.74
74.91,38.27,1.34,-2.84,49.05,5.66,39.88,1.26
26.55,37.28,0.0,2.08,48.47,5.67,44.61,1.45
86.14,37.5,0.0,2.08,49.77,5.84,28.21,1.53
29.68,45.6,0.0,2.02,54.36,6.39,46.9,1.72
94.87,38.03,0.0,0.99,50.19,5.22,35.8,0.97
48.03,38.03,1.46,-3.08,49.64,5.65,45.13,1.35
95.08,37.2,0.0,1.1,50.89,5.76,29.62,1.45
21.76,36.9,1.73,-3.23,51.4,6.87,45.76,1.7
29.16,37.38,1.72,-3.21,50.55,6.37,35.96,1.76
69.06,37.51,1.16,-2.72,75.62,7.78,34.09,0.54
94.62,37.59,1.25,-2.3,47.37,4.92,34.45,1.23
47.62,39.52,0.0,1.74,49.47,4.54,24.49,0.5
72.67,38.76,1.32,-2.91,97.35,11.64,36.8,1.6
94.88,38.12,0.0,1.02,57.09,5.35,30.5,1.02
82.26,38.48,0.0,1.69,50.5,6.35,45.28,1.82
77.33,38.04,0.0,1.99,49.25,5.44,42.13,1.64
76.91,37.57,1.54,-2.92,50.51,6.63,39.82,0.0
95.02,37.5,0.0,0.96,87.43,9.69,33.32,0.72
65.55,38.76,0.0,2.07,51.0,5.12,33.44,0.88
35.69,36.35,0.0,1.68,49.82,3.77,38.7,0.39
72.52,37.89,1.72,-3.2,47.94,5.56,33.0,1.51
62.74,37.95,1.79,-3.54,50.71,5.69,44.89,1.59
29.04,36.9,0.0,1.97,48.2,4.66,26.21,0.99
18.65,37.2,1.88,-3.84,51.02,6.92,43.72,3.32
45.0,39.27,0.0,1.77,50.55,4.4,34.32,0.65
70.95,36.27,0.0,1.76,49.78,4.12,37.47,0.46
75.5,37.57,1.4,-2.94,50.83,7.24,32.55,0.0
73.72,38.56,1.73,-3.6,50.37,6.33,30.89,1.51
70.11,38.07,0.0,2.08,49.98,5.99,30.14,1.69
54.2,37.97,0.0,2.07,48.81,6.22,35.95,1.83
83.79,38.0,0.0,1.98,47.52,5.06,39.41,1.52
79.15,38.08,1.58,-3.22,50.07,5.56,26.89,1.53
40.08,54.19,1.08,-1.91,47.64,4.5,41.12,1.29
43.98,38.75,0.0,2.23,48.58,4.91,35.79,1.15
70.54,38.03,0.0,1.86,48.82,6.04,27.98,1.79
92.93,37.34,0.0,1.19,86.44,10.43,41.59,1.59
87.52,38.45,0.0,2.02,48.38,5.79,46.52,1.54
73.16,38.4,1.85,-3.59,51.93,7.38,38.42,0.0
85.26,37.93,1.85,-3.61,49.5,6.65,38.97,4.5
97.49,37.5,0.0,0.94,48.97,4.45,32.19,0.89
67.04,39.19,0.0,1.94,50.43,5.65,33.21,0.0
20.62,39.43,0.0,1.91,48.98,5.4,26.73,1.18
67.96,38.12,1.5,-3.52,43.68,6.21,39.93,1.66
70.95,39.25,1.02,-2.36,50.29,3.79,27.21,0.47
37.83,38.76,1.34,-2.52,49.86,4.4,27.1,0.44
80.75,37.95,1.52,-2.97,49.7,6.49,33.41,1.89
31.35,38.18,0.0,2.16,47.99,4.99,36.62,1.31
94.57,38.98,0.0,0.99,49.45,6.68,40.44,0.0
19.69,36.35,0.0,-0.5,49.35,6.0,41.53,1.19
46.86,38.57,0.0,2.16,49.0,5.15,41.16,0.0
62.57,38.03,1.69,-3.36,48.61,7.4,43.39,3.75
40.2,37.2,0.0,2.18,50.77,5.68,43.44,1.27
83.86,100.0,0.4,-0.98,76.16,7.48,40.34,0.48
78.71,37.34,0.0,1.86,64.79,7.32,42.52,1.61
21.64,37.2,0.0,2.05,51.24,5.4,30.98,0.0
64.89,37.68,1.38,-2.58,48.34,5.37,36.45,0.0
23.83,38.27,1.08,-2.28,50.46,4.74,39.59,3.12
96.97,37.5,0.0,0.86,49.99,3.73,30.66,0.78
55.99,35.55,0.0,1.88,48.08,5.45,40.45,1.22
42.04,37.2,0.0,1.88,47.72,6.03,28.95,2.87
78.56,38.98,1.39,-2.72,48.47,5.6,46.55,1.62
81.21,38.98,0.0,1.73,48.48,6.11,39.31,3.84
75.36,38.04,1.61,-3.02,50.45,6.14,40.95,1.8
80.11,38.35,0.0,1.65,50.27,4.16,38.36,0.55
48.66,37.2,1.4,-3.01,68.88,8.84,47.21,1.74
23.46,39.9,1.41,-2.99,66.02,8.46,34.04,1.65
75.55,45.06,0.0,1.98,48.62,6.33,40.59,0.0
34.47,39.19,0.0,1.85,47.2,5.06,44.23,1.49
48.41,37.15,1.63,-3.14,51.28,6.57,29.34,0.0
28.12,38.68,0.0,1.97,48.32,5.97,28.12,4.36
61.2,38.98,0.0,1.98,50.27,5.96,44.51,1.8
79.09,100.0,0.66,-1.27,85.96,10.51,36.51,1.62
62.4,45.06,0.0,2.16,50.14,6.73,38.8,3.13
59.4,39.09,0.0,2.22,49.91,4.43,38.01,0.56
88.61,38.03,1.73,-3.31,48.43,6.17,42.01,0.0
74.62,36.27,0.0,1.72,48.07,5.43,42.78,1.28
86.02,38.95,0.0,2.2,47.77,4.98,36.73,1.01
66.81,38.18,0.0,2.23,86.95,9.11,32.6,0.52
59.35,37.5,0.0,2.36,67.66,7.82,29.54,1.54
79.08,38.03,1.83,-3.43,50.13,6.91,29.57,4.17
42.34,39.02,0.0,2.17,48.15,5.66,45.06,1.4
24.49,37.2,0.0,1.86,53.25,6.0,32.93,0.0
68.92,37.93,1.62,-3.03,51.56,5.9,42.02,2.85
82.37,38.08,1.86,-3.46,49.54,5.72,41.21,1.46
76.76,38.65,0.0,1.95,69.89,7.05,39.9,0.54
92.36,37.2,1.55,-2.96,71.86,8.51,44.44,1.59
26.55,36.35,0.0,2.09,52.09,5.64,41.99,1.44
80.5,38.27,1.29,-2.72,48.21,4.29,38.46,0.93
95.37,38.03,0.0,0.87,50.2,6.58,37.93,0.0
32.14,38.04,0.0,2.27,47.71,6.28,39.07,3.54
44.49,38.76,0.0,2.11,83.21,10.22,38.39,1.13
44.93,38.08,0.0,2.11,50.72,4.72,26.9,0.0
34.07,35.55,1.83,-3.67,52.29,5.54,29.83,0.99
84.44,38.4,1.53,-2.91,50.22,6.8,37.36,0.0
71.64,38.38,0.0,1.98,51.65,6.81,30.5,0.0
90.95,37.78,1.46,-2.98,52.17,6.03,39.55,1.53
68.36,37.5,0.0,2.0,48.35,5.13,38.32,1.38
78.69,36.62,1.93,-3.68,50.04,6.57,28.21,1.35
60.32,37.68,1.56,-2.99,47.85,6.3,33.93,3.2
48.02,38.98,0.0,2.16,50.44,5.14,30.29,0.0
52.43,38.11,0.0,1.83,48.12,6.06,29.45,0.0
20.16,37.97,1.41,-3.17,50.83,6.75,31.07,0.0
34.4,38.27,1.79,-3.34,51.68,7.36,46.69,0.0
96.61,36.35,0.0,0.97,49.27,5.89,41.78,1.56
57.68,38.98,0.0,2.32,46.7,5.12,36.89,1.51
62.09,38.98,0.0,2.1,50.41,7.41,36.58,4.02
64.44,37.97,1.84,-3.41,49.11,5.31,36.23,1.43
62.09,38.76,0.0,2.08,55.78,7.16,35.94,1.78
70.98,38.76,0.0,1.96,48.0,5.92,37.25,3.93
75.9,36.9,1.5,-3.3,55.93,5.29,30.59,0.76
30.37,38.68,0.0,2.25,49.36,6.43,31.73,0.0
26.15,37.5,0.0,2.26,50.34,4.75,43.6,1.0
87.04,38.08,0.0,2.3,50.07,4.21,27.62,0.83
55.37,38.2,0.0,2.28,51.02,6.67,25.59,0.0
59.1,37.99,1.51,-2.62,51.62,5.44,40.5,1.21
71.03,36.35,0.0,1.93,49.42,6.96,37.96,3.84
65.49,39.81,0.0,1.76,48.65,6.61,28.99,3.44
90.47,37.95,0.0,1.28,48.61,6.31,30.05,4.35
85.16,37.5,1.49,-3.14,60.93,6.42,44.05,1.56
95.56,36.54,0.0,1.07,49.87,5.24,39.22,1.57
95.01,38.04,0.0,0.91,49.9,5.95,31.54,1.57
17.11,68.36,0.8,-1.64,48.65,6.33,40.03,1.61
61.18,35.96,0.0,2.19,50.64,5.15,37.22,0.79
48.32,38.27,1.48,-2.81,48.44,5.79,42.32,1.63
61.66,39.96,1.48,-2.87,48.22,5.69,42.6,1.47
31.53,38.98,0.0,1.74,49.34,5.79,35.1,1.53
21.7,37.93,0.0,1.67,50.65,5.86,28.79,1.62
42.83,38.36,0.0,1.95,51.03,5.04,41.84,0.82
52.94,38.68,0.0,2.06,49.85,6.97,36.37,0.0
80.83,39.73,1.48,-2.98,50.81,5.71,44.22,1.56
23.77,38.75,0.0,1.95,77.28,8.82,35.75,1.18
55.89,38.03,0.0,2.08,88.69,11.23,39.26,1.45
90.55,38.27,0.0,1.56,82.39,10.1,42.33,1.44
62.47,38.91,0.0,2.09,48.32,3.88,36.6,0.95
39.98,44.43,1.07,-2.14,47.88,4.54,40.37,1.03
38.57,38.08,0.0,1.92,51.81,6.17,31.33,1.54
85.81,39.03,0.0,2.03,47.68,5.0,42.22,1.23
45.31,38.07,1.53,-3.33,48.85,6.49,36.59,0.0
89.75,38.12,0.0,1.71,49.88,6.1,37.79,1.69
61.81,38.12,0.0,1.84,48.58,5.85,27.15,0.0
85.51,38.38,1.74,-3.4,50.5,5.55,31.61,0.93
93.62,38.03,0.0,1.15,49.92,7.06,35.25,4.5
93.5,38.03,0.0,1.01,51.04,5.93,32.2,3.18
74.35,39.19,0.0,2.11,47.01,4.95,23.62,1.38
20.86,37.96,0.0,1.9,50.31,6.03,30.77,1.12
53.14,38.98,0.0,2.24,92.6,10.91,33.99,1.27
24.72,82.46,0.62,-1.25,49.34,4.22,35.23,0.73
35.77,37.51,0.0,2.2,50.34,5.73,31.35,1.57
56.17,37.2,1.45,-2.86,51.56,5.77,39.09,1.57
79.96,38.38,0.0,1.72,48.62,5.51,35.0,2.93
96.04,37.36,0.0,1.12,49.23,5.91,29.92,1.84
23.95,38.11,1.71,-3.54,50.03,5.76,36.2,1.63
86.65,37.5,1.65,-3.41,51.71,5.66,38.13,1.52
41.21,39.25,0.0,2.19,50.76,7.45,29.94,3.81
45.88,38.96,1.43,-2.5,46.61,4.42,37.59,1.1
95.4,37.81,0.0,0.95,46.83,4.55,39.03,0.96
94.94,37.93,0.0,1.05,49.46,6.23,33.55,1.56
54.91,45.06,0.0,1.67,49.92,5.73,30.16,1.26
67.67,38.65,0.0,2.07,56.51,6.5,28.48,1.31
22.68,38.75,1.52,-3.29,68.94,8.68,40.73,1.66
42.7,35.55,0.0,2.02,88.89,11.41,32.68,1.76
73.62,36.62,0.0,2.08,50.96,6.52,44.69,0.0
41.7,39.19,1.62,-3.11,49.9,5.12,27.57,0.75
75.13,39.62,0.0,2.07,48.11,5.28,46.4,1.5
31.54,37.15,1.26,-2.65,48.24,6.13,42.82,0.0
51.28,38.07,1.31,-2.68,47.87,5.07,27.93,2.93
26.51,45.06,1.47,-3.06,50.74,6.31,45.33,1.46
77.37,38.98,0.0,2.01,47.97,5.8,39.41,4.21
34.93,37.5,0.0,2.03,54.59,6.46,36.9,1.23
92.58,38.98,0.0,1.0,47.59,5.94,35.42,0.0
63.3,38.03,0.0,2.16,52.55,4.9,33.37,0.62
74.36,38.98,1.41,-2.91,58.91,7.06,43.03,1.57
27.59,37.2,1.96,-3.66,50.33,6.27,34.06,1.66
67.75,38.31,0.0,2.09,50.37,4.89,37.25,0.63
91.06,37.15,0.0,2.27,75.3,9.08,45.81,1.43
43.72,38.56,0.0,1.97,50.04,6.48,45.82,0.0
36.98,38.98,0.0,2.09,71.74,8.77,32.65,1.63
63.72,36.35,0.0,2.05,48.36,5.8,40.61,0.0
23.64,37.68,1.79,-3.23,48.95,7.14,33.9,4.4
94.99,37.7,0.0,0.97,50.51,5.56,39.94,1.11
69.24,36.92,1.61,-3.46,51.96,5.35,41.14,1.15
88.9,36.65,1.51,-2.94,49.32,5.81,31.54,1.64
70.65,38.46,1.16,-2.69,46.55,4.85,41.17,0.95
96.34,37.57,0.0,0.99,51.38,5.8,29.89,1.11
72.02,39.19,0.0,1.9,47.66,6.34,34.68,3.05
77.62,38.96,1.65,-3.33,50.94,4.6,39.91,0.69
81.37,37.51,0.0,2.06,49.63,6.0,30.19,1.81
94.87,38.07,1.76,-3.48,50.1,6.49,38.0,3.12
60.05,37.9,0.0,1.85,49.77,4.19,33.72,0.58
38.49,38.03,0.0,1.78,64.45,7.53,44.83,1.59
44.26,37.93,1.71,-3.63,50.42,7.2,28.72,3.69
76.44,38.07,0.0,2.29,53.04,4.82,34.35,1.01
73.07,38.76,0.0,2.09,48.03,6.31,34.91,3.19
96.86,37.51,1.16,-0.58,85.82,9.55,38.27,0.68
93.83,37.91,0.0,0.92,48.04,5.54,45.92,1.41
75.07,38.68,0.0,1.88,93.88,11.49,32.14,1.39
95.64,39.91,1.53,-1.0,47.88,3.49,30.77,0.71
22.62,37.5,1.83,-3.29,49.47,6.35,32.65,1.61
29.69,37.86,1.29,-2.47,67.56,6.14,30.27,0.4
91.58,37.68,0.0,0.89,94.8,12.12,41.8,1.69
45.28,39.25,1.38,-3.11,51.0,5.82,35.63,1.13
38.59,36.35,0.0,1.87,47.8,5.73,39.71,0.0
18.73,38.98,1.43,-2.97,101.58,12.72,33.91,1.42
77.66,36.35,0.0,1.85,47.6,4.27,41.77,0.84
47.74,38.03,0.0,2.27,81.84,9.02,37.83,1.11
64.7,39.09,1.6,-3.11,49.42,6.44,34.33,3.87
90.24,38.76,0.0,1.87,48.57,4.75,47.24,0.0
71.7,37.24,1.37,-2.77,62.0,6.34,25.51,0.87
74.65,38.03,1.21,-2.74,50.96,5.62,29.54,0.0
43.93,39.19,0.0,1.98,51.4,6.06,37.41,1.23
47.88,36.27,2.02,-3.49,99.06,12.18,42.63,1.66
93.09,38.4,1.42,-2.62,49.14,5.44,27.65,0.0
81.35,38.24,0.0,2.13,52.34,6.7,32.31,0.0
98.38,38.04,0.0,1.08,93.39,10.49,30.3,0.53
25.69,39.15,0.0,1.93,49.37,4.82,30.49,1.24
92.13,38.76,0.0,1.04,48.33,5.15,30.34,1.4
58.03,38.08,1.7,-3.39,48.9,6.68,46.35,0.0
67.13,38.68,1.06,-2.46,49.47,4.81,40.85,3.74
62.61,38.07,1.43,-2.99,47.94,5.13,29.97,1.44
65.82,38.98,1.29,-3.06,52.18,4.72,33.86,0.77
91.81,37.2,0.0,1.04,47.06,5.21,34.8,1.11
32.86,37.51,0.0,1.81,49.37,6.87,28.59,0.0
70.24,38.76,1.52,-3.25,51.53,5.12,41.08,0.76
42.11,44.43,1.05,-2.13,48.76,4.16,43.91,0.77
94.08,37.51,0.0,0.87,72.04,8.74,30.74,1.34
31.91,39.09,0.0,1.94,50.38,6.55,40.49,0.0
55.9,39.24,1.69,-3.14,49.65,5.6,46.07,1.75
37.67,38.03,1.36,-2.88,49.2,4.09,44.19,0.83
73.99,36.93,1.89,-3.48,48.07,5.98,43.15,1.66
44.7,37.2,0.0,1.91,50.66,5.71,31.74,1.17
90.25,39.23,0.0,0.99,47.73,5.62,36.51,1.59
77.58,100.0,0.72,-1.46,93.5,11.45,27.82,1.65
65.39,38.4,1.38,-2.87,49.99,4.7,27.07,0.0
65.44,38.04,1.34,-2.8,48.38,5.01,34.92,1.27
90.7,38.4,0.0,1.45,48.57,4.7,44.03,1.05
44.45,59.15,0.87,-1.62,50.71,4.34,26.89,0.66
58.33,38.07,1.66,-3.47,50.94,5.65,34.69,0.0
20.04,37.93,0.0,-0.84,50.13,6.39,28.45,1.61
60.11,39.33,0.0,2.16,50.18,5.81,45.12,1.44
95.61,38.08,0.0,0.92,48.96,3.94,42.13,0.53
96.3,38.98,1.81,-1.32,81.17,9.01,32.96,0.96
82.74,39.45,1.72,-3.06,48.33,5.36,30.72,1.36
33.3,37.83,0.0,1.97,57.41,6.69,28.97,1.53
97.47,38.98,0.0,0.88,51.64,6.01,37.36,1.21
60.59,39.04,1.52,-3.38,52.25,5.72,43.12,1.65
80.52,36.8,0.0,2.0,49.61,4.73,32.67,0.55
68.98,38.2,0.0,1.98,50.71,7.25,29.01,3.22
39.75,37.34,1.65,-3.31,50.5,6.16,39.21,0.0
43.24,38.59,0.0,2.08,50.59,5.61,28.06,1.6
73.14,38.24,1.83,-3.55,84.61,9.7,44.48,0.92
91.93,38.04,0.0,1.0,47.99,5.65,42.46,1.48
21.23,38.03,0.0,1.91,51.2,7.15,45.4,0.0
55.37,38.03,0.0,1.88,68.52,8.89,29.52,1.68
90.33,38.07,0.0,2.05,50.42,6.48,35.24,4.11
50.38,36.35,0.0,2.33,50.72,6.64,43.81,0.01
53.39,37.97,1.59,-3.04,49.95,6.02,33.03,1.69
82.84,38.76,0.0,1.81,86.62,10.3,27.49,1.07
57.36,45.06,1.26,-2.44,81.84,10.34,33.37,1.42
61.15,100.0,0.53,-0.97,56.83,5.05,27.39,0.52
61.97,36.9,0.0,1.87,51.12,6.61,38.66,0.0
88.53,38.76,0.0,1.74,91.3,10.4,42.35,0.9
57.94,38.76,0.0,2.0,101.76,12.61,35.72,1.59
80.96,100.0,0.63,-1.28,49.09,6.61,29.79,0.0
84.7,44.43,1.17,-2.69,50.38,5.97,33.16,1.66
29.55,38.11,0.0,1.88,49.09,5.16,38.16,3.48
81.16,45.6,0.0,2.2,47.28,4.66,41.05,1.04
67.65,39.16,0.0,1.81,48.34,4.47,38.26,1.06
85.88,100.0,0.59,-1.31,69.77,9.0,42.02,1.37
86.36,37.48,0.0,2.17,50.94,4.41,29.26,0.54
65.03,37.2,1.35,-3.07,48.98,5.53,40.05,1.47
76.16,38.03,0.0,1.78,50.77,5.82,44.84,1.6
36.06,38.24,0.0,1.79,50.27,5.56,35.43,1.41
20.94,38.68,0.0,1.99,51.28,6.35,34.48,1.17
50.78,38.03,0.0,1.87,86.45,10.91,41.75,1.45
94.45,38.76,0.0,0.95,56.65,7.36,43.24,1.52
89.24,39.1,1.34,-2.87,50.24,6.53,46.73,1.63
53.66,36.35,0.0,2.13,56.34,6.52,37.83,1.62
60.0,38.98,0.0,2.04,49.93,7.04,34.13,0.0
45.77,38.75,1.33,-2.83,51.1,4.48,43.78,0.6
78.71,39.05,0.0,1.75,50.62,5.78,42.76,1.48
24.07,44.43,0.0,2.08,70.07,8.28,27.22,1.28
37.07,100.0,0.0,2.01,50.08,5.28,35.43,1.37
93.65,37.5,0.0,0.95,82.77,10.02,30.96,1.59
44.74,38.03,0.0,1.99,51.59,5.39,28.05,2.72
81.32,69.67,0.97,-1.64,49.02,5.73,34.04,1.46
20.72,39.19,0.0,1.84,87.35,10.94,30.98,1.19
91.68,38.2,1.46,-2.76,47.76,4.24,31.65,1.13
96.64,37.51,0.0,0.99,50.13,5.55,45.82,1.42
69.37,39.86,0.0,1.97,47.88,4.22,33.38,0.81
66.93,100.0,0.64,-1.22,48.9,6.03,28.83,1.72
57.72,37.2,1.58,-3.27,56.08,7.04,29.3,1.55
30.28,38.98,0.0,1.81,50.36,4.58,33.11,0.0
77.28,36.27,1.92,-3.65,73.1,8.89,36.65,1.65
88.27,37.5,0.0,2.12,67.28,8.5,35.44,1.55
38.37,39.03,0.0,1.85,50.39,5.86,38.54,1.76
80.0,38.24,1.8,-3.21,79.44,9.36,32.62,1.68
41.59,100.0,0.0,1.68,50.36,5.48,40.9,1.5
37.35,38.76,1.52,-2.81,50.45,4.48,27.42,0.6
78.48,39.19,0.0,2.18,49.23,6.17,30.84,4.4
73.57,37.34,1.76,-3.55,51.11,5.99,43.04,1.46
61.86,36.27,0.0,2.19,48.72,6.16,41.3,1.72
95.42,38.03,1.75,-3.02,47.54,6.4,37.92,3.75
39.32,38.04,1.32,-3.05,50.11,5.31,26.63,0.0
25.22,38.09,1.52,-2.94,50.23,5.55,45.49,1.41
45.77,37.67,1.88,-3.5,51.45,6.55,45.88,1.34
29.48,39.9,1.34,-3.05,58.44,6.97,35.31,1.48
32.68,37.15,0.0,2.05,49.35,5.25,27.8,1.29
95.48,37.91,0.0,1.13,48.9,5.77,28.57,1.32
92.25,38.97,0.0,0.95,55.59,6.32,31.14,1.38
50.64,38.12,1.42,-3.05,60.47,5.33,43.64,1.03
63.91,36.94,0.0,1.97,49.32,5.86,31.11,1.83
62.72,38.08,1.53,-3.24,48.53,6.42,30.92,0.0
88.26,36.68,1.62,-3.38,48.45,5.85,30.76,1.56
70.51,37.95,0.0,1.99,48.37,5.46,44.66,3.18
27.43,38.68,1.55,-3.3,47.93,6.06,43.12,1.59
30.19,37.95,0.0,1.71,48.31,4.11,36.6,1.1
85.03,37.5,0.0,1.65,104.07,12.01,30.34,0.55
41.55,36.9,1.16,-2.48,87.11,9.08,25.37,0.47
87.95,38.27,0.0,2.09,77.6,9.24,37.1,1.64
83.16,39.16,0.0,1.79,51.34,4.48,40.87,0.65
69.67,100.0,0.0,1.86,58.51,6.1,28.63,1.32
28.27,39.21,1.56,-3.13,49.78,7.22,27.35,0.0
50.76,37.91,0.0,1.87,47.44,5.29,37.56,1.38
47.24,39.09,0.0,2.02,49.02,5.36,34.43,1.3
61.17,37.79,0.0,2.07,50.22,4.56,39.51,0.56
22.78,37.2,0.0,1.94,49.11,6.1,33.06,1.32
93.49,41.93,0.0,1.12,51.91,4.8,33.67,0.86
85.32,38.08,0.0,1.97,66.92,6.19,30.16,0.41
92.23,37.57,0.0,1.14,48.64,6.02,28.68,1.67
96.57,37.95,0.0,0.97,51.29,5.92,32.56,1.49
84.03,38.76,1.5,-3.19,49.85,7.27,39.42,3.21
23.3,38.25,1.43,-3.14,48.9,5.73,44.63,1.27
92.48,37.77,0.0,0.95,47.68,5.41,36.71,1.51
51.22,36.35,0.0,2.02,50.68,7.09,28.79,3.98
36.97,38.08,1.83,-3.57,48.07,5.49,35.39,1.59
69.85,38.18,1.48,-2.91,51.55,6.39,29.21,1.2
32.62,35.55,1.45,-3.28,51.83,5.17,33.41,0.78
76.09,38.61,0.0,2.13,50.16,5.85,35.37,1.27
52.37,37.51,0.0,2.1,47.94,5.76,35.54,0.0
38.88,37.2,0.0,2.2,48.83,6.01,46.1,1.51
42.6,37.51,1.89,-3.72,101.53,12.69,40.06,1.15
93.45,39.19,0.0,1.07,47.88,6.45,32.72,0.0
49.11,38.12,0.0,1.99,50.33,7.17,30.19,0.0
29.05,38.75,1.34,-2.62,61.13,7.06,31.89,1.65
42.28,38.12,0.0,2.06,48.6,5.88,42.97,1.43
25.16,100.0,0.61,-1.07,48.42,5.47,38.09,0.0
47.2,37.86,1.93,-3.55,50.85,6.65,41.51,1.62
64.34,38.68,1.41,-2.78,48.22,5.65,43.73,0.0
33.98,38.56,0.0,1.82,49.35,4.04,34.49,0.81
92.83,38.97,0.0,1.0,57.25,6.63,40.1,1.6
65.67,37.51,1.34,-2.97,49.32,4.54,40.61,0.61
51.8,38.27,0.0,2.28,49.91,5.75,44.76,1.45
61.44,39.9,0.0,2.02,51.46,5.55,29.86,1.6
57.67,38.18,0.0,1.82,73.45,8.81,41.76,1.57
73.35,38.03,0.0,1.95,49.86,5.69,35.01,1.36
90.0,38.98,1.3,-2.61,46.87,5.38,29.94,0.0
43.88,38.68,0.0,1.88,51.58,5.95,35.28,3.04
83.3,45.06,1.24,-2.49,51.01,6.17,30.02,1.58
68.61,38.07,1.46,-2.75,48.73,5.88,43.48,1.54
94.36,37.34,0.0,0.91,92.51,11.06,37.98,1.38
56.67,37.93,1.81,-3.53,49.02,5.37,43.07,1.38
56.65,38.12,0.0,2.0,49.88,5.81,37.53,1.62
28.18,38.57,0.0,2.21,50.05,4.85,40.28,0.0
40.12,37.25,1.69,-3.42,51.98,5.15,33.5,0.87
98.24,38.12,0.0,1.01,69.03,8.33,46.37,1.46
44.42,36.35,1.67,-2.95,39.07,5.13,30.52,1.16
70.53,36.98,1.51,-3.46,48.99,5.73,38.12,1.5
52.58,38.07,1.37,-2.92,48.38,5.0,27.13,0.0
58.88,37.49,1.58,-3.05,48.37,5.59,40.23,1.3
43.65,38.12,1.29,-2.68,48.67,6.24,39.38,1.5
90.16,39.17,1.72,-3.02,47.6,5.83,44.37,1.66
19.92,44.43,0.0,-0.2,67.04,7.2,24.43,0.57
21.63,37.15,0.0,2.06,51.37,7.14,45.5,0.0
58.38,100.0,0.6,-1.19,63.43,7.43,45.73,1.36
88.46,37.68,1.42,-3.2,47.59,5.27,34.22,1.43
55.66,38.38,0.0,2.14,47.63,4.06,30.34,0.86
53.31,38.75,1.7,-3.11,50.78,6.2,46.08,1.58
96.95,38.08,0.0,0.94,95.76,10.58,36.94,0.64
94.79,36.94,0.0,1.03,50.84,5.89,38.05,1.54
97.87,38.07,0.0,0.99,48.7,4.76,41.33,2.62
61.49,39.09,1.54,-3.21,49.78,6.08,35.88,0.0
79.68,39.04,0.0,1.85,48.56,3.71,38.96,0.44
94.25,38.4,0.0,1.02,50.6,6.52,36.75,1.81
90.34,38.03,1.58,-3.4,48.82,6.4,29.66,0.0
82.84,38.74,1.7,-3.42,49.72,6.7,46.73,1.77
89.26,37.51,1.6,-3.17,54.52,6.1,29.65,1.43
71.82,37.34,0.0,1.81,51.31,6.17,40.59,1.4
26.65,45.6,0.0,2.06,51.25,5.95,41.55,1.7
61.15,38.08,0.0,1.81,50.74,6.39,28.29,1.2
56.7,36.62,0.0,2.01,49.15,5.17,36.63,0.94
57.82,38.76,0.0,1.84,49.61,5.63,39.61,1.73
65.01,38.57,0.0,2.06,50.0,4.72,28.09,0.78
95.06,36.9,1.72,-3.28,47.93,5.84,46.62,1.58
70.61,38.12,0.0,2.02,50.22,6.46,28.67,3.33
49.02,38.76,1.78,-3.49,63.97,8.24,33.48,1.71
68.37,37.99,1.69,-3.46,50.66,5.51,35.89,1.14
27.41,37.2,0.0,2.0,49.14,6.15,31.44,0.0
61.62,37.83,0.0,1.67,99.28,12.09,44.29,1.25
70.08,38.74,0.0,2.01,49.13,5.71,46.79,1.69
20.12,37.2,0.0,-0.57,99.76,12.5,29.12,1.52
41.32,37.51,1.59,-3.25,50.9,6.76,42.11,0.0
77.64,38.2,0.0,1.89,50.44,4.24,41.92,0.62
91.16,37.68,0.0,1.02,93.33,11.69,30.01,1.52
95.13,38.27,0.0,0.96,91.75,10.4,38.48,1.13
38.87,38.48,1.45,-2.78,48.4,5.68,44.98,1.79
23.41,38.56,0.0,1.87,50.37,6.11,45.02,1.81
64.64,37.34,1.1,-2.4,49.2,4.92,38.83,0.0
24.98,37.2,0.0,2.2,50.04,5.93,38.95,1.45
75.27,39.19,0.0,2.07,47.34,5.4,38.13,1.43
63.76,38.03,0.0,2.12,82.55,8.38,41.13,0.52
97.31,38.38,0.0,1.03,48.45,5.98,34.26,1.47
52.59,38.57,0.0,1.86,47.88,6.56,33.47,3.33
66.54,39.46,1.47,-3.11,49.62,5.19,32.84,1.56
57.05,37.34,0.0,2.18,50.34,5.76,42.28,1.81
65.61,38.07,1.29,-2.89,47.04,5.11,35.71,1.31
83.08,39.09,0.0,1.8,75.06,8.92,31.57,1.14
36.53,35.55,0.0,2.01,77.17,9.04,29.59,1.45
42.97,38.56,1.64,-3.22,79.87,10.54,42.19,1.87
55.26,39.33,1.38,-2.75,49.83,5.78,37.03,1.47
51.89,37.5,0.0,2.05,54.13,6.47,34.39,1.71
38.86,37.99,1.37,-3.18,75.1,9.24,26.62,1.26
37.64,39.21,0.0,1.92,49.98,5.22,36.43,3.41
86.48,38.97,1.45,-3.27,85.77,10.57,36.68,1.64
51.31,37.95,1.45,-2.94,62.51,7.61,35.41,1.44
97.75,35.55,0.0,1.06,49.77,6.91,46.92,0.0
61.02,38.56,1.31,-2.67,62.99,6.0,24.09,0.69
97.1,36.9,0.0,1.01,59.75,6.7,42.16,1.47
36.11,37.53,0.0,2.0,50.27,5.2,43.99,1.32
51.33,37.34,1.51,-2.89,49.82,6.38,29.46,4.39
92.09,37.15,0.0,1.03,78.57,9.75,46.87,1.7
51.55,44.43,0.0,2.09,50.03,5.41,42.19,1.34
90.64,37.2,1.73,-3.28,73.57,9.0,38.31,1.68
20.68,37.86,0.0,1.83,81.37,10.52,37.99,1.33
60.46,37.68,1.47,-2.66,47.53,5.53,44.49,1.31
73.15,39.19,1.65,-3.39,50.47,5.23,29.34,1.36
70.3,38.03,0.0,1.86,47.97,5.51,43.21,1.44
85.21,38.98,0.0,1.99,48.6,6.31,41.08,4.5
33.85,37.51,0.0,1.79,49.96,5.93,38.23,3.18
46.82,39.09,1.42,-2.63,49.39,4.63,28.6,1.34
68.59,38.12,0.0,1.98,49.98,6.21,45.34,0.0
60.56,37.95,0.0,2.34,50.86,6.84,32.85,0.0
93.16,38.38,0.0,0.81,49.65,5.09,27.08,0.0
42.0,38.68,0.0,2.06,51.54,6.89,37.07,3.5
29.9,39.09,0.0,1.99,53.38,5.98,28.13,1.72
27.15,37.5,0.0,2.26,51.25,5.57,27.83,1.13
83.58,36.27,0.0,1.95,51.02,6.4,45.93,1.65
92.7,37.5,0.0,1.04,79.2,9.77,28.07,1.37
75.45,38.56,1.87,-3.56,50.03,5.93,29.49,1.65
82.72,38.12,1.37,-3.06,84.05,8.87,31.71,0.48
20.56,35.55,0.0,1.91,58.35,7.32,42.27,1.56
61.75,38.09,1.59,-3.2,48.58,6.81,42.25,0.0
83.8,38.68,0.0,1.92,65.36,7.36,43.41,0.94
86.32,38.38,0.0,2.0,49.7,6.88,35.69,0.0
19.86,39.9,1.73,-3.59,69.75,8.78,31.36,1.47
86.56,39.25,0.0,1.98,55.62,5.25,28.33,0.95
40.93,38.2,0.0,2.13,47.85,5.27,44.67,1.08
44.55,39.6,1.61,-3.31,48.84,6.04,30.82,1.53
31.05,38.98,1.25,-2.58,47.59,4.78,43.97,1.21
36.24,37.77,1.5,-2.5,47.79,4.72,26.79,0.89
97.59,37.51,0.0,0.94,49.63,5.14,42.95,0.84
87.69,36.74,0.0,2.22,47.48,4.79,40.9,1.16
21.09,71.63,0.67,-1.44,48.47,5.62,32.99,1.32
37.87,38.57,0.0,1.8,49.07,6.3,28.29,0.0
57.53,36.83,0.0,1.8,48.71,5.19,36.71,1.49
78.48,38.76,0.0,2.24,49.29,6.87,32.57,0.0
45.62,37.86,0.0,2.2,49.99,6.02,39.65,1.61
32.91,37.2,0.0,1.79,48.74,5.9,32.32,1.65
35.62,37.15,1.51,-2.89,49.79,4.9,42.84,2.11
82.97,38.76,0.0,2.04,50.41,5.57,33.51,1.02
69.98,36.9,0.0,2.15,48.5,6.27,27.3,3.38
32.18,37.35,0.0,2.05,47.99,6.14,40.09,1.48
72.22,100.0,0.53,-1.0,48.81,3.74,24.53,0.37
46.65,37.2,1.37,-2.81,50.09,4.09,41.43,0.5
85.99,39.19,1.62,-2.98,48.38,5.84,29.25,1.45
71.21,38.76,1.59,-3.13,50.82,6.01,36.32,3.29
97.46,37.5,0.0,0.98,52.52,4.81,37.09,0.95
69.5,38.04,0.0,1.78,74.5,7.98,32.22,0.88
98.32,36.35,0.0,1.05,72.57,8.79,32.97,1.37
62.14,39.09,0.0,1.86,100.31,11.35,29.09,1.16
21.55,37.86,0.0,1.78,83.38,10.27,42.79,1.52
40.23,38.89,0.0,1.87,50.32,6.37,40.34,1.92
90.89,38.08,1.69,-3.21,47.96,5.94,40.65,1.56
87.97,38.98,0.0,1.92,49.29,5.54,36.29,2.51
51.47,38.38,0.0,2.27,50.51,6.38,38.16,1.74
85.28,37.5,0.0,1.87,61.96,7.02,29.48,1.18
82.58,38.08,0.0,1.83,51.64,5.0,39.93,0.97
21.29,38.16,0.0,1.8,48.84,5.81,40.76,1.29
54.51,37.5,0.0,1.88,51.17,7.15,41.56,4.06
57.17,37.68,0.0,2.14,48.96,5.42,35.15,1.34
90.31,100.0,0.56,-1.13,59.47,7.18,34.53,1.59
68.52,38.98,0.0,1.69,48.15,5.21,45.88,1.34
90.73,36.62,0.0,2.22,48.76,6.53,41.74,3.61
95.33,36.62,0.0,0.97,49.98,5.31,36.35,0.0
49.27,39.09,0.0,1.73,82.35,10.28,30.02,1.54
39.15,38.76,0.0,2.27,49.6,6.08,43.94,1.68
41.24,37.95,1.8,-3.43,72.78,8.32,36.68,1.04
18.07,39.14,0.0,-0.75,52.08,5.91,27.64,1.07
77.14,45.06,0.0,2.19,51.86,5.91,43.35,1.84
87.68,38.04,1.4,-2.72,48.5,5.47,35.38,1.45
80.93,38.76,0.0,1.87,50.79,7.09,41.44,0.0
40.8,38.76,0.0,2.0,50.0,6.56,43.36,4.06
33.61,39.09,0.0,1.7,50.76,6.32,42.19,4.22
70.0,37.73,0.0,2.24,47.91,5.95,36.94,1.5
84.86,37.95,0.0,1.98,52.13,6.86,34.17,0.0
43.82,38.68,0.0,2.22,50.9,5.44,44.57,0.94
96.89,38.07,0.0,1.02,49.4,5.32,40.21,1.99
54.0,37.51,0.0,1.89,49.08,5.84,35.98,1.68
37.52,45.06,1.09,-2.36,47.85,5.01,34.82,1.28
22.9,38.98,1.57,-2.85,48.86,7.22,29.88,0.0
83.2,39.86,1.82,-3.38,50.48,5.92,43.77,1.49
22.92,38.56,1.67,-2.88,98.19,12.15,26.29,1.29
71.04,38.68,0.0,1.95,87.41,10.23,32.38,1.37
82.12,37.97,0.0,1.92,49.96,6.01,32.23,1.6
65.13,38.98,0.0,2.11,49.1,3.53,28.85,0.69
85.47,38.73,1.74,-3.5,50.98,5.83,26.51,1.49
82.11,38.56,1.7,-3.08,48.67,5.65,38.25,1.46
65.99,38.68,1.38,-2.75,83.52,9.81,35.79,1.25
63.69,37.57,1.33,-2.84,47.22,5.84,43.16,2.76
29.16,38.76,0.0,1.97,57.49,5.36,35.76,0.83
94.02,38.27,1.4,-2.99,49.07,5.69,32.36,1.65
37.37,37.25,1.33,-2.75,51.03,4.34,30.74,0.52
74.74,44.43,0.0,1.79,52.01,6.11,32.49,3.78
98.5,37.57,0.0,1.13,49.33,3.8,36.23,0.48
81.8,37.2,1.5,-2.93,51.42,6.17,44.15,1.5
94.1,38.08,1.48,-2.68,101.06,12.42,36.85,1.49
70.11,38.01,0.0,2.07,48.98,4.84,30.12,1.26
94.08,37.95,0.0,1.05,50.37,5.83,41.05,1.64
71.9,37.83,0.0,1.63,51.71,6.31,39.79,1.56
20.03,39.7,0.0,2.0,50.9,4.98,33.5,0.71
55.87,37.2,0.0,2.12,49.31,4.77,31.84,0.0
44.49,39.15,0.0,1.89,49.18,5.52,40.77,1.39
36.68,38.4,1.41,-2.85,50.91,4.43,39.32,0.73
34.35,38.68,0.0,2.02,49.75,5.65,44.71,1.66
95.42,36.87,1.75,-1.21,50.16,6.02,46.36,1.53
40.03,38.42,0.0,1.9,51.0,6.14,35.95,1.43
96.43,37.33,0.0,1.05,46.64,5.21,37.79,1.29
23.2,39.25,0.0,1.92,50.94,4.78,31.92,0.7
56.97,37.2,0.0,2.17,48.42,5.05,24.54,0.0
51.92,39.09,1.36,-3.21,51.69,4.86,40.49,0.82
32.39,38.11,0.0,1.76,48.65,5.62,37.38,1.61
22.65,38.03,1.64,-3.21,51.26,6.35,33.45,1.62
76.07,39.09,1.38,-2.6,49.03,4.81,31.47,0.0
91.02,38.98,1.29,-2.54,85.27,8.32,28.89,0.64
43.2,39.33,0.0,2.21,92.71,10.28,26.55,0.94
71.59,38.27,1.67,-2.98,50.01,4.95,40.37,0.82
63.78,37.5,0.0,2.11,99.52,12.55,33.22,1.4
95.76,36.35,0.0,1.18,64.72,8.1,44.88,1.46
75.13,38.04,0.0,1.86,84.36,10.52,27.52,1.71
49.14,38.98,0.0,2.22,49.32,5.13,37.05,2.57
94.41,37.68,1.27,-2.61,47.43,5.26,31.01,1.08
52.85,38.07,0.0,2.05,64.55,7.18,27.2,0.91
56.04,38.07,0.0,2.13,67.68,6.07,35.24,0.46
39.04,38.98,0.0,2.05,75.22,9.06,32.44,1.51
83.74,38.08,0.0,2.16,51.34,5.13,39.07,0.8
60.11,38.76,1.2,-2.44,51.21,5.65,45.43,1.42
83.38,37.5,0.0,2.04,102.09,11.99,43.46,1.03
82.99,38.97,1.82,-3.5,89.34,11.45,32.51,1.58
50.75,100.0,0.0,1.88,48.07,5.32,27.46,1.41
95.29,39.11,0.0,0.95,50.48,5.51,42.91,0.93
21.04,37.83,1.51,-2.59,49.82,4.4,44.17,0.84
64.34,36.9,1.69,-3.22,64.95,7.22,40.34,1.29
85.62,39.25,0.0,1.99,54.46,4.99,37.94,0.6
24.21,37.95,1.83,-3.31,86.66,11.98,39.72,1.71
52.53,38.46,1.49,-3.11,50.61,5.7,36.07,1.75
61.14,38.03,0.0,1.95,51.71,5.9,34.27,1.12
31.0,44.43,0.0,2.14,81.86,10.55,44.8,1.57
23.0,37.5,0.0,2.3,52.0,4.59,25.37,0.58
81.58,38.08,0.0,1.79,51.43,5.84,34.64,1.18
21.33,39.09,0.0,1.91,51.1,4.41,24.13,0.5
34.52,38.68,1.12,-2.39,47.24,4.52,31.37,1.01
59.97,38.12,0.0,2.11,48.81,5.24,40.75,3.82
24.87,39.21,1.69,-3.4,50.3,6.06,33.22,3.16
81.81,39.39,1.26,-2.94,48.99,5.43,28.97,1.41
86.11,38.68,0.0,2.32,49.38,4.17,37.94,0.52
93.14,100.0,0.0,1.02,101.78,13.06,44.98,1.92
47.57,39.01,0.0,2.1,49.24,4.14,43.68,0.83
94.5,38.03,0.0,1.0,50.31,6.23,29.72,4.33
52.92,100.0,0.0,2.17,48.0,5.83,44.68,1.5
68.71,100.0,0.58,-1.07,47.97,5.6,44.05,1.5
96.53,36.78,0.0,0.89,49.45,4.42,35.0,0.54
78.75,37.2,0.0,2.1,50.67,4.76,33.14,0.82
37.87,38.04,1.45,-2.77,49.77,4.82,38.74,3.22
26.3,37.95,0.0,2.07,103.48,11.96,26.4,0.71
35.78,39.09,1.77,-3.56,50.97,6.07,32.57,1.63
58.77,38.98,0.0,2.26,46.68,5.85,43.03,1.64
28.61,37.99,0.0,1.91,51.6,4.85,32.35,0.78
28.09,39.09,1.87,-3.45,51.08,7.62,42.27,4.2
46.73,37.2,1.93,-3.32,71.36,9.05,31.73,1.57
94.29,45.06,0.0,1.09,48.44,5.31,43.83,1.52
66.35,37.83,0.0,1.72,50.31,5.67,43.49,1.6
81.1,37.2,0.0,1.77,48.8,5.08,27.38,1.18
26.53,39.09,1.56,-3.43,51.96,6.07,37.33,1.8
61.3,38.68,0.0,2.09,51.69,5.48,38.24,1.65
25.89,39.9,0.0,1.87,78.83,8.56,27.04,0.69
58.9,39.19,0.0,2.25,50.05,6.69,37.38,3.21
92.59,38.24,0.0,0.95,50.17,6.05,45.6,1.78
22.3,37.5,1.91,-3.94,51.73,6.83,35.95,1.68
61.22,38.07,0.0,2.04,47.41,5.03,37.4,1.44
21.57,37.97,1.76,-3.22,50.54,6.87,42.83,3.66
87.82,39.17,1.3,-2.47,48.02,5.26,43.8,1.42
94.81,37.24,0.0,0.97,50.16,5.82,34.55,1.55
65.93,38.68,0.0,2.1,81.16,8.15,35.88,0.52
71.19,38.04,0.0,2.19,47.79,4.74,38.3,1.11
55.66,39.06,1.87,-3.68,50.0,6.32,36.33,1.64
77.6,39.7,1.67,-3.23,51.6,5.37,40.99,1.06
42.14,38.85,1.33,-2.93,47.99,5.88,41.53,1.65
95.14,35.55,1.52,-3.19,51.36,5.92,40.66,1.43
93.99,38.68,0.0,1.03,83.5,11.06,36.12,1.8
31.45,38.03,0.0,2.22,59.04,6.96,37.74,1.33
56.25,38.24,0.0,2.15,50.65,6.61,35.98,4.43
84.1,38.83,0.0,1.93,48.01,5.67,45.91,1.4
64.04,37.51,0.0,2.0,73.5,9.0,29.07,1.17
82.22,37.51,0.0,1.88,49.52,6.26,28.44,1.75
68.67,39.25,0.0,1.74,47.54,6.18,30.44,3.38
95.86,38.07,0.0,1.13,89.4,10.99,45.58,1.47
34.77,39.25,0.0,2.14,48.78,6.71,27.19,0.0
20.08,38.04,0.0,-0.45,50.63,6.65,41.78,3.6
47.9,38.15,1.77,-3.21,50.43,6.4,36.07,0.0
31.86,38.98,0.0,2.29,63.19,6.61,40.88,1.04
27.52,37.95,1.6,-3.1,82.98,10.28,27.47,1.7
35.81,39.33,1.64,-3.34,49.35,5.42,44.03,1.45
76.98,38.04,1.41,-2.91,50.58,5.82,32.68,1.73
67.14,38.07,0.0,1.83,48.61,5.52,38.09,1.69
23.34,39.81,0.0,1.9,49.09,5.36,42.23,1.24
42.71,37.91,1.84,-3.4,51.4,6.88,37.6,3.84
69.66,38.53,0.0,1.85,48.57,5.84,41.64,1.7
81.38,37.84,1.07,-2.28,50.22,3.97,41.34,0.52
83.44,38.0,1.63,-3.32,50.24,6.15,38.15,1.86
42.27,38.03,1.53,-2.98,51.69,4.25,39.67,0.7
33.57,37.51,0.0,1.73,48.14,5.69,40.97,1.52
35.61,50.96,1.19,-2.27,48.17,5.4,44.73,1.46
21.98,44.43,0.0,2.06,68.7,6.61,36.46,0.65
57.32,38.04,1.68,-3.36,48.65,5.84,28.26,1.65
82.28,38.08,0.0,2.33,65.4,6.93,30.42,0.94
94.05,37.04,0.0,1.09,48.3,4.02,28.83,1.12
52.07,39.09,1.12,-2.3,49.44,3.74,29.96,0.51
45.4,39.09,1.42,-2.83,49.16,5.55,27.38,1.25
65.16,38.76,0.0,2.02,50.4,5.46,41.89,2.73
40.58,55.11,0.83,-1.51,47.77,4.94,27.03,0.97
92.8,37.95,0.0,1.03,50.3,6.79,27.92,4.5
71.44,35.55,0.0,2.06,50.47,5.39,28.09,0.0
74.4,37.21,0.0,1.75,48.8,5.96,32.13,1.62
70.48,38.03,1.13,-2.4,48.12,4.3,41.93,0.0
26.03,38.04,0.0,1.95,51.12,5.22,34.33,2.52
36.32,37.57,0.0,1.87,50.41,5.51,32.04,1.37
33.44,38.76,0.0,2.2,48.39,5.5,34.83,1.33
81.24,38.97,1.74,-3.56,91.17,11.34,44.78,1.43
74.67,38.08,0.0,1.97,103.64,13.52,35.74,1.55
22.15,38.57,0.0,1.91,51.93,6.73,43.51,0.0
18.84,39.67,1.58,-3.05,51.07,6.81,44.36,1.53
69.1,38.01,1.56,-2.88,51.27,4.93,25.16,0.7
85.02,37.68,1.84,-3.44,48.22,5.78,44.27,1.52
24.25,37.91,1.27,-2.81,48.0,4.1,39.72,0.66
74.47,37.24,1.55,-3.33,59.05,6.77,27.19,1.4
25.57,37.5,1.7,-3.06,48.64,6.48,29.8,0.0
72.76,38.56,0.0,1.93,49.12,5.28,30.91,0.0
74.99,37.15,0.0,2.05,52.8,5.93,32.59,1.51
18.81,38.12,1.5,-2.91,90.64,9.98,29.21,0.58
79.99,38.56,0.0,2.07,49.14,6.19,36.49,1.48
47.17,37.51,0.0,2.0,50.6,4.33,26.81,0.42
30.89,37.34,1.65,-3.22,47.91,5.76,29.49,0.0
92.86,36.9,0.0,0.99,50.27,5.74,41.61,1.49
86.64,38.57,0.0,1.8,48.53,5.77,41.43,1.45
87.11,37.93,1.76,-3.32,49.2,6.78,32.15,0.0
63.38,38.76,0.0,1.89,50.73,6.22,30.55,1.76
43.4,38.76,1.66,-3.11,51.25,5.44,45.92,1.56
61.41,39.88,1.71,-3.1,49.9,6.06,34.55,1.86
25.51,38.98,0.0,1.76,51.84,7.18,37.25,0.0
66.38,38.07,0.0,2.05,83.16,10.07,29.27,1.54
82.71,37.95,0.0,2.26,50.47,5.95,30.57,0.0
70.16,38.08,0.0,2.02,48.38,5.95,45.96,1.64
66.92,38.08,0.0,2.1,91.03,9.76,35.54,0.83
23.66,45.06,0.0,1.95,49.79,3.77,30.27,0.33
60.98,39.19,0.0,2.08,50.13,6.84,34.28,0.0
48.45,38.65,0.0,1.88,49.43,5.78,42.75,1.44
89.45,39.25,1.7,-3.0,93.01,11.58,27.08,1.51
73.16,35.55,0.0,1.72,49.05,4.68,30.4,0.0
85.08,38.11,1.68,-3.06,48.94,5.88,40.16,1.53
34.37,38.68,0.0,2.3,49.83,6.84,33.7,0.0
40.83,37.93,1.65,-3.43,60.36,6.76,39.69,3.38
68.62,100.0,0.0,1.63,57.0,5.8,29.1,1.05
30.7,36.27,1.1,-2.72,48.98,3.86,40.41,1.07
97.38,38.74,0.0,0.82,49.33,4.08,36.95,0.52
42.84,45.6,0.0,1.91,70.6,8.67,40.29,1.31
58.96,38.12,0.0,2.24,49.55,5.47,25.37,3.44
89.57,36.57,0.0,1.89,48.41,5.29,30.65,1.38
44.35,38.03,0.0,1.76,51.48,4.24,23.93,0.42
58.16,38.08,0.0,1.94,50.94,6.44,28.24,1.74
78.97,38.62,1.43,-2.97,48.96,5.9,31.16,1.37
62.93,39.19,0.0,2.31,51.92,6.23,29.83,1.46
56.77,36.35,0.0,1.93,51.65,6.09,32.29,1.52
35.27,37.68,1.46,-2.46,47.14,4.42,26.08,0.0
69.2,38.27,0.0,2.22,49.99,6.06,36.3,1.48
93.8,100.0,0.66,0.0,47.48,5.91,45.42,1.58
41.67,36.9,0.0,2.02,49.34,5.99,28.33,0.0
74.63,37.5,0.0,1.76,50.0,5.36,38.9,1.38
94.07,35.55,0.0,0.96,47.45,6.12,44.22,0.0
83.98,38.97,0.0,1.92,50.61,4.19,25.36,0.59
91.85,35.55,1.83,-3.29,51.12,5.73,30.39,1.41
98.15,38.4,0.0,1.02,51.93,6.5,27.49,0.0
73.06,39.09,0.0,2.32,50.61,6.01,35.51,1.67
97.91,37.68,0.0,1.09,50.34,4.53,35.26,0.58
73.18,100.0,0.67,-1.35,99.85,11.47,29.1,0.82
72.39,38.11,0.0,1.82,51.73,6.29,27.55,1.76
51.53,36.35,0.0,1.96,50.12,6.12,42.54,1.68
26.87,37.68,1.34,-2.81,47.63,6.29,36.99,3.73
53.68,37.38,0.0,2.13,48.14,4.85,31.47,0.96
90.02,38.03,0.0,2.07,91.26,11.25,36.45,1.36
23.04,38.04,0.0,1.98,51.95,7.47,27.53,2.91
38.72,38.03,0.0,1.77,52.33,6.56,34.36,3.37
97.18,37.51,0.0,1.0,50.29,5.31,29.36,1.05
86.38,37.2,0.0,2.18,60.82,7.66,36.69,1.6
53.95,38.98,0.0,1.85,48.12,5.72,28.12,0.0
55.92,38.76,0.0,2.28,49.51,6.49,27.72,3.91
40.68,39.9,1.36,-2.91,50.97,4.66,24.67,0.83
78.47,37.95,0.0,1.8,51.7,6.51,31.36,4.21
88.53,45.6,0.0,1.92,49.89,5.78,44.79,1.33
48.25,37.99,1.49,-2.98,64.49,8.15,42.41,1.59
94.51,39.19,0.0,0.99,49.58,6.12,29.1,1.6
35.02,38.11,1.4,-2.53,47.94,5.73,33.86,3.21
85.19,38.98,0.0,2.34,51.55,5.97,27.33,0.0
89.75,38.68,0.0,1.69,47.95,5.8,35.69,1.46
45.89,37.2,1.65,-3.33,50.93,6.52,32.94,2.78
53.32,38.16,0.0,1.86,50.81,4.32,38.75,0.56
94.89,38.65,0.0,1.05,47.35,4.7,33.41,1.09
83.3,38.98,1.71,-3.44,49.43,5.79,33.52,1.55
33.11,100.0,0.59,-1.3,49.93,6.4,41.81,4.04
76.71,35.55,1.71,-3.15,47.57,4.8,26.54,1.24
20.73,100.0,0.71,-1.29,49.3,7.17,42.28,0.0
42.85,37.68,1.89,-3.73,51.47,6.4,36.54,1.67
68.84,38.97,1.26,-2.56,101.12,10.87,39.1,0.36
34.86,37.97,1.42,-3.02,48.27,7.11,43.94,0.0
53.82,37.79,1.47,-2.85,48.87,5.66,33.9,1.67
28.5,38.2,0.0,1.8,50.28,5.63,28.18,1.47
95.06,38.98,0.0,1.16,50.59,5.87,39.97,1.65
68.1,37.2,1.35,-2.77,48.37,5.34,28.16,1.44
72.12,38.98,0.0,2.01,48.54,5.07,41.21,1.08
76.83,38.98,1.73,-3.12,48.69,5.71,28.41,1.52
33.77,37.15,0.0,2.19,47.7,5.5,34.05,1.45
24.23,37.95,0.0,1.92,101.48,12.62,33.23,1.11
23.46,37.51,0.0,1.74,51.65,7.52,27.27,0.0
28.22,37.83,0.0,2.32,51.06,5.64,28.35,1.5
44.16,45.06,1.25,-2.38,98.37,11.51,35.66,0.93
91.92,38.15,1.51,-2.99,50.35,6.09,29.95,1.82
81.4,38.81,0.0,1.77,50.7,5.68,31.14,1.72
60.0,37.51,1.56,-2.91,47.75,4.95,34.07,1.21
41.07,38.03,1.2,-2.73,50.85,4.32,30.59,0.62
87.6,38.38,1.43,-2.39,47.58,5.23,36.54,1.41
94.69,38.08,0.0,0.95,50.34,5.3,25.46,0.78
43.44,37.99,1.65,-3.29,70.26,8.63,26.89,1.4
44.8,38.75,0.0,1.87,48.87,5.26,40.54,1.46
54.58,37.15,1.73,-3.48,49.88,6.61,39.64,0.0
28.5,38.76,0.0,1.95,48.01,5.26,41.48,0.0
89.66,45.06,0.0,1.9,49.9,5.63,33.31,1.59
74.8,39.19,1.74,-3.36,50.22,5.61,40.71,1.37
70.04,38.24,1.45,-3.1,87.8,9.04,36.67,0.53
81.32,37.2,1.27,-2.78,82.26,8.58,26.88,0.68
56.11,39.25,1.81,-3.54,49.77,6.15,43.93,1.74
58.21,39.37,0.0,1.76,50.22,6.18,36.54,1.76
70.58,38.57,1.78,-3.46,47.51,5.61,31.08,1.7
65.9,37.5,0.0,2.23,75.72,7.71,41.71,0.51
29.97,39.09,0.0,1.79,50.46,6.62,28.78,3.93
67.13,36.51,1.59,-3.38,49.55,5.23,44.52,1.29
30.83,39.9,1.71,-2.93,56.35,6.46,38.74,1.58
37.94,38.15,1.43,-2.88,47.81,5.91,38.31,3.56
87.7,38.76,0.0,1.88,90.66,9.46,35.85,0.63
82.18,39.81,0.0,2.02,47.1,5.25,32.61,1.12
65.21,39.96,0.0,1.95,51.64,4.74,24.78,0.68
44.85,38.98,1.83,-3.69,51.23,6.35,42.37,1.88
56.01,45.06,0.0,1.97,49.81,5.13,31.48,1.35
95.45,40.72,0.0,1.06,49.38,4.03,30.59,0.86
50.29,38.67,0.0,1.84,48.84,5.3,31.54,1.35
51.06,37.2,1.58,-3.32,52.43,4.92,43.01,0.85
71.08,37.83,0.0,1.91,52.08,5.59,35.71,1.62
44.44,38.07,1.55,-2.79,48.59,5.34,33.64,1.48
43.37,38.03,1.55,-3.16,51.42,5.77,34.47,2.44
66.52,38.97,1.06,-2.31,47.4,4.62,38.4,0.95
76.02,38.98,0.0,2.1,48.37,5.73,31.66,1.28
49.06,38.4,1.58,-3.2,49.9,5.74,39.52,1.57
54.45,38.24,1.55,-3.2,103.81,13.56,37.77,1.69
97.91,37.2,0.0,1.03,50.01,4.61,24.1,0.65
33.02,36.35,1.57,-3.25,49.26,6.7,38.01,4.47
58.07,37.95,0.0,2.05,49.11,5.45,31.27,1.45
46.03,39.33,0.0,1.82,97.27,11.83,27.42,1.43
82.14,38.03,0.0,1.93,50.73,6.52,35.99,1.37
33.42,36.27,1.55,-2.93,49.97,4.33,35.81,0.64
59.11,96.78,0.47,-0.99,47.85,3.59,43.82,0.63
74.57,37.5,1.45,-2.99,63.94,6.17,31.62,0.54
60.24,45.06,0.0,2.22,49.84,6.46,39.44,0.0
56.08,37.83,0.0,1.8,92.36,10.59,30.63,0.89
74.57,36.9,1.81,-3.44,86.45,10.53,38.54,1.58
29.39,37.34,1.5,-3.15,47.69,5.81,40.05,0.0
49.92,37.97,1.74,-3.47,50.38,5.45,31.25,0.99
57.96,38.98,0.0,2.05,49.48,7.18,43.78,0.0
66.07,38.03,1.06,-2.5,48.05,4.49,36.18,0.91
37.31,100.0,0.58,-1.01,48.31,4.54,39.7,1.31
87.25,38.88,1.36,-3.05,49.53,5.91,40.98,1.46
29.21,38.07,0.0,1.62,50.69,6.05,35.97,1.48
90.91,38.68,0.0,1.99,48.65,5.97,38.29,1.68
53.49,39.25,0.0,1.93,48.8,6.97,26.38,4.1
76.82,38.2,0.0,2.19,51.12,5.13,25.55,2.72
43.21,38.12,0.0,1.92,49.49,5.53,37.98,1.36
94.4,37.2,0.0,0.99,54.07,4.89,41.5,0.53
39.03,44.43,0.0,1.95,94.32,10.54,39.98,0.61
41.24,39.19,1.76,-3.24,61.6,7.53,30.53,1.66
59.64,36.36,0.0,1.77,50.06,6.42,30.48,1.41
91.1,38.04,0.0,1.6,69.42,7.38,26.97,1.11
35.77,37.99,1.54,-3.09,77.46,8.44,34.2,0.74
81.79,39.25,0.0,1.89,51.77,5.91,28.93,1.16
77.7,39.09,0.0,1.64,51.09,4.69,35.53,0.73
88.76,39.66,1.78,-3.23,48.07,5.99,28.63,1.48
20.8,38.03,0.0,-0.63,51.37,6.16,45.21,1.71
44.69,44.43,0.0,1.77,100.34,11.93,44.15,1.32
34.53,38.98,0.0,2.18,49.4,6.51,35.51,3.15
20.27,39.25,0.0,-0.85,51.03,5.95,40.89,1.58
25.83,38.27,0.0,1.75,50.27,4.05,27.79,0.5
21.4,39.21,0.0,2.19,51.35,6.19,37.01,1.15
54.12,38.56,1.69,-2.89,67.64,7.76,42.13,1.09
96.7,38.24,0.0,1.01,57.09,5.75,39.32,0.71
97.98,38.03,0.0,1.08,47.29,4.39,42.91,1.1
63.3,38.07,1.85,-3.48,50.19,5.63,36.79,1.5
88.24,37.54,1.47,-2.88,47.17,5.17,35.41,1.23
94.5,38.34,1.08,-2.44,47.13,4.57,28.85,0.9
35.6,35.55,0.0,2.15,75.14,8.59,43.28,1.22
29.58,39.45,1.45,-2.76,47.51,5.67,30.12,1.46
21.53,38.11,0.0,2.03,51.25,6.6,28.08,0.0
63.71,38.27,0.0,2.18,49.1,6.1,40.16,1.52
31.18,100.0,0.0,2.24,48.72,5.64,27.27,1.41
18.7,38.74,0.0,-0.18,49.28,4.9,38.89,0.76
78.71,37.34,1.63,-3.37,51.65,6.49,38.17,1.91
91.91,44.12,0.0,0.93,51.03,6.5,45.01,1.87
95.47,38.12,0.0,1.05,58.08,6.2,35.66,1.13
37.29,38.07,0.0,2.23,48.65,3.94,40.53,1.0
68.49,37.91,1.78,-3.21,50.52,6.12,26.47,0.0
76.55,44.43,0.0,1.81,51.83,7.15,42.61,3.05
84.3,37.57,0.0,2.24,50.13,4.15,28.76,0.59
42.6,37.97,0.0,2.01,48.67,3.82,38.09,0.85
93.35,37.95,0.0,1.12,50.33,6.87,34.25,4.07
87.78,38.04,0.0,2.2,103.29,10.73,36.27,0.33
78.78,38.48,0.0,1.83,51.21,6.31,45.74,1.75
57.62,38.2,0.0,2.25,50.23,5.4,34.53,3.45
51.53,39.65,1.44,-3.22,50.46,5.03,27.0,0.7
44.61,45.6,0.0,1.77,74.46,8.61,36.78,1.47
48.59,37.08,1.35,-2.55,48.66,3.79,33.14,0.64
86.97,37.2,0.0,2.03,49.64,6.11,26.87,1.45
66.72,38.71,0.0,1.86,47.6,5.27,33.47,1.35
43.04,37.95,1.62,-3.36,70.73,8.93,35.71,1.34
38.69,37.25,1.43,-3.12,51.75,4.51,24.53,0.62
78.48,37.51,1.54,-3.01,48.5,5.69,29.67,1.77
64.27,100.0,0.64,-1.23,49.63,6.03,41.05,1.76
87.44,38.07,0.0,1.96,70.7,7.97,45.63,1.56
68.29,37.69,1.47,-2.88,48.28,5.71,41.69,1.33
27.65,38.75,1.4,-2.74,62.96,7.88,40.55,1.57
36.74,37.68,1.0,-2.12,48.05,4.4,37.26,0.0
86.94,38.03,1.67,-3.4,48.72,7.03,34.36,3.64
30.56,37.51,1.12,-2.37,47.31,5.82,42.73,0.0
28.37,38.98,1.39,-2.68,48.13,5.64,26.1,1.31
51.94,39.21,0.0,2.07,50.14,6.06,28.16,1.55
25.87,38.27,0.0,2.03,51.17,7.25,30.41,0.0
77.03,38.68,1.34,-3.19,51.33,5.71,44.58,1.64
78.3,39.03,1.78,-3.5,49.5,5.73,32.66,1.51
50.06,38.03,1.59,-3.29,50.52,6.6,46.59,4.33
63.54,38.12,1.39,-2.96,51.22,5.82,34.16,1.68
72.25,38.98,0.0,2.1,48.44,4.38,28.24,0.98
35.02,37.86,0.0,1.95,101.86,11.93,42.33,1.38
74.27,38.75,1.88,-3.51,51.02,5.73,38.38,1.63
45.83,38.98,0.0,2.38,50.39,4.48,36.87,0.79
39.06,38.24,0.0,1.94,50.25,6.52,45.25,1.76
69.27,39.09,1.37,-2.93,48.07,6.19,32.18,0.0
81.97,38.11,0.0,1.71,68.71,8.42,34.83,1.69
41.82,37.2,0.0,2.08,50.04,5.85,33.22,1.75
84.01,37.51,0.0,2.0,102.19,12.93,28.97,1.23
39.34,39.09,1.82,-3.11,50.3,5.97,43.3,1.57
57.18,39.09,0.0,2.12,49.96,5.5,38.87,0.88
82.41,38.03,1.41,-2.96,49.76,5.73,45.43,1.7
70.23,38.76,0.0,1.94,48.27,4.64,36.89,1.26
77.23,37.51,0.0,2.1,48.48,5.51,46.0,1.56
18.85,37.86,1.82,-3.53,77.48,10.23,38.76,1.42
68.06,37.15,1.55,-2.85,49.36,5.57,39.78,0.0
68.9,37.74,0.0,2.22,47.48,5.68,37.04,1.6
85.77,45.06,0.0,2.31,50.41,6.6,29.45,3.3
30.59,39.33,0.0,1.87,76.87,9.57,37.19,1.43
95.45,38.03,0.0,1.1,50.35,4.73,27.26,0.83
83.73,35.55,0.0,2.23,49.1,6.0,27.79,4.2
83.2,38.68,1.51,-3.3,50.9,5.68,43.89,1.51
88.16,37.34,0.0,2.09,75.74,7.38,28.08,0.7
32.49,50.65,0.0,2.18,48.27,5.38,42.37,1.2
49.65,38.68,1.3,-2.75,102.78,12.63,44.1,1.38
44.95,38.76,0.0,2.09,51.3,4.59,39.16,0.81
66.31,37.51,0.0,2.0,51.27,5.97,31.12,0.0
81.39,38.08,1.82,-3.39,62.41,7.45,40.66,1.46
98.3,37.5,0.0,0.83,50.93,4.47,38.22,0.57
26.01,37.2,1.58,-3.54,50.87,6.11,41.94,1.21
66.58,37.2,0.0,2.16,41.92,6.7,41.62,0.23
49.47,38.79,1.6,-3.44,50.65,5.31,35.79,1.32
95.11,38.97,0.0,0.93,65.96,8.41,35.71,1.65
56.73,37.51,0.0,2.21,49.37,6.91,37.97,3.28
92.57,37.93,0.0,0.86,49.44,5.4,28.97,1.43
36.7,37.85,0.0,2.07,50.69,5.86,42.46,1.12
87.26,37.51,1.46,-2.7,93.62,11.65,29.46,1.28
92.4,37.82,1.52,-3.04,51.62,6.1,40.41,1.68
52.13,37.97,0.0,1.88,48.45,5.94,28.23,1.53
35.19,37.2,0.0,2.28,50.13,5.91,37.64,1.61
91.74,37.88,0.0,0.92,50.23,5.35,26.69,1.27
91.87,38.76,0.0,0.97,47.6,4.64,40.38,1.24
66.23,36.9,1.46,-3.05,93.12,10.07,25.36,0.77
91.39,38.68,0.0,1.64,49.13,6.33,44.25,1.52
56.79,39.09,1.57,-3.39,50.41,6.54,27.49,0.0
35.28,38.11,0.0,1.98,47.86,6.04,44.27,0.0
48.37,37.57,0.0,2.13,47.44,5.75,32.82,1.47
22.72,37.93,1.86,-3.25,49.21,6.24,41.51,1.56
93.4,37.2,0.0,0.86,51.96,5.47,39.45,0.88
95.87,37.15,1.34,-2.51,101.26,12.16,36.62,1.03
97.3,38.04,0.0,0.96,91.64,10.46,30.29,0.9
92.74,37.4,0.0,0.99,48.87,6.31,29.18,1.75
40.0,100.0,0.52,-1.08,51.18,5.29,42.42,0.89
25.22,39.73,0.0,2.05,50.89,5.61,28.53,1.53
90.66,38.29,0.0,1.06,48.23,5.89,28.98,1.57
18.5,37.2,1.68,-3.54,52.4,7.11,41.56,0.0
96.69,35.55,0.0,1.02,49.51,7.45,27.45,0.0
20.66,36.35,0.0,-0.68,50.77,5.33,32.08,0.0
71.64,38.56,0.0,1.72,49.96,4.98,34.01,3.16
97.14,37.51,1.16,-0.6,49.3,4.31,41.79,0.49
36.6,38.27,0.0,1.75,49.16,4.87,28.28,3.63
68.19,37.37,0.0,1.92,48.44,5.93,33.02,1.39
68.47,45.06,0.0,2.15,51.43,5.37,25.39,0.0
97.38,38.07,0.0,0.93,49.46,6.97,42.12,0.0
92.17,37.5,0.0,0.91,77.24,9.45,37.65,1.42
36.85,37.34,1.39,-2.9,49.48,5.75,38.79,0.0
95.87,38.09,0.0,1.06,48.0,4.16,27.99,0.92
50.66,38.65,0.0,2.21,50.05,5.91,36.29,1.56
93.15,37.34,1.48,-2.99,47.9,4.79,40.06,1.14
82.36,37.91,1.18,-2.7,48.31,5.57,30.32,3.58
52.8,37.99,1.58,-3.34,59.4,6.67,28.87,1.34
59.48,38.27,0.0,1.72,47.67,5.39,30.77,1.35
64.47,39.19,1.27,-2.66,83.97,8.42,26.33,0.89
96.02,37.51,1.12,-2.29,49.02,4.05,30.39,0.69
59.3,37.2,1.68,-3.17,54.24,6.16,29.27,1.43
91.58,37.62,0.0,1.0,48.05,5.68,36.49,1.4
29.05,37.51,0.0,1.94,50.1,4.82,28.48,0.0
46.01,39.19,0.0,2.07,51.41,4.88,42.81,0.72
66.29,38.46,1.17,-2.19,48.18,4.83,32.48,1.02
74.37,38.03,1.39,-2.94,49.7,5.62,41.12,3.18
45.18,38.68,1.63,-3.13,50.93,6.46,40.27,1.3
32.16,37.86,1.55,-3.15,66.31,6.54,37.19,0.69
41.08,100.0,0.67,-1.37,50.76,6.89,34.29,0.0
58.29,38.11,1.27,-2.74,49.59,5.52,35.78,1.47
59.13,39.25,0.0,1.92,49.68,6.69,45.49,0.0
94.81,38.76,0.0,0.9,50.4,6.07,36.37,3.95
42.52,38.98,0.0,1.85,51.07,6.29,44.34,0.0
36.61,38.76,0.0,2.02,48.95,6.22,27.48,0.0
56.42,39.09,0.0,1.97,93.86,11.26,35.16,1.07
91.5,38.66,0.0,0.96,47.77,4.52,40.65,1.03
97.2,38.49,0.0,1.05,48.41,4.06,27.72,0.91
40.74,39.33,1.48,-2.9,48.34,5.59,31.48,1.55
73.71,37.5,0.0,1.67,49.69,5.32,41.24,1.45
97.99,38.07,0.0,1.11,97.26,11.96,40.39,1.72
32.61,37.68,1.26,-2.31,48.72,4.81,26.8,1.17
96.1,38.08,1.09,-0.54,47.95,4.82,35.71,1.06
91.02,38.68,0.0,1.24,74.35,8.78,42.45,1.13
77.38,38.03,1.7,-3.53,50.52,6.22,34.87,0.0
29.94,38.08,0.0,2.01,48.81,6.23,30.7,0.0
56.24,36.35,0.0,2.2,48.48,4.12,32.51,2.8
49.49,38.0,0.0,2.07,47.61,5.6,39.38,1.71
40.27,39.63,1.46,-2.87,50.28,5.65,29.8,1.36
32.72,39.09,0.0,1.87,57.79,7.06,44.78,1.72
43.07,37.21,1.27,-2.72,51.61,4.67,40.11,0.84
42.53,37.2,0.0,2.33,50.92,5.05,35.68,0.72
35.83,37.5,0.0,1.95,56.37,6.15,30.48,1.48
76.46,38.03,0.0,2.03,73.01,9.1,28.24,1.65
75.71,43.22,1.22,-2.52,49.23,3.78,35.01,0.61
74.25,36.96,1.93,-3.8,50.94,6.52,46.6,1.91
95.92,38.11,0.0,0.86,100.38,12.19,32.72,1.15
20.85,39.21,1.18,-2.7,49.31,5.3,35.17,0.0
65.75,35.45,0.0,2.12,48.1,4.16,37.46,1.08
96.9,37.91,0.0,1.01,48.97,5.83,40.48,1.44
88.1,37.15,1.47,-3.25,49.14,5.98,41.86,1.69
61.71,46.94,1.14,-2.42,47.69,5.76,32.97,1.25
50.67,38.27,0.0,2.22,49.77,6.03,29.18,1.51
94.36,36.62,0.0,1.05,51.16,5.65,36.01,0.0
56.8,38.03,0.0,1.88,97.48,12.17,36.49,1.44
26.87,39.19,0.0,2.16,96.4,10.74,34.07,0.66
64.66,38.68,1.32,-2.71,85.31,10.45,27.56,1.43
36.87,38.11,1.34,-2.66,48.92,3.64,41.53,0.89
94.5,38.98,0.0,1.19,49.91,6.37,40.85,1.62
70.96,44.43,0.0,2.28,46.04,7.0,34.06,3.42
71.05,39.19,0.0,2.03,48.7,4.23,41.67,0.42
48.56,45.6,0.0,1.76,82.19,9.84,44.82,1.69
97.91,38.76,0.0,1.01,49.48,5.41,25.74,0.0
27.05,39.22,0.0,1.84,50.99,5.52,45.95,1.35
74.71,36.9,0.0,2.16,48.89,5.05,32.65,1.25
65.15,38.56,1.57,-3.27,59.72,6.98,40.15,1.27
22.67,38.08,0.0,2.04,51.69,5.99,42.32,2.38
71.06,39.81,0.0,1.93,49.56,7.1,40.71,0.06
54.52,38.12,0.0,2.0,51.75,6.05,28.98,3.49
46.83,38.68,1.54,-2.97,50.43,6.29,31.36,0.0
92.3,38.03,1.63,-3.12,48.45,6.82,28.83,3.79
42.3,37.91,0.0,1.73,50.63,5.38,33.12,0.86
86.78,38.76,0.0,2.13,89.89,9.15,38.25,0.42
40.16,38.04,0.0,1.93,49.77,5.55,35.03,1.51
67.97,38.2,0.0,1.94,49.69,7.44,43.61,3.46
55.68,37.2,0.0,2.0,51.27,5.88,33.91,1.44
93.62,100.0,0.0,1.05,103.46,13.39,34.77,1.86
95.88,37.57,1.21,-2.62,47.86,4.64,42.13,1.26
53.47,38.6,0.0,1.63,50.53,6.47,36.69,1.33
53.73,39.21,1.41,-3.09,50.45,5.16,40.77,0.93
77.83,39.25,0.0,2.12,49.93,5.73,44.35,1.68
48.54,38.98,1.54,-3.12,50.96,6.56,27.55,1.63
29.55,37.2,1.71,-3.16,49.69,6.24,46.64,1.64
39.31,38.11,0.0,1.83,48.97,6.81,29.67,0.0
96.88,41.28,0.0,0.86,49.11,5.52,38.05,1.54
77.83,36.9,0.0,2.21,48.48,5.2,41.58,1.29
59.97,38.98,0.0,2.04,50.67,6.69,45.64,3.92
34.0,38.76,1.62,-2.66,51.48,5.32,36.05,1.39
52.51,44.43,0.0,2.14,50.51,5.72,40.37,1.47
74.36,38.24,0.0,2.02,49.99,7.48,43.04,3.86
30.98,37.86,1.18,-2.73,67.12,6.68,27.53,0.55
77.45,39.09,1.22,-2.46,46.83,4.65,36.7,0.0
94.02,37.15,0.0,1.02,86.74,10.75,37.66,1.71
58.96,38.76,0.0,2.06,50.19,6.45,29.02,1.64
91.49,38.03,0.0,1.06,49.75,5.66,36.8,1.38
93.95,37.68,0.0,0.94,104.04,12.6,44.92,1.28
79.94,36.9,0.0,2.11,48.75,5.48,28.4,1.45
35.82,38.12,0.0,2.27,50.1,4.71,24.55,0.69
94.27,39.34,0.0,0.86,49.29,6.13,44.78,1.59
26.17,38.57,1.83,-3.37,49.45,6.29,42.1,1.7
48.34,38.08,0.0,2.3,49.06,5.95,38.71,0.0
35.19,38.76,0.0,1.75,48.21,5.54,31.67,1.68
58.86,37.36,0.0,2.28,51.1,5.98,42.25,1.87
65.89,39.33,0.0,1.82,47.91,5.47,37.81,1.43
69.72,38.03,0.0,1.94,60.11,6.58,34.86,1.35
98.5,36.9,0.0,0.96,63.04,6.28,38.72,0.77
88.91,100.0,0.53,-1.22,49.91,6.37,33.89,0.0
96.11,38.98,0.0,1.03,50.73,7.03,40.74,3.56
21.77,38.08,1.46,-3.2,50.37,7.68,45.91,0.0
87.7,38.07,1.61,-3.22,50.15,6.69,33.83,3.4
65.08,37.93,1.12,-2.51,49.31,4.32,32.69,0.0
39.46,38.35,1.67,-3.41,49.3,6.01,36.67,1.56
84.66,38.76,0.0,1.82,89.3,9.35,25.17,0.57
33.76,37.2,0.0,2.02,51.79,6.95,28.49,0.0
56.09,37.95,1.64,-3.23,57.62,6.88,34.41,1.62
89.23,100.0,0.0,2.01,88.34,10.2,37.88,1.21
81.52,37.5,0.0,1.8,58.22,5.59,25.79,0.55
72.76,37.5,1.32,-2.79,49.55,4.4,23.94,0.52
38.08,38.68,1.05,-2.48,49.21,5.15,32.85,0.0
53.92,37.51,1.56,-3.31,48.78,6.62,34.61,3.96
73.77,39.09,1.19,-2.3,47.46,5.34,41.21,3.23
29.74,38.08,1.45,-3.04,47.64,5.7,43.79,0.0
66.99,100.0,0.0,2.08,55.57,4.85,34.88,0.5
44.74,37.68,1.84,-3.63,51.44,6.25,35.12,1.72
38.02,37.2,0.0,1.72,50.99,5.69,46.09,1.61
20.63,38.89,1.53,-2.71,50.38,4.47,31.52,0.37
58.06,38.93,1.37,-2.67,50.99,5.74,33.73,1.56
65.11,35.55,0.0,2.18,49.86,5.71,31.9,1.48
73.03,37.83,0.0,1.95,51.83,5.98,33.07,1.1
18.82,35.91,1.46,-3.22,51.4,4.53,34.6,0.51
60.5,37.25,0.0,1.92,50.98,5.63,35.71,1.66
47.53,39.09,0.0,1.82,79.64,9.35,38.02,1.35
40.35,37.68,0.0,1.8,50.3,5.87,36.92,1.49
74.53,38.27,0.0,2.26,50.39,5.9,39.99,1.76
57.03,38.76,0.0,2.24,100.09,12.71,39.2,1.67
66.64,44.43,0.0,2.06,48.81,6.06,31.94,0.0
50.62,39.25,0.0,2.05,48.59,6.56,31.6,3.84
25.86,38.03,1.48,-3.28,50.1,5.92,43.9,1.6
23.95,37.15,0.0,2.32,52.57,6.04,27.63,1.45
27.76,37.25,0.0,2.0,60.97,5.17,25.56,0.74
42.12,39.13,0.0,1.85,50.0,4.87,24.3,0.74
33.41,38.08,0.0,1.98,48.47,5.55,32.68,1.3
91.92,38.03,0.0,0.95,49.97,5.57,34.47,1.36
64.23,38.38,0.0,1.93,50.46,6.04,33.58,1.55
45.83,37.2,0.0,1.96,47.97,6.61,36.41,3.89
57.28,39.29,1.51,-3.15,49.75,5.48,30.54,1.25
96.24,36.9,0.0,0.87,48.33,4.11,24.36,0.78
68.05,38.03,1.41,-2.43,46.8,5.69,41.19,3.0
93.55,38.54,0.0,1.05,48.03,3.48,30.24,0.6
83.53,37.2,1.89,-3.52,49.12,6.13,41.77,1.65
47.7,38.68,0.0,1.83,49.12,5.14,31.03,3.85
19.41,39.09,1.72,-3.46,52.66,5.37,40.01,0.67
25.56,37.68,0.0,1.99,51.22,5.72,36.87,0.0
70.65,100.0,0.55,-0.97,47.25,4.8,39.56,1.46
45.51,37.51,0.0,2.22,51.81,6.15,38.73,0.0
21.82,37.91,1.26,-2.43,48.0,5.25,34.44,1.0
77.21,100.0,0.0,1.89,72.69,9.06,30.37,1.6
36.54,39.09,0.0,2.02,50.64,5.62,32.91,3.23
88.72,38.12,1.41,-3.05,78.79,9.33,41.23,1.43
25.48,39.25,1.49,-2.83,49.2,5.96,28.42,1.48
64.22,38.41,0.0,2.04,51.35,6.23,33.04,1.65
50.45,37.19,0.0,2.08,48.33,5.7,39.59,1.49
78.31,36.35,1.5,-2.69,89.62,10.06,40.16,0.96
61.56,37.51,1.34,-2.75,47.71,4.78,35.67,0.89
72.8,38.76,1.54,-2.94,51.05,6.13,32.54,0.0
27.06,38.08,0.0,1.64,48.41,4.73,35.2,0.99
37.18,37.2,0.0,2.05,50.82,6.3,34.49,3.21
27.69,38.04,0.0,1.66,49.39,4.97,26.89,0.0
74.23,36.62,1.32,-2.91,49.39,4.71,24.2,0.65
73.46,37.95,0.0,1.96,48.73,6.53,27.14,0.0
59.89,38.68,1.56,-3.23,90.74,11.3,45.98,1.56
75.96,39.48,0.0,2.07,48.02,5.94,34.84,1.68
44.77,100.0,0.67,-1.32,102.37,12.79,46.16,1.53
86.01,38.27,1.2,-2.99,50.38,4.61,29.6,0.75
16.86,39.14,1.9,-3.74,51.65,6.45,41.0,1.55
88.09,38.98,0.0,1.99,50.48,4.08,30.6,0.57
96.8,37.2,1.6,-1.15,66.08,7.93,34.61,1.54
73.65,38.2,0.0,1.71,51.41,7.05,26.86,0.0
46.15,39.75,1.7,-3.03,48.48,5.43,38.33,1.57
82.28,38.04,1.46,-2.99,49.26,5.73,40.93,1.77
64.41,100.0,0.62,-1.21,50.59,5.8,37.96,1.78
48.83,38.07,1.42,-2.92,48.06,4.42,43.15,1.13
37.15,39.66,1.71,-3.57,49.15,5.95,43.97,1.61
87.22,38.27,1.79,-3.61,50.35,5.17,29.83,0.95
77.12,38.07,0.0,1.67,97.39,10.25,43.76,0.62
79.28,36.81,0.0,2.02,51.33,6.27,44.62,1.67
33.7,100.0,0.71,-1.27,50.02,6.23,33.94,0.0
64.82,38.08,0.0,2.28,89.03,9.42,40.0,0.64
27.07,37.86,1.34,-2.62,68.64,7.24,36.98,0.9
29.09,37.86,0.0,1.93,95.6,10.36,42.77,0.68
85.97,37.99,1.59,-2.93,48.49,5.55,32.46,1.68
42.64,36.27,0.0,2.13,50.36,7.5,31.22,0.0
59.09,45.06,0.0,1.89,50.12,5.83,29.25,1.45
41.87,37.5,0.0,2.0,50.4,5.5,38.99,1.08
20.28,36.08,1.77,-3.59,51.47,5.03,38.37,0.6
79.87,38.18,0.0,2.05,51.41,6.32,39.53,1.6
80.31,38.04,0.0,1.93,54.72,6.9,44.97,1.67
47.5,38.12,0.0,1.99,49.92,5.76,29.16,1.48
73.63,37.2,1.4,-2.68,89.57,11.06,32.64,1.57
66.02,100.0,0.0,2.16,54.76,5.12,29.85,0.66
50.29,39.9,0.0,2.04,48.75,4.7,36.52,0.97
55.09,35.55,0.0,1.94,48.64,4.59,30.7,1.27
91.45,100.0,0.57,-1.2,52.22,6.35,33.54,1.62
63.41,39.19,1.06,-2.33,84.63,9.74,28.32,1.26
93.83,37.95,0.0,1.03,50.31,6.52,41.91,4.5
92.93,37.2,0.0,1.03,76.34,8.96,28.68,1.49
35.67,37.91,1.54,-3.12,49.82,5.85,42.0,1.5
92.03,36.35,0.0,0.89,55.28,5.11,44.11,0.82
96.15,39.0,0.0,1.04,47.04,5.79,39.06,1.33
26.01,37.2,0.0,2.06,56.18,6.07,45.19,1.62
80.52,38.07,1.06,-2.4,47.41,5.67,38.86,0.0
56.55,36.27,1.73,-3.32,90.28,11.31,31.77,1.46
19.58,38.27,1.81,-3.13,49.81,6.78,29.24,4.22
35.95,37.91,0.0,2.2,50.13,6.38,28.7,0.0
22.31,37.95,0.0,2.19,98.95,12.16,33.46,1.37
61.24,37.41,1.35,-3.22,49.33,5.7,43.68,1.51
54.34,100.0,0.65,-1.17,76.6,9.34,42.59,1.41
50.14,37.5,1.48,-3.14,88.4,10.54,28.85,1.61
24.73,39.12,1.84,-3.28,48.96,6.67,37.0,1.8
64.58,38.07,1.64,-3.3,49.56,6.98,44.14,0.0
84.26,38.78,1.64,-3.03,49.14,5.35,34.57,1.3
25.82,38.11,0.0,1.95,50.98,5.77,30.58,0.0
51.47,37.57,1.74,-3.22,49.46,6.51,27.36,0.0
49.44,39.09,1.08,-2.47,50.96,3.86,25.73,0.58
33.66,39.19,0.0,2.05,47.22,5.25,30.2,1.24
47.97,39.81,0.0,1.98,49.55,6.21,32.65,3.57
47.46,37.73,1.48,-2.74,49.64,4.49,41.91,0.6
39.19,38.04,0.0,1.77,49.67,6.11,26.99,1.46
97.08,38.76,0.0,1.06,66.27,8.09,40.0,1.76
95.65,38.24,1.23,-2.53,61.88,6.28,42.63,1.32
68.88,38.27,1.37,-2.83,50.16,5.76,45.31,1.57
25.78,37.48,0.0,2.13,50.7,4.11,24.79,0.43
48.45,38.27,0.0,2.04,49.22,6.1,35.6,1.63
58.09,37.83,0.0,2.01,94.52,10.24,39.82,0.64
36.56,37.51,1.08,-2.3,48.14,3.77,42.06,0.69
42.29,37.51,0.0,2.18,50.96,7.63,34.87,4.5
54.82,38.98,0.0,1.86,48.25,7.54,34.81,3.06
94.75,38.07,0.0,0.87,47.49,5.64,30.58,3.59
35.06,100.0,0.0,1.76,49.58,6.06,37.42,1.37
80.14,39.11,0.0,1.95,48.41,4.0,31.48,0.58
88.46,39.25,0.0,1.9,58.02,6.48,37.34,1.19
92.86,42.92,0.0,0.99,51.68,6.71,32.02,1.48
56.05,82.68,0.71,-1.34,48.63,5.8,36.95,1.4
32.77,45.6,0.0,2.02,59.41,6.82,36.22,1.42
79.45,44.43,1.01,-2.32,50.25,4.12,34.08,0.54
67.0,38.2,0.0,1.77,49.29,7.14,30.9,4.32
43.73,36.27,0.0,2.21,50.54,6.74,39.69,0.0
36.36,37.99,0.0,2.15,48.22,5.09,35.27,1.38
31.06,37.51,0.0,2.0,48.89,6.15,45.87,3.47
19.06,37.91,1.45,-2.76,47.92,5.84,26.79,1.26
33.89,37.5,0.0,1.88,53.08,5.76,42.73,1.15
86.93,38.84,0.0,2.11,47.9,5.09,35.95,1.36
91.32,38.2,0.0,1.7,50.66,6.32,35.2,1.71
41.66,37.68,1.54,-2.94,49.69,5.45,33.27,3.07
85.55,38.76,1.55,-2.78,82.85,9.81,29.74,1.44
41.49,37.2,1.52,-2.77,48.44,5.45,39.88,1.42
83.12,37.15,0.0,1.93,65.51,7.15,39.02,1.01
28.79,38.98,1.15,-2.29,47.94,6.04,37.6,3.66
80.99,38.18,0.0,2.29,51.42,5.59,29.89,1.75
89.11,100.0,0.55,-1.2,63.29,8.12,32.71,1.66
35.31,38.04,1.12,-2.56,49.04,4.9,42.46,2.68
76.12,39.25,1.44,-3.11,51.2,5.45,34.2,1.11
59.19,38.04,1.77,-3.27,51.16,6.22,33.87,1.61
24.59,38.24,0.0,2.28,50.24,4.21,43.64,0.69
93.15,38.68,0.0,1.02,51.07,6.61,39.2,1.66
70.61,39.6,1.33,-3.06,50.49,6.06,45.9,1.53
54.31,39.25,0.0,1.65,48.84,6.54,35.53,0.0
92.33,38.76,1.11,-2.2,75.75,8.0,30.74,0.94
76.19,37.68,0.0,2.02,69.57,8.66,28.87,1.38
58.04,90.48,0.5,-1.04,47.13,4.89,35.95,1.27
56.19,38.57,0.0,1.75,48.82,6.06,44.67,1.81
93.89,38.07,0.0,1.11,51.08,6.24,46.31,0.14
94.05,38.11,1.35,-3.06,51.23,5.42,33.71,0.83
25.98,38.15,0.0,2.09,48.85,5.3,35.63,1.22
41.03,38.07,1.37,-2.94,49.46,7.04,39.12,0.0
79.81,36.35,1.19,-2.57,88.84,9.58,27.83,0.78
48.53,38.14,1.56,-3.34,50.32,5.53,30.35,1.62
86.99,38.68,1.77,-3.65,65.01,7.85,30.08,1.29
26.2,37.89,1.98,-3.5,53.2,6.35,27.48,1.56
64.75,37.08,0.0,2.15,49.35,4.33,31.53,0.48
55.96,36.35,1.72,-3.61,49.29,5.75,34.1,1.34
83.15,36.96,0.0,1.82,51.52,5.01,40.86,0.88
84.46,39.09,1.52,-3.03,51.11,5.62,37.5,1.3
84.92,37.05,0.0,1.85,49.61,5.86,28.07,1.48
65.46,45.06,0.0,1.71,48.04,5.68,28.51,1.52
59.19,38.03,0.0,1.78,51.32,6.17,45.53,1.51
69.32,38.08,1.36,-2.37,72.98,8.19,32.77,1.18
81.38,38.4,0.0,1.78,52.05,6.24,36.19,1.77
66.0,39.19,1.34,-2.79,49.99,5.52,42.28,1.0
24.16,37.45,0.0,2.04,49.66,6.28,31.49,1.68
26.25,37.5,1.75,-3.39,50.62,6.49,39.89,1.83
72.64,37.37,0.0,1.75,48.67,5.28,41.81,1.32
73.0,38.68,1.5,-2.89,79.34,9.05,35.84,0.79
28.85,38.98,1.17,-2.42,88.86,10.01,30.81,1.19
30.25,37.2,0.0,1.92,49.03,5.6,28.62,1.37
95.07,37.5,0.0,0.94,52.04,5.13,29.96,0.85
63.0,100.0,0.0,1.92,50.97,5.75,30.49,1.22
60.06,39.42,0.0,1.85,49.75,5.67,35.63,1.54
23.58,80.19,0.65,-1.27,48.98,4.37,35.53,0.95
37.55,38.11,1.11,-2.44,48.75,4.6,31.51,2.88
20.11,38.08,1.66,-3.13,50.79,6.83,44.98,0.01
60.04,37.15,0.0,2.13,50.26,5.65,36.69,1.47
29.91,38.57,0.0,1.73,48.81,4.83,41.86,0.0
39.08,100.0,0.59,-1.33,51.42,6.49,34.52,0.0
77.18,38.04,0.0,2.05,88.55,11.3,30.49,1.82
86.07,37.5,1.59,-3.43,50.55,5.79,37.45,1.8
36.53,39.45,0.0,1.94,50.03,5.8,41.63,1.5
61.71,38.4,1.13,-2.2,47.39,5.59,35.84,3.8
22.03,39.21,1.52,-2.84,49.75,5.35,39.1,0.0
36.19,37.86,0.0,2.01,47.87,5.44,45.84,1.53
53.22,37.2,0.0,1.84,48.09,5.83,27.84,0.0
53.66,39.81,0.0,1.96,49.34,6.98,40.37,3.77
20.3,38.12,1.42,-2.66,89.93,9.36,35.43,0.51
32.77,38.96,0.0,2.28,47.9,5.5,32.08,1.49
34.69,38.12,0.0,1.95,50.16,5.2,29.23,0.93
27.47,37.5,1.28,-2.99,48.33,5.54,31.5,1.34
56.42,38.08,0.0,1.91,76.5,9.91,37.23,1.5
41.29,39.04,1.48,-3.15,49.45,4.56,36.29,0.62
68.54,37.34,1.33,-3.1,50.65,5.51,39.05,2.38
39.17,37.5,1.39,-2.82,97.28,11.32,43.37,1.29
69.28,45.06,0.0,1.85,50.25,5.48,24.97,2.54
74.05,38.08,1.34,-2.52,69.37,6.63,33.15,0.55
27.73,39.9,0.0,1.84,80.62,8.37,34.32,0.41
43.78,38.08,0.0,1.84,51.37,5.55,35.71,0.0
68.0,36.8,0.0,2.02,49.12,4.99,33.99,1.33
94.27,37.15,1.59,-2.94,102.97,12.31,31.85,1.17
44.43,36.35,0.0,2.05,48.33,5.41,28.85,0.0
47.88,38.56,1.79,-3.06,74.87,8.86,33.36,1.42
46.84,38.68,0.0,1.77,49.95,5.23,32.74,3.37
65.66,38.03,0.0,2.3,50.87,5.51,31.82,1.04
73.3,37.2,1.34,-2.63,50.46,4.42,27.35,0.51
87.83,100.0,0.58,-1.28,67.04,8.36,27.82,1.58
46.68,38.98,1.86,-3.41,50.95,5.99,40.16,1.79
94.58,38.22,0.0,1.02,48.56,3.7,31.62,0.37
71.02,37.51,0.0,1.71,48.12,5.26,44.21,2.98
42.68,38.07,0.0,2.06,47.47,6.02,34.71,1.66
49.81,38.18,0.0,2.06,60.44,6.52,44.64,1.22
42.81,37.51,0.0,2.33,52.2,5.08,40.55,0.9
40.21,37.05,1.34,-2.82,50.35,4.26,30.68,0.56
52.3,36.9,0.0,1.75,48.45,5.54,33.87,3.38
91.81,38.76,1.39,-2.83,52.93,6.61,40.99,0.0
47.04,38.09,1.5,-3.02,50.06,5.24,33.95,0.0
93.14,37.75,0.0,1.1,48.41,6.2,35.03,1.7
21.09,38.15,0.0,1.72,51.21,5.68,30.07,0.0
55.65,37.27,1.58,-3.22,49.16,5.64,30.06,1.46
58.26,39.9,1.56,-2.92,49.88,5.76,33.88,1.54
76.05,37.2,0.0,2.01,51.41,5.24,37.39,0.93
25.4,37.86,0.0,2.16,89.75,11.09,30.84,1.59
93.33,39.09,0.0,0.97,97.03,11.78,43.93,1.16
65.58,38.03,0.0,1.97,49.35,3.9,35.76,0.76
21.08,37.25,0.0,1.71,53.19,6.39,40.42,1.61
93.41,38.07,1.46,-3.22,50.14,6.78,27.03,0.0
24.52,36.27,0.0,2.13,52.01,6.67,39.85,0.0
42.2,38.57,1.61,-3.08,50.78,5.93,32.82,1.17
81.31,37.82,0.0,1.9,48.3,5.67,43.21,1.49
31.25,37.5,1.48,-3.37,49.3,6.01,46.1,1.71
47.09,38.75,1.5,-3.36,51.42,5.02,28.62,0.73
56.75,39.9,1.51,-3.07,50.2,5.91,45.25,1.38
23.26,39.09,0.0,1.8,49.44,5.78,43.17,2.66
59.33,37.2,0.0,2.2,50.67,7.31,30.85,3.22
74.2,38.76,0.0,2.14,48.49,6.55,33.36,4.1
90.49,38.76,0.0,1.96,94.94,11.1,38.03,1.11
91.09,39.15,0.0,1.02,48.26,6.23,31.59,1.65
41.7,38.83,0.0,1.93,50.39,4.82,41.48,0.6
23.68,38.76,0.0,2.13,100.65,12.46,40.26,1.09
90.93,38.07,0.0,1.45,50.19,5.52,28.1,1.69
85.8,45.06,1.16,-2.26,47.06,5.91,39.59,1.66
90.19,38.07,1.55,-3.22,50.26,6.84,46.16,3.46
25.06,39.81,0.0,1.72,49.37,5.47,36.94,1.43
94.86,38.76,0.0,1.06,49.69,5.46,37.64,1.33
40.11,38.12,1.68,-3.54,49.35,5.74,45.17,1.62
63.75,45.06,0.0,2.02,48.85,4.19,37.7,1.15
50.74,38.57,0.0,1.89,48.11,5.96,35.98,3.74
30.62,38.11,1.38,-2.99,49.14,6.99,46.34,0.0
89.15,38.56,0.0,2.26,51.08,5.96,36.58,1.04
36.42,38.03,1.25,-2.62,48.77,4.87,34.61,1.05
47.28,37.68,0.0,2.23,48.71,4.11,36.21,0.39
20.52,38.76,0.0,1.86,95.43,12.08,44.77,1.41
91.51,45.06,0.0,0.85,50.12,6.19,35.11,1.53
64.05,38.11,0.0,1.78,50.47,5.02,36.11,0.87
89.89,39.81,0.0,2.19,49.17,5.46,38.65,1.52
39.68,36.27,1.71,-3.21,51.43,5.78,46.36,1.58
22.35,39.25,0.0,2.08,51.21,5.51,37.13,0.89
75.27,38.48,1.5,-3.01,50.06,5.88,27.57,1.61
96.85,38.98,1.46,-0.86,50.22,5.2,28.38,0.0
32.59,37.68,1.54,-2.69,47.38,5.57,29.48,2.94
97.39,37.24,0.0,1.07,50.55,4.79,38.78,0.8
67.83,37.15,0.0,1.81,47.51,4.83,42.58,1.08
31.47,38.11,0.0,1.92,48.4,5.72,29.04,3.54
58.11,38.65,0.0,2.29,49.42,4.34,27.45,0.57
43.04,39.9,0.0,2.02,103.0,13.22,40.3,1.57
95.22,39.5,0.0,1.13,50.14,4.89,25.75,0.74
83.74,38.76,0.0,1.88,87.85,10.12,43.26,0.76
39.97,38.76,0.0,1.94,50.32,6.18,46.38,1.52
92.42,37.2,0.0,1.08,74.51,8.86,41.35,1.48
29.52,38.76,1.49,-2.71,48.08,6.36,37.94,0.0
27.47,37.2,1.86,-3.89,50.71,6.22,42.84,1.76
82.71,37.2,0.0,1.87,50.08,6.32,36.6,3.92
39.23,37.51,0.0,1.93,50.64,6.46,36.97,4.46
90.21,36.35,0.0,1.96,50.02,5.95,46.03,1.84
78.21,39.22,1.66,-3.18,49.51,6.08,33.51,1.68
98.44,38.07,0.0,1.02,48.27,5.47,34.9,3.15
28.25,37.83,1.41,-3.12,50.22,6.14,29.75,1.57
61.38,38.75,1.39,-2.94,50.25,5.71,28.3,1.45
53.17,100.0,0.49,-1.18,79.72,9.82,36.35,1.48
31.62,39.41,0.0,1.99,47.38,5.71,31.36,1.32
31.86,100.0,0.61,-1.26,49.64,5.8,36.84,1.65
87.46,36.35,1.99,-3.73,83.44,11.02,36.89,1.44
35.7,38.98,0.0,2.22,49.44,6.8,27.4,0.0
97.39,37.2,0.0,0.97,60.83,7.05,26.54,1.43
80.69,36.13,1.28,-2.97,51.06,4.72,30.36,0.75
60.1,38.07,0.0,2.03,47.2,4.68,45.44,1.28
92.1,37.95,0.0,1.05,49.42,5.75,42.37,1.31
73.02,39.86,0.0,1.9,49.3,5.11,41.59,1.45
30.33,52.31,0.0,1.92,49.52,3.93,35.13,0.77
85.73,38.76,0.0,1.98,50.37,5.95,30.41,1.04
28.63,37.5,0.0,2.36,47.69,6.19,45.37,3.25
23.85,39.19,0.0,2.03,92.67,11.49,26.99,1.49
56.62,37.57,1.58,-2.98,48.42,6.88,27.53,4.3
40.58,39.77,0.0,2.01,50.81,5.64,36.54,1.72
30.86,38.03,1.94,-3.34,49.06,5.94,44.51,1.54
26.19,36.9,0.0,1.95,51.27,4.08,26.74,0.58
26.94,38.03,0.0,1.81,48.86,4.56,32.97,0.0
40.25,37.5,0.0,2.36,64.2,7.96,33.98,1.79
63.73,38.67,1.25,-2.34,50.11,3.76,42.56,0.52
55.46,38.03,0.0,2.04,50.2,6.51,40.6,1.69
49.36,36.9,1.83,-3.46,48.75,5.95,35.49,1.57
63.38,38.98,1.39,-2.55,49.59,4.42,39.76,0.45
71.6,36.62,1.22,-2.63,48.56,3.87,34.13,0.88
21.3,36.27,0.0,1.97,51.27,7.15,32.88,3.35
43.16,38.01,0.0,2.03,50.92,4.38,43.18,0.64
42.19,38.68,1.44,-3.0,51.29,4.7,24.71,0.69
29.75,38.09,1.51,-3.01,50.17,5.32,28.99,1.45
24.6,45.06,0.0,2.08,48.96,3.72,43.86,0.88
85.03,38.24,1.52,-3.21,73.07,9.05,44.76,1.46
36.03,38.98,0.0,2.32,69.52,8.58,41.46,1.45
80.9,39.09,0.0,2.02,48.92,3.84,35.96,0.72
28.85,39.66,1.52,-2.87,47.99,4.76,37.13,1.18
26.73,100.0,0.43,-0.96,49.54,5.32,34.15,0.0
61.1,37.15,1.36,-2.94,48.69,6.59,30.05,0.0
76.32,38.27,0.0,2.14,57.91,5.89,41.54,0.54
96.67,38.4,0.0,1.1,51.0,7.15,34.5,4.18
52.15,38.76,0.0,2.12,48.03,5.65,26.56,1.34
85.26,38.07,0.0,1.79,50.25,5.02,28.85,1.07
28.79,37.97,0.0,2.21,48.78,6.17,39.11,3.33
26.62,38.03,0.0,2.09,50.53,4.03,27.03,0.82
61.58,38.56,1.32,-2.6,48.66,4.99,39.94,1.34
23.02,38.57,0.0,1.8,52.06,6.52,29.35,0.0
19.11,37.95,1.81,-3.43,93.36,11.66,45.4,1.4
35.54,38.03,0.0,2.24,50.06,6.03,40.43,1.67
90.35,37.4,0.0,0.99,51.25,4.82,30.15,0.69
64.02,37.15,0.0,1.82,50.63,4.18,29.59,0.64
87.4,44.43,1.15,-2.52,50.6,5.34,39.59,1.36
81.66,37.68,1.47,-3.36,48.5,5.78,45.49,1.64
37.29,38.76,0.0,1.9,70.93,9.21,39.19,1.81
58.92,37.95,0.0,1.97,49.05,5.49,41.2,1.62
80.89,100.0,0.62,-1.28,80.56,9.53,33.56,1.52
60.16,39.48,1.75,-3.45,46.4,5.49,31.75,1.33
25.75,38.98,1.46,-3.04,48.35,6.57,30.89,0.0
36.84,37.51,1.23,-2.67,50.77,4.89,42.34,0.0
29.85,38.07,0.0,1.95,48.49,5.3,31.97,1.41
50.64,38.04,1.74,-3.62,49.93,6.08,43.55,1.54
70.51,38.07,0.0,1.88,88.92,10.75,45.54,1.67
52.81,37.2,0.0,1.95,50.21,6.09,31.49,0.0
24.44,38.98,0.0,1.8,51.06,5.02,33.39,0.8
86.1,36.93,0.0,2.0,49.66,5.46,45.84,1.66
97.43,37.51,0.0,1.05,83.11,10.28,28.49,1.05
69.17,37.83,0.0,1.9,51.74,6.06,33.67,1.61
59.21,36.59,1.52,-3.04,49.39,3.62,43.52,0.79
55.19,38.24,0.0,2.12,50.62,6.86,32.66,0.0
47.81,38.76,0.0,1.78,48.76,5.23,42.3,0.0
89.24,37.5,0.0,2.17,70.7,8.41,28.52,1.4
75.05,37.68,0.0,1.74,68.37,7.85,31.83,1.42
26.55,38.76,0.0,1.74,49.42,5.19,38.08,1.86
45.34,39.25,0.0,2.12,51.0,5.12,43.11,0.0
98.36,37.5,0.0,0.87,48.3,5.08,29.4,1.2
54.37,38.68,0.0,1.7,62.08,7.64,43.18,1.46
56.14,37.99,1.69,-2.96,55.56,6.4,28.44,1.43
62.2,37.15,0.0,2.17,50.51,5.87,32.47,1.07
67.95,38.68,0.0,2.02,82.48,9.1,43.57,0.82
48.02,37.91,1.45,-3.05,47.52,6.82,45.46,0.0
68.02,39.33,0.0,2.12,48.81,5.58,32.6,1.45
34.87,100.0,0.52,-1.12,48.73,5.52,44.81,1.54
41.75,38.98,0.0,1.88,79.79,9.32,26.96,1.48
34.82,38.56,0.0,1.8,48.47,4.4,25.62,1.13
40.72,38.68,0.0,2.23,50.76,5.48,27.84,1.29
78.36,38.07,1.23,-2.5,47.78,5.39,29.82,1.46
57.73,37.73,0.0,2.19,50.92,6.67,29.46,1.73
26.42,39.25,0.0,2.13,49.41,4.38,41.69,0.89
65.1,38.98,0.0,2.05,51.04,6.58,33.04,3.73
44.63,37.5,0.0,1.81,47.96,5.07,39.67,3.23
72.77,37.15,1.69,-3.16,50.02,6.24,34.49,1.31
52.08,39.09,0.0,1.78,48.63,5.38,35.46,1.61
46.94,38.2,0.0,2.05,49.11,6.06,39.62,4.14
57.86,38.12,0.0,2.29,49.94,5.16,25.0,0.0
37.52,37.17,1.87,-3.58,51.78,6.35,36.13,1.26
20.11,38.68,0.0,-0.37,51.38,6.19,32.42,1.65
47.48,44.43,0.0,1.75,48.37,6.01,35.41,1.37
57.37,39.66,0.0,2.01,50.02,5.3,34.41,1.62
38.49,37.83,0.0,2.05,63.27,5.55,33.26,0.4
32.53,39.9,1.23,-2.81,54.27,6.32,45.85,1.46
78.12,38.08,1.83,-3.27,65.1,7.39,34.42,1.08
97.7,38.4,0.0,1.03,51.98,6.57,34.03,3.41
70.81,36.9,0.0,1.95,48.52,6.18,42.03,0.0
57.11,36.9,0.0,1.93,49.81,6.69,38.81,0.0
42.88,38.73,1.65,-3.43,48.69,5.92,33.63,1.61
39.82,35.55,1.9,-3.82,51.24,6.46,46.79,1.64
92.9,38.12,0.0,0.93,53.36,4.81,37.73,0.66
36.47,39.09,0.0,1.77,65.09,7.81,33.1,1.39
59.0,38.04,1.68,-3.54,48.78,5.62,32.63,1.61
92.37,38.93,1.47,-2.86,49.93,4.53,41.52,0.53
87.4,38.39,0.0,2.04,48.31,4.91,41.87,0.94
55.27,38.8,1.38,-2.86,51.13,6.26,35.2,1.85
72.97,39.09,0.0,1.81,61.84,6.97,42.87,1.6
45.41,45.06,1.13,-2.59,96.89,11.7,36.91,1.12
51.35,38.24,1.57,-3.09,51.82,6.09,38.51,1.89
74.12,37.25,1.84,-3.73,51.66,6.25,45.98,1.76
81.78,38.51,0.0,1.85,47.42,5.27,45.84,1.35
93.21,100.0,0.6,-1.26,50.27,5.79,37.76,1.42
76.11,39.81,0.0,2.07,49.9,4.86,42.65,0.68
94.83,39.09,0.0,0.94,100.82,11.25,35.2,0.58
30.22,44.43,1.36,-2.96,50.22,6.05,43.83,1.53
50.73,35.78,1.38,-2.95,48.43,5.58,29.27,1.47
93.37,44.43,0.0,0.96,50.9,6.84,43.81,0.0
29.02,39.24,1.27,-2.55,47.15,4.52,45.72,1.25
61.1,37.25,1.49,-2.96,48.7,5.35,40.42,1.28
28.38,37.69,0.0,1.8,50.72,5.87,46.27,1.6
20.42,39.29,0.0,2.1,50.94,6.57,39.11,1.56
39.88,38.07,1.11,-2.14,47.56,4.61,25.74,1.13
48.23,39.09,1.13,-2.39,48.85,4.53,27.28,0.0
26.03,38.07,1.49,-3.17,51.18,5.76,25.47,0.0
36.13,37.5,0.0,1.71,49.72,7.36,32.14,4.34
72.67,38.97,0.0,1.96,48.45,5.24,36.84,1.38
97.04,44.43,1.37,-0.8,47.96,5.71,31.59,1.47
71.67,38.27,1.53,-3.18,50.81,6.51,46.36,1.94
84.84,36.35,0.0,2.17,48.42,6.01,31.76,1.71
51.93,39.09,1.63,-3.19,50.92,6.42,35.0,0.0
62.67,38.14,0.0,2.11,50.93,5.69,34.28,1.59
54.55,37.2,0.0,1.7,51.32,5.75,29.2,1.49
40.92,39.81,0.0,1.96,48.3,5.48,29.41,3.38
80.26,37.65,1.11,-2.18,49.73,3.99,34.2,0.5
84.1,37.2,1.76,-3.18,79.88,9.87,32.3,1.15
42.4,37.83,0.0,2.04,67.45,8.2,29.74,1.19
89.57,37.15,1.78,-3.12,48.6,5.8,32.92,1.52
27.65,38.02,0.0,1.86,48.8,3.91,33.7,0.66
38.88,37.0,0.0,1.88,50.88,4.57,37.45,0.57
92.53,37.15,0.0,0.91,80.66,10.55,33.92,1.66
93.61,37.43,0.0,1.15,48.42,5.75,42.94,1.47
77.4,36.9,1.8,-3.53,54.37,6.02,29.03,0.93
78.28,37.61,0.0,1.81,50.59,6.34,27.16,1.58
48.47,38.71,0.0,2.21,49.8,3.82,32.82,0.45
31.89,36.99,1.3,-2.86,47.4,4.81,39.71,1.17
87.68,36.27,1.39,-2.72,60.71,7.23,46.38,1.57
81.11,38.11,0.0,1.83,67.38,8.25,29.13,1.6
63.13,37.08,0.0,2.08,50.72,6.2,44.56,1.49
41.16,39.09,1.29,-2.92,49.9,5.9,34.73,1.57
50.12,37.2,0.0,1.98,49.65,6.54,42.15,3.62
83.93,39.21,1.31,-3.03,48.64,5.4,41.03,1.26
20.09,37.34,0.0,-0.46,51.63,6.78,37.61,4.13
35.28,37.99,0.0,1.9,48.43,5.17,26.08,1.2
22.94,39.84,0.0,1.99,58.56,5.77,31.49,1.5
95.37,39.89,1.67,-1.15,47.1,5.49,27.48,1.5
37.84,37.95,0.0,1.86,49.18,6.13,31.71,1.59
32.53,37.5,0.0,2.18,49.12,6.03,34.3,1.37
71.7,37.91,1.62,-3.14,49.88,6.54,39.06,0.0
96.88,38.24,1.3,-0.8,60.49,6.29,24.91,0.96
22.1,38.85,0.0,2.35,51.52,4.52,32.27,0.69
77.25,37.68,0.0,2.2,71.53,8.7,42.09,1.45
29.57,36.35,0.0,2.01,51.77,5.89,28.43,1.78
20.69,37.2,1.87,-3.47,96.23,12.56,31.22,1.44
55.91,38.98,0.0,1.96,49.1,6.62,31.11,4.14
81.52,38.4,1.52,-2.93,51.27,7.07,35.76,0.0
58.56,93.55,0.54,-1.01,47.51,4.15,27.67,0.99
21.52,62.19,0.0,2.15,50.28,6.4,39.84,1.53
32.56,38.75,0.0,1.74,93.55,11.23,42.16,1.46
44.09,36.9,1.66,-3.42,49.26,5.58,45.07,1.57
47.75,38.18,0.0,2.18,58.46,5.23,37.56,0.9
38.63,38.03,0.0,2.24,50.9,5.7,37.48,1.69
74.96,39.09,1.11,-2.49,47.84,5.75,29.06,0.0
37.43,38.68,0.0,2.24,50.56,6.04,30.71,1.5
47.7,38.03,0.0,1.89,48.21,4.41,28.86,1.27
47.19,39.21,0.0,2.26,48.99,6.2,35.52,1.51
93.27,38.11,0.0,0.89,89.54,11.49,27.49,1.62
95.64,39.07,0.0,0.95,50.55,4.78,25.24,0.85
92.55,37.56,1.31,-2.9,50.91,3.94,32.89,0.49
42.6,100.0,0.0,1.83,50.22,5.91,34.45,1.14
60.7,38.76,0.0,1.84,51.61,5.38,29.86,1.36
51.3,45.06,0.0,1.91,49.06,6.69,40.96,0.0
89.91,39.41,0.0,1.11,50.5,4.18,34.86,0.59
47.85,37.5,0.0,2.1,47.75,5.97,36.75,4.36
29.91,36.35,1.65,-3.1,50.02,6.46,29.66,0.0
30.44,38.15,1.46,-3.13,49.41,6.43,34.25,0.0
42.92,38.57,0.0,1.99,50.48,6.38,33.5,4.49
78.67,38.85,0.0,2.33,50.84,6.32,44.32,1.5
36.72,38.03,0.0,1.97,61.14,7.3,27.04,1.62
44.33,38.07,0.0,1.64,48.44,6.53,30.7,1.65
44.34,38.03,0.0,1.79,78.71,7.98,25.29,0.5
74.6,37.2,0.0,1.98,47.59,5.73,30.67,3.44
38.8,38.76,0.0,2.19,49.39,5.98,44.99,0.0
51.71,39.33,0.0,2.08,49.58,5.26,34.38,1.45
68.2,38.98,0.0,2.06,51.15,5.52,37.79,3.16
40.16,38.12,1.39,-3.14,71.31,8.44,35.97,1.45
22.54,37.83,1.08,-2.42,50.42,4.3,30.8,0.37
22.6,38.03,0.0,1.79,52.6,5.58,31.72,1.06
50.03,39.81,0.0,2.06,49.35,6.13,38.9,3.59
61.62,38.03,0.0,1.92,50.6,5.65,26.74,1.02
53.36,38.19,0.0,2.16,48.8,5.73,27.82,1.26
48.37,38.79,1.32,-2.37,48.26,4.0,33.63,0.68
54.09,37.68,1.57,-3.28,48.57,5.86,30.31,0.0
26.24,38.98,0.0,1.8,50.47,4.38,34.42,0.5
76.54,38.8,1.64,-3.3,49.89,5.75,41.41,1.61
57.06,38.07,0.0,2.15,68.2,6.73,31.25,0.89
32.92,37.2,0.0,2.08,51.91,6.99,39.85,3.75
35.32,39.19,0.0,1.65,47.91,6.07,42.36,1.65
59.53,37.68,1.71,-3.42,48.95,5.31,37.46,1.51
64.77,38.98,1.16,-2.59,50.11,4.2,38.25,0.63
92.65,100.0,0.64,-1.19,48.46,5.91,34.4,1.46
78.36,38.68,1.85,-3.4,51.68,5.54,36.55,1.57
45.68,38.76,0.0,2.24,84.81,9.4,38.09,0.91
41.59,38.98,0.0,2.04,50.48,6.33,41.06,1.69
31.11,37.2,0.0,1.68,49.29,5.33,27.51,1.43
83.12,38.04,0.0,1.93,51.8,5.35,43.72,1.15
88.99,38.27,0.0,1.99,79.06,9.59,31.18,1.55
38.78,39.15,1.47,-2.93,50.03,5.7,34.87,1.51
86.96,36.62,1.62,-3.08,39.24,5.79,32.91,1.26
48.78,100.0,0.55,-0.99,90.29,9.95,42.05,1.1
70.26,100.0,0.51,-1.07,47.38,5.23,32.26,1.25
59.86,36.27,1.61,-2.75,87.31,9.91,27.48,1.36
47.74,38.56,0.0,2.02,50.96,6.69,41.6,4.44
91.46,44.78,0.0,1.07,50.69,6.07,38.49,1.77
66.52,37.5,1.38,-2.73,70.86,8.1,36.88,1.26
87.52,38.4,0.0,2.1,51.88,5.06,26.91,0.77
48.38,37.68,1.44,-3.3,50.6,5.9,46.18,1.72
65.59,38.12,0.0,2.03,50.31,7.22,38.46,0.0
24.98,38.11,0.0,2.29,51.6,5.53,39.97,2.32
23.64,37.51,0.0,2.06,51.02,6.37,42.61,1.26
58.51,37.03,0.0,2.17,51.67,5.37,33.92,1.02
36.23,38.07,0.0,2.04,48.76,4.32,36.18,0.52
39.17,37.15,0.0,2.24,49.84,5.53,35.43,1.46
55.97,36.9,1.74,-3.32,100.71,12.35,38.23,1.41
79.58,37.2,0.0,2.02,51.78,4.69,39.15,0.58
90.69,38.49,0.0,1.11,52.36,5.47,45.11,1.41
77.59,37.95,0.0,1.82,51.82,5.57,38.09,1.44
68.67,37.84,1.71,-3.09,51.55,4.79,31.63,0.76
87.02,39.16,0.0,1.78,50.73,4.92,25.54,0.62
72.96,38.08,0.0,1.86,50.59,5.93,30.96,1.54
31.98,37.95,0.0,1.79,48.6,5.04,32.89,1.16
80.22,38.68,1.54,-2.99,51.23,6.04,36.47,1.35
82.67,100.0,0.47,-0.93,75.9,8.13,40.26,1.22
57.42,87.61,0.6,-1.1,47.61,5.35,33.33,1.27
94.76,100.0,0.0,1.14,51.54,6.19,33.95,1.75
34.2,39.09,1.58,-3.35,50.92,6.14,31.51,1.66
81.34,38.04,0.0,2.13,95.77,12.18,33.46,1.61
42.46,37.15,0.0,2.26,50.17,5.86,43.34,1.41
82.69,38.68,0.0,1.85,50.61,5.38,30.98,0.93
76.98,37.15,0.0,1.98,56.25,6.45,33.66,1.49
50.28,38.0,1.67,-3.54,49.9,5.69,33.75,1.77
75.75,38.03,1.69,-3.48,50.85,6.17,36.32,1.54
92.03,38.03,0.0,0.99,50.59,6.58,31.12,4.18
93.99,38.98,1.43,-2.85,49.22,5.0,25.85,0.0
43.07,38.72,0.0,1.97,49.07,4.53,28.18,0.58
95.33,38.07,0.0,1.01,47.84,6.13,44.28,3.89
71.8,37.2,0.0,2.25,49.11,5.68,26.19,1.38
79.61,45.06,0.0,2.15,49.73,6.56,29.36,4.22
26.8,38.08,0.0,1.92,49.27,5.15,31.98,0.0
45.74,100.0,0.0,1.95,49.15,4.43,31.0,0.49
92.62,37.51,0.0,0.89,67.46,8.1,31.64,1.41
84.26,37.5,1.81,-3.4,50.56,6.21,32.66,1.91
34.19,38.09,1.7,-3.08,49.94,6.08,33.76,1.49
39.87,38.07,1.43,-2.84,49.92,5.88,28.84,1.87
50.06,68.3,0.94,-1.79,50.95,5.64,35.21,1.46
93.53,38.35,0.0,0.93,47.65,4.84,31.74,1.24
74.01,38.82,0.0,2.06,48.79,5.88,36.15,1.56
79.33,37.2,0.0,2.11,49.78,4.43,34.52,0.44
80.14,37.51,0.0,1.77,96.35,12.27,26.89,1.54
48.93,35.65,0.0,2.02,48.75,5.82,43.48,1.49
22.0,38.15,1.77,-3.28,50.05,7.15,43.53,4.3
43.49,38.97,1.6,-2.9,48.3,5.06,33.08,1.46
47.57,38.27,0.0,2.33,48.71,6.13,40.64,1.57
54.74,39.33,0.0,1.97,49.97,5.23,38.02,1.45
52.39,38.68,1.53,-2.94,100.12,12.01,41.89,1.33
34.61,39.21,0.0,1.96,51.3,6.15,38.54,0.0
25.47,35.55,1.74,-3.18,49.29,5.02,37.4,1.34
95.69,38.76,1.56,-2.77,73.2,7.07,40.33,0.55
23.89,38.15,0.0,1.96,48.98,4.83,39.69,0.96
41.22,39.1,0.0,1.8,50.61,6.22,36.95,1.76
51.55,39.25,1.79,-3.23,50.75,5.71,31.93,1.38
20.54,37.2,0.0,1.9,51.81,6.76,39.34,2.65
76.59,37.95,0.0,2.19,49.43,6.22,34.88,3.35
73.04,38.12,1.91,-3.38,49.24,6.1,32.63,1.89
79.33,38.03,0.0,2.07,51.37,5.69,27.88,1.57
83.15,38.08,0.0,1.77,50.76,6.08,45.37,1.78
76.87,38.08,0.0,2.03,57.02,6.28,39.35,1.41
49.42,37.8,0.0,1.93,50.26,5.52,40.12,1.02
91.37,36.9,0.0,1.69,47.98,5.53,42.3,1.46
60.46,38.18,0.0,1.99,79.07,9.88,39.58,1.72
85.42,37.2,1.63,-3.45,48.23,5.97,42.34,1.72
97.35,37.68,0.0,0.98,51.15,4.64,38.73,0.77
67.4,37.51,0.0,2.21,50.69,4.7,35.49,2.02
90.26,39.19,1.12,-2.4,49.25,5.09,38.01,0.0
77.32,38.56,1.7,-3.11,49.95,6.01,41.14,1.6
95.84,37.64,0.0,0.93,46.68,4.68,38.9,1.11
26.17,46.22,1.43,-2.79,50.11,5.63,46.48,1.65
85.66,38.03,1.63,-3.12,49.63,7.16,31.38,3.55
81.58,38.07,1.34,-2.4,48.19,4.62,39.02,3.38
27.5,38.76,0.0,1.88,48.77,4.11,34.21,0.37
62.07,38.68,0.0,1.94,75.79,9.58,39.39,1.35
32.1,36.9,1.86,-3.38,94.6,11.95,34.59,1.66
51.48,38.65,0.0,1.93,50.06,5.56,31.47,1.55
24.75,38.76,0.0,2.04,102.27,11.94,25.59,0.83
92.89,38.13,1.3,-2.75,47.61,5.19,44.1,1.41
90.93,100.0,0.52,-1.09,54.4,7.11,40.72,1.61
52.1,38.98,0.0,1.92,48.38,5.63,31.78,0.0
63.46,45.06,1.08,-1.97,74.02,7.62,27.82,1.03
92.03,38.68,0.0,1.01,77.55,8.78,30.54,1.23
83.97,38.54,1.56,-2.98,49.94,6.05,33.17,1.68
60.02,35.55,0.0,2.09,48.87,5.47,35.1,1.59
77.68,38.68,0.0,2.08,54.55,6.31,42.49,1.59
30.35,39.21,0.0,1.75,50.65,7.19,33.55,4.12
28.71,37.2,0.0,1.66,50.81,5.29,33.8,1.62
77.39,38.38,0.0,1.8,50.2,5.3,32.89,0.0
93.48,38.66,0.0,0.81,49.44,4.41,33.25,0.54
26.37,38.98,0.0,1.82,58.68,6.53,33.74,0.92
70.74,100.0,0.41,-0.79,47.78,4.99,41.1,1.29
33.41,38.68,1.12,-2.24,47.38,5.0,30.64,1.08
57.16,38.76,1.49,-2.95,54.57,6.99,36.13,1.52
51.07,37.51,1.42,-2.85,49.08,6.83,39.34,3.51
34.44,38.4,1.11,-2.24,49.35,4.22,34.28,0.45
82.61,36.27,0.0,1.99,50.04,6.37,43.85,1.74
91.05,37.95,0.0,1.49,49.17,6.16,29.75,3.73
54.35,38.12,0.0,1.97,48.93,5.31,41.12,1.43
96.44,39.19,0.0,0.99,50.26,6.7,29.58,4.19
89.01,38.27,1.82,-3.66,50.17,6.31,27.75,1.32
51.94,37.64,1.87,-3.34,49.47,6.01,40.45,1.63
33.12,100.0,0.56,-1.11,49.2,6.11,42.16,1.47
55.97,38.03,0.0,2.09,96.13,11.63,29.84,1.53
25.13,38.03,0.0,2.15,50.39,5.42,23.71,2.89
22.8,38.15,0.0,1.71,49.58,4.01,40.06,0.71
76.81,36.9,0.0,2.1,48.62,5.45,29.34,1.33
64.18,38.03,0.0,2.21,101.14,11.65,43.35,0.8
44.5,37.96,0.0,1.69,50.05,3.99,26.52,0.54
68.65,38.98,1.55,-3.22,50.89,5.73,34.66,1.17
54.58,37.31,0.0,2.19,48.61,6.18,28.17,1.7
37.55,39.09,1.79,-3.61,50.76,6.17,42.84,1.72
54.72,38.65,0.0,2.09,50.16,5.02,44.56,0.95
67.44,38.68,0.0,2.02,49.19,3.95,39.13,0.86
24.16,39.09,0.0,2.01,49.12,4.91,31.61,1.06
60.65,38.98,0.0,1.88,48.7,5.8,34.0,1.74
50.28,39.19,0.0,2.09,49.13,5.04,34.48,1.34
38.74,37.5,1.08,-2.49,46.32,5.27,25.82,0.0
33.8,37.68,0.0,2.0,49.64,6.37,44.31,0.01
61.17,39.24,1.4,-2.62,47.92,4.89,26.77,1.2
94.32,38.07,0.0,0.84,47.25,4.86,32.47,1.13
53.04,38.07,1.64,-3.18,49.81,6.07,31.22,1.79
89.83,38.31,0.0,1.42,49.88,5.97,36.31,1.35
23.79,45.6,0.0,2.02,49.38,6.13,29.49,1.7
92.65,39.39,1.65,-3.07,49.02,4.62,38.08,1.19
35.59,38.03,1.65,-3.05,48.18,5.67,28.43,3.26
77.47,45.06,0.0,1.92,48.97,6.9,29.47,0.0
91.97,38.11,0.0,1.09,84.02,10.55,32.99,1.65
74.37,38.62,0.0,1.82,52.06,5.96,34.06,1.61
95.74,38.76,0.0,0.88,50.03,5.12,34.06,1.34
50.69,37.95,0.0,2.01,48.33,5.43,37.66,1.25
67.05,39.19,0.0,2.11,51.16,5.68,33.04,1.06
64.58,38.18,0.0,2.16,85.4,9.29,37.07,0.68
35.51,37.34,1.34,-2.73,49.56,4.76,30.57,0.0
49.07,39.21,0.0,1.88,49.49,5.8,31.97,1.49
64.3,38.76,1.24,-2.58,48.28,5.28,35.75,0.0
75.2,38.07,1.3,-2.9,50.7,6.11,32.3,3.45
93.65,38.08,0.0,0.96,84.77,10.15,33.75,1.48
86.11,38.04,0.0,1.93,64.47,5.96,26.63,0.59
22.63,38.57,1.6,-3.54,50.55,6.41,29.01,1.76
48.37,37.83,0.0,1.8,49.59,5.89,37.36,1.43
48.77,38.03,1.64,-3.06,52.16,6.42,29.19,1.86
93.06,38.98,0.0,1.05,47.81,5.92,38.78,4.18
23.47,38.24,0.0,2.27,50.85,4.33,42.13,0.38
82.85,39.09,1.61,-3.13,50.73,5.28,35.98,1.03
87.22,100.0,0.6,-1.18,68.88,8.53,38.75,1.5
90.59,37.01,0.0,1.0,48.38,5.62,40.63,1.54
93.2,45.06,0.0,0.99,48.05,6.3,45.6,3.31
69.09,100.0,0.6,-1.14,48.41,5.85,33.72,1.33
29.43,37.2,0.0,2.18,49.27,6.55,26.77,2.78
91.78,38.09,1.72,-3.38,50.32,5.67,32.12,1.07
45.23,38.27,0.0,2.24,48.79,5.75,32.96,0.0
49.27,37.2,0.0,2.31,49.25,6.28,28.62,0.0
65.28,35.92,1.69,-3.67,52.22,5.35,29.85,0.94
55.5,37.93,0.0,2.29,50.32,6.1,42.72,1.57
87.51,37.94,1.48,-2.93,49.51,4.33,24.18,0.61
44.25,37.68,0.0,2.1,50.56,5.84,25.19,0.89
32.42,38.2,0.0,2.07,50.37,6.24,41.33,1.49
79.92,37.2,1.4,-2.68,83.13,8.68,38.44,0.62
52.79,38.12,1.33,-3.0,51.66,4.61,33.31,0.77
94.64,38.76,1.21,-2.26,47.63,5.1,44.34,1.21
48.87,100.0,0.0,1.93,47.5,4.94,35.5,1.08
72.75,100.0,0.47,-1.0,50.08,4.01,27.22,0.51
42.25,38.7,0.0,2.26,50.5,5.68,30.81,1.45
87.24,38.07,0.0,2.02,48.61,5.66,32.24,1.54
59.07,45.06,0.0,1.99,51.04,6.01,37.41,0.0
41.46,37.97,0.0,2.04,49.32,4.05,41.87,0.35
52.09,38.98,0.0,2.29,91.56,10.16,27.46,1.03
85.36,38.76,0.0,1.68,52.72,6.33,31.81,2.52
34.33,39.33,1.71,-3.2,49.51,6.2,35.76,1.67
57.6,37.24,1.32,-2.64,75.73,9.54,40.52,1.54
30.36,38.03,0.0,1.94,48.65,5.62,29.69,1.45
70.12,39.19,0.0,2.1,49.12,4.58,39.17,0.0
21.09,36.68,1.41,-2.92,49.87,4.4,29.95,0.37
50.29,38.08,1.4,-2.93,94.61,12.07,41.36,1.1
38.55,37.68,0.0,1.89,49.41,5.61,41.4,1.71
48.24,38.03,0.0,1.8,55.14,5.84,40.09,1.35
95.17,38.5,1.55,-1.0,50.12,5.21,30.67,1.32
54.26,37.2,0.0,1.98,48.23,6.78,31.69,4.32
55.91,36.9,1.66,-3.61,73.72,9.18,41.71,1.59
70.94,37.5,0.0,1.95,50.52,4.13,28.97,0.6
62.72,37.5,0.0,2.11,97.71,12.38,31.99,1.53
94.96,38.04,0.0,1.01,82.14,10.18,28.16,1.46
20.09,36.9,1.6,-3.22,48.14,5.97,42.48,1.57
52.15,45.6,0.0,1.66,89.29,10.89,31.1,1.6
88.38,38.38,0.0,2.06,50.29,6.89,29.69,0.0
88.91,38.38,1.67,-3.37,50.01,5.77,31.16,1.71
96.93,39.19,0.0,0.92,50.08,6.88,32.92,4.22
42.64,38.98,0.0,1.99,51.19,6.33,44.01,1.53
47.21,35.55,1.78,-3.27,49.79,6.29,35.63,1.58
91.36,37.51,0.0,1.38,47.15,5.97,28.93,1.56
34.88,38.07,1.84,-3.33,51.15,6.54,44.22,2.01
48.18,39.09,0.0,1.85,49.08,5.05,42.07,1.23
28.56,38.98,0.0,2.32,48.48,3.97,27.22,0.91
59.55,38.18,0.0,1.87,77.15,9.69,44.44,1.56
21.31,37.97,0.0,1.83,51.93,5.15,33.71,0.0
34.69,39.25,1.29,-2.61,48.18,5.55,30.19,1.47
91.2,37.34,0.0,0.91,81.02,10.04,44.94,1.37
94.41,38.04,0.0,0.98,80.52,10.01,43.28,1.52
63.66,36.27,0.0,1.8,50.05,6.32,43.74,1.67
76.57,37.68,1.91,-3.65,49.78,5.56,41.4,1.59
72.45,38.68,0.0,1.98,48.33,5.24,43.99,1.39
41.85,38.09,1.67,-2.78,48.21,5.45,41.74,1.27
97.82,38.38,0.0,1.06,48.72,5.9,28.7,1.34
54.64,37.25,1.79,-3.23,49.54,5.81,43.9,1.5
50.01,37.68,0.0,1.71,47.88,4.55,43.56,1.16
57.96,39.19,1.34,-2.76,90.52,11.39,31.37,1.31
83.35,38.08,0.0,2.22,65.31,6.91,43.6,0.69
95.13,39.61,0.0,0.98,47.23,4.43,27.02,1.17
21.21,38.11,0.0,2.08,51.27,7.0,34.7,3.51
30.29,37.15,1.24,-2.51,48.57,6.24,25.36,0.0
69.67,38.38,0.0,2.05,50.96,6.99,42.12,3.53
44.7,45.06,0.0,1.97,50.38,6.11,46.37,1.79
76.65,37.5,0.0,2.02,51.56,5.43,32.87,1.58
95.09,37.04,0.0,1.05,50.11,6.04,33.29,1.65
45.05,37.68,0.0,1.91,50.16,4.79,26.92,0.65
22.7,37.68,0.0,1.78,49.35,6.94,35.23,0.0
29.51,38.07,1.51,-3.38,52.91,6.58,46.68,1.77
56.8,39.19,1.2,-2.65,47.6,5.39,33.1,1.54
36.4,37.95,1.53,-3.2,75.03,7.73,32.13,0.49
40.28,38.72,1.74,-3.39,49.03,5.67,43.81,1.72
32.7,38.95,0.0,2.09,49.67,5.73,37.22,1.67
92.65,40.23,1.5,-2.94,50.17,5.93,35.56,1.75
23.48,38.77,1.4,-3.18,49.94,6.15,29.22,1.7
72.29,38.07,0.0,2.17,50.58,5.17,32.35,1.05
26.68,38.11,0.0,2.02,51.06,5.23,29.79,0.0
67.19,39.26,1.52,-2.94,49.73,5.65,29.52,1.51
71.96,44.43,0.0,2.14,50.89,7.17,43.46,4.5
80.75,38.08,0.0,2.09,51.4,6.04,41.46,1.57
89.49,38.04,0.0,2.32,66.6,6.65,43.61,0.96
25.47,39.25,0.0,2.27,50.51,3.95,37.95,0.51
78.6,37.2,1.5,-3.25,50.25,5.92,39.29,1.84
51.92,38.2,0.0,1.74,50.39,7.32,31.56,0.0
23.33,44.43,1.49,-2.83,59.44,8.08,34.03,1.9
48.17,44.43,1.13,-2.7,51.33,6.16,32.93,1.23
77.71,38.31,1.36,-2.7,49.29,5.77,27.28,1.56
50.42,39.39,1.56,-3.11,48.88,5.99,43.22,1.58
92.09,38.04,0.0,0.99,71.84,8.88,29.44,1.49
56.75,39.53,1.54,-3.15,50.04,5.11,28.62,1.58
91.38,44.43,1.52,-2.93,49.55,5.63,29.69,1.49
41.65,37.95,0.0,1.97,49.95,6.45,36.81,1.65
55.92,38.07,1.73,-3.18,50.44,6.35,34.88,0.0
44.59,38.07,1.42,-3.11,50.38,4.72,23.93,0.64
47.24,38.03,0.0,1.95,54.06,5.5,30.28,1.03
68.48,37.68,0.0,1.93,57.01,4.89,33.42,0.71
55.21,36.35,0.0,2.2,49.13,5.23,34.58,0.0
83.24,39.81,0.0,2.0,47.54,5.38,26.05,1.08
64.87,39.14,0.0,1.84,47.53,4.54,37.08,0.97
92.15,37.69,1.66,-3.3,51.09,6.04,31.44,1.52
42.03,40.0,1.48,-3.14,47.95,5.52,31.68,1.33
76.26,38.04,0.0,2.08,86.43,10.97,30.46,1.71
33.3,38.11,0.0,1.83,47.85,6.53,26.65,0.0
34.67,36.9,0.0,1.98,48.25,5.99,30.69,1.46
76.58,38.81,1.54,-2.88,49.29,6.27,37.65,1.62
87.83,37.2,0.0,2.05,49.47,6.0,42.63,1.33
29.94,38.98,1.14,-2.42,48.52,5.34,37.23,3.34
93.06,38.43,0.0,0.96,49.93,4.57,28.76,0.63
91.67,37.68,1.31,-2.75,47.24,5.3,37.42,1.26
73.81,37.34,0.0,1.99,55.07,6.91,42.01,1.77
41.4,37.34,1.67,-3.4,50.25,7.02,30.62,0.0
72.96,38.03,0.0,2.13,96.3,12.22,37.22,1.87
67.65,39.3,0.0,1.69,47.58,4.92,40.38,1.19
34.64,36.74,1.81,-3.08,49.2,5.52,32.66,1.32
49.07,35.55,1.65,-3.03,48.34,5.95,27.37,1.58
76.71,37.93,1.67,-3.13,51.64,6.43,41.81,4.25
57.93,44.43,0.0,2.18,51.72,5.29,40.87,0.89
96.66,36.73,0.0,0.9,50.77,6.0,39.78,1.58
88.4,37.83,0.0,1.78,49.36,5.84,38.81,1.57
73.44,38.13,1.82,-3.31,50.46,6.2,42.44,1.69
67.88,100.0,0.62,-1.18,48.43,5.55,45.58,1.6
93.43,38.15,1.48,-3.35,49.62,6.48,29.82,1.84
75.1,38.76,0.0,1.68,73.33,8.8,38.97,1.49
64.49,38.68,0.0,2.13,51.18,4.44,37.43,0.74
97.08,38.07,1.36,-0.8,48.13,6.25,40.75,0.0
89.36,37.82,1.4,-2.7,48.33,5.89,41.34,1.36
98.05,37.95,0.0,1.04,50.01,4.36,36.38,0.58
21.99,37.91,0.0,1.78,51.68,7.02,41.92,4.34
76.82,38.97,0.0,2.23,48.73,5.9,33.29,1.56
51.1,38.03,1.71,-3.31,49.34,5.92,29.36,1.46
34.92,37.68,1.5,-3.09,49.91,4.39,29.71,0.5
80.59,37.5,1.5,-2.93,58.03,6.73,35.93,1.59
93.12,35.55,0.0,1.01,47.67,4.91,39.49,0.0
88.91,37.74,0.0,2.14,47.89,4.43,40.17,1.01
63.03,39.5,0.0,1.81,48.61,3.82,28.43,0.77
64.07,37.25,1.12,-2.71,48.96,4.33,44.35,1.09
28.48,38.98,0.0,2.1,51.91,5.85,39.67,0.0
32.48,38.97,1.5,-3.03,48.83,5.01,38.94,1.36
28.27,37.57,0.0,2.16,48.12,3.92,27.02,0.86
96.02,37.2,0.0,1.04,83.33,8.8,24.92,0.47
83.23,39.19,0.0,1.93,49.84,7.11,30.0,0.0
81.11,100.0,0.0,2.02,79.54,9.41,33.19,1.53
73.03,36.9,1.28,-2.87,57.59,5.18,30.11,0.42
76.18,100.0,0.67,-1.2,50.32,6.55,44.0,0.0
96.14,37.34,1.11,-2.38,48.28,3.83,27.44,0.82
70.14,38.04,0.0,2.33,47.65,5.2,28.89,1.1
75.31,38.24,0.0,2.08,50.81,6.96,44.55,0.0
30.12,36.99,0.0,1.89,47.74,5.44,36.51,1.43
88.63,36.9,0.0,2.02,48.53,3.63,36.48,0.9
89.31,38.07,1.6,-3.34,49.51,6.37,40.91,4.11
20.82,39.9,0.0,-0.77,71.47,8.94,43.0,1.69
76.02,37.24,1.78,-3.65,57.73,6.74,37.57,1.43
66.1,39.47,1.89,-3.63,52.17,6.14,33.87,1.85
86.82,37.95,0.0,1.96,51.62,5.45,25.09,3.5
33.55,38.12,0.0,1.68,50.31,5.68,36.57,1.13
49.96,39.25,1.58,-3.37,50.62,5.32,39.32,1.45
42.75,38.03,0.0,2.1,53.05,6.42,40.13,3.23
86.93,38.13,0.0,2.0,48.09,4.88,32.39,0.96
65.9,38.76,0.0,1.8,61.59,5.55,30.14,0.66
43.19,38.07,1.4,-2.82,49.32,4.23,43.02,0.49
34.07,38.55,0.0,2.28,49.51,5.62,38.54,1.49
64.71,37.95,0.0,2.2,51.33,6.35,29.35,0.0
25.85,39.19,0.0,2.0,95.51,11.36,28.85,0.81
57.02,38.56,1.4,-2.84,64.6,6.7,43.49,1.1
39.03,38.65,0.0,1.95,48.6,5.24,26.27,1.12
32.24,37.2,0.0,1.97,50.15,7.39,43.16,3.54
38.98,38.57,0.0,1.99,49.17,6.72,43.88,4.48
80.07,37.68,0.0,1.9,77.61,8.8,42.77,1.32
40.98,38.07,1.04,-2.21,48.52,3.89,32.34,0.89
40.9,39.09,0.0,2.38,48.91,4.62,43.96,0.0
86.94,37.24,0.0,2.0,49.82,6.15,38.89,1.52
24.7,39.19,0.0,2.01,95.41,11.9,29.15,1.13
78.47,38.75,0.0,2.09,51.34,5.46,26.88,0.99
50.85,38.18,0.0,2.07,61.93,7.1,44.63,1.32
48.63,38.56,0.0,1.89,50.88,6.91,34.72,4.04
25.38,38.98,0.0,1.75,50.91,4.67,30.94,0.63
80.29,37.2,1.52,-3.02,51.56,5.89,42.39,1.5
43.42,37.86,0.0,2.12,49.7,6.15,38.67,1.64
65.5,37.2,0.0,2.11,47.92,6.08,38.04,0.0
94.71,39.32,0.0,0.89,50.1,6.13,43.77,1.51
43.69,38.08,0.0,1.94,58.43,5.69,36.58,0.81
61.91,37.2,0.0,1.99,49.29,3.87,31.76,0.61
30.56,100.0,0.69,-1.3,49.92,6.11,36.88,1.48
56.44,37.68,1.84,-3.48,49.26,5.8,36.44,1.6
68.25,38.04,1.46,-2.65,49.87,3.81,32.8,0.49
61.68,37.5,0.0,1.89,95.67,12.13,28.38,1.53
45.67,37.2,0.0,2.21,49.56,3.95,36.71,0.94
95.04,38.76,0.0,1.03,58.64,6.86,27.77,1.43
97.19,38.76,0.0,1.03,49.52,4.75,29.77,0.67
85.36,38.03,1.57,-3.25,49.2,6.6,38.33,4.11
36.07,38.57,0.0,2.19,48.48,5.62,37.92,4.16
44.0,38.76,0.0,2.01,50.23,5.26,31.78,0.84
22.41,37.86,0.0,1.72,84.95,10.48,33.39,1.68
31.94,37.91,0.0,1.71,49.18,6.42,30.96,4.43
88.36,38.07,0.0,2.21,48.65,5.61,45.41,1.5
43.65,37.86,1.61,-3.56,54.06,6.54,28.51,1.68
87.63,37.57,1.39,-3.12,49.4,5.79,34.68,1.37
86.01,39.32,1.36,-2.7,47.39,5.33,40.34,1.28
93.96,38.04,0.0,1.0,79.2,9.47,37.01,1.38
34.16,38.08,0.0,2.07,49.98,6.22,42.58,0.0
75.22,39.71,0.0,1.78,50.1,6.28,35.32,1.78
95.69,38.68,0.0,0.98,50.93,6.16,36.48,1.21
58.28,37.68,1.64,-3.35,49.11,5.85,38.08,1.64
39.4,38.98,1.56,-3.17,79.41,10.0,41.61,1.33
51.67,37.2,1.58,-3.06,64.78,8.17,34.24,1.63
84.1,38.98,0.0,1.96,50.49,6.47,28.91,1.77
24.23,38.57,1.94,-3.77,49.81,6.13,41.18,1.77
77.94,39.18,0.0,1.95,49.28,6.44,41.46,1.83
57.83,37.51,0.0,2.14,49.47,6.53,38.11,0.0
45.96,38.2,0.0,2.13,48.67,6.36,34.34,3.93
27.15,100.0,0.0,1.92,50.08,4.91,43.31,0.0
59.08,37.97,0.0,2.07,50.1,4.64,37.25,0.71
98.41,37.2,0.0,1.02,64.06,7.58,39.74,1.43
29.96,39.09,1.59,-3.04,50.83,7.53,40.65,0.12
94.54,37.15,0.0,1.06,88.18,10.81,38.46,1.84
55.82,45.6,0.0,1.9,94.13,10.16,33.92,0.58
59.52,36.9,1.83,-3.37,69.96,8.65,30.62,1.61
38.86,37.51,1.13,-2.37,49.68,4.42,40.17,0.58
78.38,38.24,1.63,-3.43,80.6,10.4,37.0,1.52
90.99,38.85,1.37,-2.84,49.27,3.77,41.69,0.44
60.02,38.18,0.0,2.09,50.92,5.22,31.71,0.8
30.0,38.56,1.09,-2.62,93.09,10.33,32.55,0.61
83.79,38.68,0.0,2.07,50.05,4.63,43.46,0.71
37.37,37.83,0.0,2.12,62.65,5.63,28.24,0.57
74.96,37.83,0.0,1.93,51.04,4.83,25.81,0.65
22.39,36.27,0.0,2.14,51.66,7.44,45.22,3.42
90.8,36.9,0.0,2.17,47.64,4.75,45.47,1.22
83.89,37.95,0.0,2.36,50.23,4.88,41.38,0.0
37.45,38.03,0.0,1.91,50.97,5.77,38.52,1.54
22.56,38.98,0.0,2.06,50.83,5.75,29.78,1.3
86.75,38.07,1.59,-3.44,50.35,5.7,44.69,0.0
54.69,37.57,1.93,-3.51,48.58,6.57,40.43,0.06
96.52,36.42,0.0,1.0,51.21,5.77,32.29,1.21
61.64,38.03,0.0,1.81,80.51,8.93,41.05,0.68
63.57,36.62,0.0,1.95,46.46,4.8,33.08,1.1
64.91,36.35,0.0,2.3,48.39,6.18,29.92,0.0
72.14,37.2,0.0,2.14,49.84,6.5,34.65,1.89
59.92,37.2,0.0,1.87,50.74,4.06,30.05,0.55
89.38,45.06,1.26,-2.29,41.27,4.59,33.64,0.95
77.44,38.03,1.8,-3.24,49.95,6.24,43.17,1.64
82.78,39.85,1.58,-3.22,49.17,5.21,32.6,1.25
82.95,38.03,0.0,1.97,51.08,4.64,34.19,0.67
50.53,37.53,0.0,2.16,48.65,5.67,35.86,1.42
59.42,37.95,0.0,2.34,50.53,7.42,46.92,4.37
96.39,38.98,1.67,-1.08,51.26,4.74,38.1,0.63
61.59,38.68,1.47,-2.76,56.71,6.78,39.06,4.5
75.2,38.03,0.0,1.84,49.97,6.38,42.93,1.62
25.26,37.51,0.0,1.8,51.48,6.82,28.84,0.0
96.37,37.68,0.0,0.97,50.39,6.34,37.27,1.31
21.73,37.5,0.0,2.22,51.03,5.97,31.66,1.34
46.14,38.41,1.75,-3.32,50.24,5.49,26.28,1.38
75.3,36.96,0.0,1.85,49.46,6.09,32.38,1.64
63.39,38.08,0.0,2.24,50.82,4.53,41.56,0.61
64.69,35.58,0.0,1.99,48.87,3.68,28.81,0.65
33.51,37.5,0.0,2.05,49.45,5.41,32.24,1.37
97.24,37.95,1.22,-0.74,48.74,5.55,45.26,3.6
41.38,37.2,0.0,2.24,51.25,5.39,27.71,1.02
57.83,37.99,1.27,-2.78,53.44,6.29,36.83,1.31
64.84,38.27,0.0,2.24,50.02,5.83,37.66,1.44
75.76,45.6,0.0,2.06,50.77,5.04,27.92,0.75
33.74,37.57,1.66,-2.72,47.38,5.8,29.64,0.0
32.58,38.03,0.0,2.24,61.01,7.26,43.05,1.49
32.98,37.95,0.0,1.93,48.32,5.34,30.41,1.2
56.22,38.08,0.0,2.05,50.06,7.0,41.02,0.0
31.27,38.98,1.19,-2.26,85.99,9.41,41.86,1.01
27.28,37.2,1.45,-3.36,49.2,5.73,46.22,1.69
45.23,38.68,1.59,-3.14,50.65,6.7,46.12,0.0
89.68,36.62,0.0,2.22,48.2,6.45,30.4,0.0
20.18,37.2,1.86,-3.78,52.49,7.16,36.61,0.0
47.73,37.86,0.0,2.11,50.66,6.1,44.98,1.23
75.1,39.09,0.0,2.04,50.27,5.88,37.55,1.63
96.44,37.05,0.0,0.99,49.25,4.26,40.56,0.61
46.04,39.63,0.0,2.04,47.37,4.73,30.94,1.2
22.39,38.11,0.0,2.17,51.25,7.12,39.91,0.0
71.15,100.0,0.38,-0.9,48.25,3.82,38.99,0.98
40.87,38.57,1.32,-2.93,51.17,5.13,29.33,0.91
34.8,38.98,1.44,-2.88,50.83,5.68,36.41,0.0
35.69,36.9,1.85,-3.35,49.98,4.93,28.62,0.88
75.35,35.55,0.0,2.19,47.58,5.08,35.75,3.05
86.94,44.43,0.0,2.03,49.74,6.19,32.65,3.58
27.45,38.03,1.37,-2.67,49.69,7.45,28.12,3.83
27.51,38.6,0.0,1.85,49.07,5.61,42.06,1.5
56.77,38.76,1.33,-2.93,49.67,6.96,31.78,0.24
58.89,38.56,0.0,2.0,47.87,6.12,37.51,0.0
89.74,38.56,1.3,-2.72,49.56,3.98,41.97,0.69
96.21,35.55,0.0,1.07,48.96,7.08,33.61,3.91
40.73,39.25,1.33,-2.97,50.54,4.43,38.2,0.61
42.85,38.68,0.0,1.86,51.78,6.27,32.38,0.0
93.11,36.27,0.0,0.99,49.87,6.2,31.71,1.58
54.67,45.06,1.12,-2.69,85.73,10.48,35.11,1.55
53.95,100.0,0.0,2.18,48.82,6.07,26.34,1.36
39.29,37.2,1.37,-3.13,78.26,8.6,29.14,0.77
91.94,38.62,0.0,1.02,49.42,5.43,31.9,1.3
93.96,35.98,0.0,1.12,50.19,5.81,42.07,1.44
69.43,38.97,0.0,1.79,48.67,5.19,45.09,1.14
36.57,38.98,0.0,1.95,49.6,6.5,28.92,3.09
39.25,39.19,1.17,-2.45,49.04,3.92,32.51,0.56
58.27,39.09,0.0,2.12,50.43,4.59,25.27,0.74
24.21,37.5,2.03,-3.78,51.21,6.69,40.92,1.85
61.82,39.09,1.4,-3.06,50.26,5.9,44.06,1.68
92.48,38.12,0.0,0.93,52.31,5.04,28.16,0.83
96.45,38.07,0.0,1.19,91.39,11.47,29.8,1.55
94.12,38.03,0.0,1.07,50.04,6.88,42.7,0.0
50.37,44.43,0.0,1.94,49.67,5.7,30.78,1.45
46.23,37.2,0.0,2.12,48.42,6.77,37.44,4.31
62.02,37.89,1.48,-2.58,49.19,5.13,30.56,1.36
60.99,37.2,1.49,-2.93,53.3,5.11,35.7,1.24
48.63,38.98,0.0,1.9,88.9,9.76,42.64,0.55
21.02,38.98,1.88,-3.45,49.26,7.2,32.91,3.26
93.89,44.43,0.0,0.98,51.0,6.09,32.65,0.0
29.03,39.09,0.0,1.75,50.78,6.83,27.3,3.87
77.18,38.27,0.0,1.84,59.13,5.37,26.87,0.44
89.95,35.55,1.9,-3.73,50.59,5.4,28.52,1.12
75.64,36.37,0.0,1.87,47.88,5.41,36.21,1.35
25.52,38.11,0.0,1.97,51.5,5.51,33.5,0.0
45.34,44.43,1.43,-2.83,51.12,4.61,42.56,0.74
43.29,38.12,1.39,-2.89,67.81,8.15,38.29,1.41
92.53,38.07,0.0,1.03,50.0,4.91,27.98,0.65
89.38,37.2,0.0,1.86,66.31,8.19,33.13,1.47
63.37,37.5,0.0,2.01,50.94,4.41,38.57,0.48
51.77,38.09,1.69,-3.24,50.93,6.79,37.49,3.27
38.32,100.0,0.61,-1.13,49.87,3.96,29.37,0.53
91.29,38.98,1.32,-2.7,47.53,4.66,32.28,0.0
21.23,38.08,1.94,-3.67,52.58,6.81,27.83,1.66
90.0,38.03,0.0,1.85,48.86,5.73,34.39,1.48
51.11,38.15,1.79,-3.44,50.01,5.94,39.32,3.16
28.87,39.19,0.0,2.0,97.78,10.67,39.95,0.49
89.01,37.91,1.52,-3.41,50.63,5.64,37.62,2.72
91.13,39.47,0.0,1.11,50.65,4.8,43.78,0.72
86.29,38.03,0.0,2.06,86.15,9.07,25.7,1.05
72.57,38.12,1.58,-3.32,94.51,11.84,29.72,1.66
83.67,38.76,0.0,2.33,52.13,7.64,33.84,0.0
67.34,39.19,1.46,-2.96,49.81,6.03,45.05,1.23
19.65,39.14,0.0,1.67,52.78,6.14,38.6,1.45
38.28,38.24,1.19,-2.65,48.39,3.62,38.66,0.59
25.58,38.24,0.0,2.11,49.83,4.58,25.82,0.95
84.18,38.04,0.0,1.93,62.06,6.97,31.2,0.99
42.75,38.68,0.0,2.02,50.66,5.72,43.93,1.16
34.55,38.75,0.0,1.99,96.7,11.45,30.51,1.51
56.5,39.9,0.0,2.2,49.62,5.82,32.9,1.62
43.22,37.34,0.0,2.1,50.3,6.05,27.56,1.63
30.74,38.98,0.0,2.12,62.36,5.6,36.09,0.78
79.59,38.07,1.27,-2.73,47.48,5.07,27.37,1.27
78.25,39.19,0.0,1.96,51.04,6.03,28.92,1.49
38.82,36.96,0.0,1.72,50.23,5.22,38.57,1.49
74.64,37.2,1.29,-2.59,50.76,4.44,37.92,0.6
74.87,37.2,0.0,1.88,51.37,6.72,30.96,1.32
80.5,38.76,0.0,2.02,50.32,7.24,29.41,0.27
34.16,45.06,0.0,2.0,50.64,7.48,28.53,4.41
86.53,36.62,0.0,2.0,48.58,6.28,27.78,3.23
48.24,37.51,0.0,2.11,49.44,3.9,34.4,0.79
65.02,39.09,0.0,1.99,48.2,5.75,45.58,1.41
80.06,37.15,0.0,1.9,60.97,7.38,28.87,1.48
24.88,37.99,1.52,-3.05,87.96,11.09,45.97,1.34
24.58,37.2,1.43,-3.01,51.34,5.42,28.85,0.93
68.68,38.03,0.0,2.2,47.87,5.4,33.55,1.52
58.83,36.54,0.0,1.93,49.21,6.22,42.42,1.95
73.85,37.15,0.0,2.01,51.25,6.07,28.74,1.54
73.01,38.08,1.04,-2.38,69.98,6.75,39.58,0.44
95.32,38.68,1.27,-2.75,55.71,5.64,43.08,1.03
46.01,38.07,1.69,-3.62,50.87,5.18,31.58,0.91
26.22,37.2,0.0,1.79,49.5,5.57,41.83,3.15
53.89,38.98,0.0,2.09,48.23,6.59,42.23,0.0
26.15,37.41,1.85,-3.49,50.3,6.04,31.52,1.59
45.47,38.03,0.0,2.0,79.68,8.02,30.88,0.71
47.86,35.55,0.0,2.12,98.74,12.08,45.93,1.68
89.7,38.08,1.68,-3.51,54.28,6.38,36.71,1.45
83.13,38.04,0.0,1.88,60.32,7.21,38.52,1.23
22.04,37.2,1.92,-3.76,51.97,6.87,37.94,1.57
64.12,39.01,0.0,2.01,51.53,5.58,38.62,0.94
24.75,39.09,1.78,-3.34,58.11,6.3,37.42,1.61
80.21,38.03,0.0,1.73,79.28,9.69,34.59,1.2
92.34,38.76,0.0,0.99,48.86,6.59,33.34,0.0
25.93,37.2,1.91,-3.43,49.05,7.08,30.56,0.0
46.6,37.86,0.0,2.14,50.17,6.22,45.1,1.61
93.52,38.04,0.0,1.07,49.13,5.78,29.42,1.52
42.42,60.58,0.76,-1.77,50.9,5.02,29.05,0.73
28.46,54.11,0.0,1.93,51.0,4.51,29.64,0.5
49.34,38.37,1.0,-2.3,47.34,3.61,38.36,0.81
38.29,38.07,0.0,2.06,47.98,5.02,27.88,1.07
97.85,100.0,0.0,1.02,51.19,4.72,25.4,0.61
34.18,37.86,0.0,2.03,100.63,11.59,26.22,1.07
95.25,38.73,0.0,1.09,50.16,4.78,33.27,0.84
97.46,37.91,0.0,1.04,49.47,5.97,36.07,1.38
69.0,38.04,0.0,2.08,47.78,4.33,38.35,1.01
50.45,38.75,1.36,-2.86,51.39,6.18,30.1,1.28
53.83,38.56,0.0,2.34,47.82,5.25,25.17,0.0
93.59,38.98,0.0,1.01,48.33,7.02,29.49,0.0
59.24,39.09,0.0,1.97,97.54,10.31,39.58,0.53
36.04,45.06,1.47,-2.57,47.66,5.67,35.85,1.55
20.81,37.57,1.47,-2.83,54.1,6.34,46.94,1.7
94.85,38.07,1.85,-3.69,103.01,12.79,32.87,1.79
39.29,37.93,1.55,-3.2,51.22,5.98,38.03,0.0
42.26,36.35,0.0,1.83,49.03,7.04,38.85,3.54
45.14,36.35,0.0,1.85,50.58,6.23,26.55,0.0
25.26,38.07,0.0,2.27,49.08,7.31,46.98,0.0
63.61,38.03,0.0,1.99,49.96,4.82,38.23,0.66
24.65,100.0,0.51,-1.12,48.63,5.81,45.93,4.32
21.53,38.98,0.0,1.93,50.81,5.67,42.18,1.54
45.54,36.16,0.0,1.69,48.19,5.55,39.53,1.47
50.18,38.98,0.0,2.16,48.48,4.78,39.68,0.0
95.4,37.68,0.0,0.92,49.64,5.81,28.69,1.73
36.08,37.2,0.0,1.91,51.06,6.37,33.7,4.4
84.91,38.68,0.0,2.22,49.84,4.46,24.51,0.55
45.83,38.98,1.44,-2.94,85.79,10.67,43.8,1.53
91.62,38.91,0.0,0.89,50.71,5.82,40.12,1.31
55.01,38.75,1.41,-3.11,50.69,5.7,37.65,1.65
73.12,38.07,0.0,1.89,50.63,5.03,24.66,0.8
23.14,37.99,1.74,-3.26,90.27,10.98,27.57,1.5
57.98,37.2,1.9,-3.58,49.65,6.48,28.57,3.67
80.44,35.55,0.0,2.28,47.96,6.61,34.94,3.64
72.39,100.0,0.0,1.9,62.94,7.76,45.89,1.45
48.9,37.91,0.0,1.75,47.97,4.61,28.98,1.18
65.15,37.51,1.48,-2.84,78.07,8.44,42.55,0.84
65.43,45.06,1.14,-2.49,72.95,7.22,25.35,0.56
85.78,38.12,1.44,-2.94,81.74,9.53,33.73,0.86
63.51,38.97,1.61,-3.02,47.44,5.62,41.46,1.33
47.93,37.2,0.0,1.7,49.4,6.61,39.95,3.79
22.24,37.2,0.0,2.12,102.9,13.65,33.47,1.74
24.05,38.97,1.8,-3.59,50.01,6.12,37.65,1.53
27.6,38.07,0.0,2.34,49.9,6.83,46.77,3.8
31.85,37.51,0.0,1.97,48.34,4.88,27.18,1.2
49.42,38.46,0.0,2.09,48.95,5.12,37.47,1.1
21.09,37.91,0.0,1.78,51.28,7.67,40.02,4.26
67.36,38.98,1.29,-2.84,50.72,5.36,43.99,0.94
61.2,39.98,0.0,1.86,51.26,5.67,46.07,1.72
21.71,37.2,0.0,2.21,52.11,5.81,43.31,3.1
56.72,39.33,0.0,1.99,50.46,5.62,41.43,1.16
49.89,36.27,1.48,-3.14,97.62,12.54,27.88,1.5
72.9,36.9,1.67,-3.48,88.3,10.52,34.85,1.73
74.94,45.06,0.0,1.97,51.24,6.46,43.71,1.51
20.9,45.06,0.0,-0.6,51.6,5.02,31.64,0.72
35.55,38.96,0.0,2.33,47.91,5.24,37.78,1.18
59.23,37.64,0.0,1.95,50.64,5.52,42.46,1.07
82.39,39.67,1.34,-2.68,49.45,5.57,43.94,1.59
93.93,38.03,1.5,-3.25,47.99,6.31,46.68,0.0
97.49,38.76,0.0,0.92,66.73,8.75,41.14,1.77
29.89,38.03,0.0,2.13,48.11,6.18,34.71,4.5
74.96,36.35,1.71,-3.35,92.18,11.21,36.41,1.36
75.03,37.2,1.28,-2.7,87.66,10.25,45.32,1.35
98.04,38.08,0.0,0.93,47.84,5.78,35.04,1.44
73.69,45.6,0.0,2.38,51.25,5.96,37.31,1.19
69.64,38.18,0.0,1.89,89.59,10.78,42.8,1.21
90.33,39.22,1.53,-3.21,50.43,5.72,34.7,1.8
57.9,38.15,1.68,-3.26,49.03,6.83,43.33,0.0
88.94,38.99,1.45,-3.1,49.03,4.92,36.87,1.43
47.92,38.12,0.0,1.87,49.79,7.27,27.24,4.5
64.1,38.76,0.0,2.0,51.11,6.51,29.47,2.78
60.11,36.9,0.0,2.17,50.24,6.52,33.38,0.0
96.96,37.15,0.0,0.94,95.88,11.26,44.9,0.99
79.3,39.11,0.0,2.0,50.56,6.73,46.24,1.94
69.33,38.76,0.0,2.25,63.5,6.3,32.51,1.22
23.79,38.09,1.44,-2.96,50.33,5.74,33.21,1.4
75.45,38.07,1.5,-2.91,51.79,5.39,43.6,1.4
68.68,44.43,0.0,2.04,49.52,6.38,33.01,0.0
95.87,38.07,0.0,0.87,50.53,6.04,30.3,0.0
65.8,37.75,0.0,2.12,48.98,5.54,29.41,1.6
79.43,39.19,0.0,2.01,48.84,7.1,45.18,0.0
71.04,37.95,0.0,2.32,49.25,5.89,27.06,1.66
74.23,38.98,0.0,2.21,48.21,6.08,41.86,4.19
29.77,38.42,0.0,2.25,49.43,5.77,29.82,1.61
91.09,37.57,0.0,1.6,48.41,5.12,28.42,1.46
22.02,38.04,1.36,-2.99,49.6,7.0,42.16,3.1
57.9,37.15,0.0,1.85,49.62,6.02,36.8,1.64
36.99,38.57,0.0,2.12,48.63,6.34,38.99,0.0
62.72,38.12,0.0,1.92,48.62,6.14,38.61,3.87
39.8,38.56,0.0,1.93,49.24,5.31,34.68,1.45
39.73,38.08,0.0,2.04,51.68,6.37,46.17,1.72
24.9,38.08,1.66,-3.56,50.73,6.97,45.51,1.65
20.63,38.08,0.0,-0.61,53.03,5.99,28.12,1.09
53.36,38.11,1.45,-3.26,50.13,7.63,29.05,0.0
72.64,39.25,0.0,2.06,48.75,5.37,40.5,1.46
93.81,37.2,0.0,0.85,53.16,4.88,37.74,0.73
29.95,38.98,1.45,-2.82,99.07,12.05,32.69,1.37
56.29,38.03,0.0,1.95,70.24,8.85,43.62,1.58
49.48,38.08,0.0,2.27,49.07,5.98,27.44,4.02
69.67,37.2,1.76,-3.62,50.56,4.75,37.33,0.84
80.16,100.0,0.53,-1.2,85.11,10.97,35.81,1.69
29.34,38.98,0.0,1.85,51.23,5.69,27.6,0.0
20.81,39.33,0.0,-0.4,61.41,5.86,30.9,0.4
25.33,38.03,0.0,1.97,51.43,4.53,36.49,0.67
47.65,38.03,0.0,1.87,74.95,7.55,40.18,1.1
37.67,38.98,0.0,1.97,49.38,5.62,29.92,3.61
21.44,38.03,1.48,-3.03,50.92,6.52,30.82,1.63
19.98,38.98,1.64,-3.46,49.86,6.28,39.33,1.47
83.75,36.23,1.53,-3.17,49.98,6.39,42.17,1.63
79.23,38.03,1.44,-3.18,49.74,6.17,40.58,1.7
33.1,38.9,0.0,2.15,50.66,5.21,35.26,0.86
82.96,100.0,0.0,1.84,83.19,9.43,37.3,0.9
29.61,38.76,0.0,1.97,48.37,5.48,38.29,0.0
75.25,37.2,1.7,-3.35,50.3,6.25,28.64,1.45
49.51,38.11,0.0,2.24,47.79,5.51,29.99,0.0
44.93,39.21,0.0,1.99,48.11,5.71,44.28,1.63
85.53,38.76,1.69,-3.24,49.73,6.6,46.29,0.0
54.29,38.98,0.0,2.2,94.19,11.35,26.72,1.38
96.18,37.51,0.0,0.92,49.49,5.92,41.49,1.74
46.45,37.5,0.0,2.08,74.95,8.69,39.12,1.41
41.36,37.83,0.0,2.03,66.01,7.24,43.27,1.25
41.08,100.0,0.69,-1.24,50.89,5.98,27.28,1.53
65.42,38.68,0.0,2.0,50.45,4.23,42.1,0.61
67.76,39.25,0.0,1.73,47.66,5.71,30.27,0.0
95.66,36.27,1.31,-2.82,53.65,4.26,29.29,0.4
39.5,37.99,0.0,1.96,48.79,5.75,27.12,1.56
30.03,39.9,0.0,2.3,82.29,8.87,37.64,0.87
75.89,38.12,1.57,-2.93,90.8,11.04,37.44,1.39
82.33,39.49,1.34,-2.66,47.18,5.24,33.47,1.3
88.29,38.56,1.45,-2.74,49.21,4.39,30.85,0.92
89.62,45.6,0.0,2.19,50.3,5.59,37.81,1.36
25.71,36.85,1.86,-3.42,57.88,6.47,45.8,1.55
73.83,38.12,0.0,2.14,49.52,6.46,30.86,0.0
23.9,36.68,1.82,-3.67,51.7,6.12,45.05,1.14
22.69,38.11,0.0,2.36,51.03,7.18,35.21,3.0
45.41,38.11,0.0,2.22,50.06,5.63,34.23,0.0
52.82,37.91,1.51,-2.93,50.99,5.77,37.14,1.47
73.41,38.76,0.0,2.14,69.51,8.44,29.73,1.58
21.09,37.51,1.46,-2.77,48.61,5.77,33.41,1.33
47.18,37.67,1.54,-3.09,50.66,6.36,37.64,1.88
39.37,38.15,1.45,-2.78,47.84,6.1,44.64,0.0
94.8,39.24,0.0,0.9,50.26,6.18,26.31,1.21
85.79,38.07,1.91,-3.52,50.16,6.72,38.38,0.0
86.44,38.62,1.73,-3.34,49.47,6.0,31.57,1.61
